Account ID,Task ID,Subtasks,Finished Subtasks,Quality,Rating,Latitude,Longitude
93,1409,5.0,5.0,0.6063742479376583,0.5,24.264589507240395,55.73984560025039
1266,477,6.0,5.0,0.5622102250351382,0.5,24.197663220580356,55.81915644399519
158,1106,7.0,3.0,0.01014901452747719,0.5,24.345907030531183,55.82548553518822
999,303,4.0,4.0,0.3568277922219492,0.5,24.345091587373396,55.7776629584998
876,908,5.0,2.0,0.01381214331259421,0.5,24.072310705075317,55.703575321890575
121,479,6.0,6.0,0.45870651294038745,0.5,24.329773821395857,55.62581054629457
308,682,5.0,1.0,0.45561900383519854,0.5,24.34258284532553,55.58989448334835
461,1452,5.0,5.0,0.6432269715621048,0.5,24.13739609294256,55.726482121715826
528,458,6.0,5.0,0.4819668898644858,0.5,24.299882447287697,55.73852335235811
172,1413,6.0,6.0,0.5881809148376766,0.5,24.248952169740978,55.630531726904316
1274,313,5.0,3.0,0.6213823647220538,0.5,24.12238923083909,55.898654861567465
988,675,5.0,5.0,0.47765332407804706,0.5,24.3313256460371,55.871631040927156
834,943,6.0,2.0,0.9682905999013318,0.5,24.318594211528037,55.89625488687269
589,56,7.0,5.0,0.5013648558319962,0.5,24.167232979932574,55.607142826010396
700,282,6.0,6.0,0.6180155442797615,0.5,24.145152816152844,55.749904702036915
1146,228,5.0,1.0,0.4310695176537395,0.5,24.10169305572028,55.78186084577621
1010,157,7.0,1.0,0.06702662841511378,0.5,24.279573678977922,55.592235875040686
644,471,5.0,1.0,0.21223921333619614,0.5,24.233769220016182,55.76441064536799
1102,566,4.0,8.0,0.8337824918909641,0.5,24.255375324833704,55.580114450279275
738,189,4.0,1.0,0.5111607897231178,0.5,24.241780186343295,55.74626914341372
482,316,5.0,5.0,0.3103999346309626,0.5,24.08642208992278,55.771297665173094
284,567,5.0,1.0,0.012554974267274038,0.5,24.214093147604427,55.71082040411542
117,1254,7.0,4.0,0.1857386565162734,0.5,24.323508942675716,55.554697605935374
747,785,4.0,1.0,0.8306587397761809,0.5,24.0771265936835,55.5856669866036
271,1490,5.0,5.0,0.5051508142416694,0.5,24.32970863427552,55.75149255195478
428,445,6.0,4.0,0.5034423661381435,0.5,24.339668737293675,55.74466210702724
452,1130,5.0,5.0,0.5528828074601799,0.5,24.274880789724225,55.87382504403708
1292,680,5.0,5.0,0.473666680793874,0.5,24.071447015109676,55.617107301425925
679,71,5.0,1.0,0.01656419299062559,0.5,24.326369311981942,55.791840566892844
1273,1402,4.0,4.0,0.45026226202393,0.5,24.22216023934159,55.88002714133776
713,270,5.0,1.0,0.9905259602946234,0.5,24.13718919403373,55.713609118054556
482,390,5.0,3.0,0.7304563836140062,0.9079969801494772,24.09287129928918,55.77721828266312
1425,677,4.0,2.0,0.216744096351747,0.5,24.34202561310747,55.80444508952415
1177,230,6.0,4.0,0.5306063713461315,0.5,24.108806452981636,55.70141348666289
1331,882,3.0,3.0,0.4950396591193845,0.5,24.28988430747595,55.60646596121296
48,1202,7.0,1.0,0.14102706726362932,0.5,24.118041255772717,55.818656935442476
449,1069,6.0,2.0,0.36980035907571374,0.5,24.104651659355692,55.64236167780052
1023,161,5.0,4.0,0.5342445635033489,0.5,24.316054235639164,55.601270423948286
210,1244,5.0,4.0,0.4930897145178562,0.5,24.13042478320281,55.87049985274274
606,432,5.0,5.0,0.6243903133839276,0.5,24.32288968076966,55.730080696336024
1421,1089,6.0,3.0,0.5687043469096065,0.5,24.19765249357155,55.760644961721276
550,194,6.0,2.0,0.7781369212443764,0.5,24.344808825315848,55.71232292251981
906,618,4.0,4.0,0.515803079777358,0.5,24.147922018322035,55.76650248761556
1472,1067,6.0,5.0,0.09892343615946504,0.5,24.280674508445898,55.679125613774175
744,1198,5.0,3.0,0.0023766641012904935,0.5,24.196126768023994,55.62417169948716
1062,1193,6.0,1.0,0.06018850202464338,0.5,24.08822030684705,55.792008244553216
912,864,6.0,5.0,0.41769132678923804,0.5,24.127336489361497,55.79583314778073
802,1232,5.0,3.0,0.924560962775744,0.5,24.188009333044562,55.587406905269425
519,1062,5.0,1.0,0.7368833007011458,0.5,24.29462907597877,55.77232887538734
270,1317,5.0,3.0,0.48763695117696004,0.5,24.27631867649079,55.560314501007724
635,20,5.0,3.0,0.19324867920708483,0.5,24.228946235115586,55.5908151216282
564,408,6.0,5.0,0.40294463121783175,0.5,24.187095892350793,55.70566411277775
235,12,6.0,3.0,0.1318811963260333,0.5,24.22284617042751,55.63950564230536
95,162,5.0,5.0,0.535856434791305,0.5,24.148932099244096,55.58805388686148
157,138,5.0,5.0,0.6184708137839469,0.5,24.292537442444107,55.8376391603951
687,1368,5.0,5.0,0.378323576365287,0.5,24.108754873195835,55.63768806691109
706,1027,5.0,3.0,0.9902387447078574,0.5,24.213645753955532,55.68288338130262
1003,662,5.0,2.0,0.8357028497258844,0.5,24.302612677815873,55.753158852494366
381,972,6.0,2.0,0.843741054629339,0.5,24.261759613342747,55.8769187255214
508,438,5.0,1.0,0.003925831102077098,0.5,24.239276727661753,55.700459043545905
718,718,5.0,5.0,0.4611717135000207,0.5,24.34267877642982,55.589138509909134
813,474,6.0,5.0,0.4295722393288961,0.5,24.166531675735044,55.857210353466414
61,172,5.0,5.0,0.4285619338945875,0.5,24.121406363650397,55.59924414018453
197,148,4.0,1.0,0.4693947094273627,0.5,24.230107005471602,55.56130136001527
432,11,7.0,4.0,0.360711664888653,0.5,24.19615163987326,55.72348245801507
1067,984,5.0,5.0,0.46947214558726796,0.5,24.156141933910735,55.74176337695501
295,995,4.0,1.0,0.07823390695147557,0.5,24.196940765031698,55.87912286113717
111,315,7.0,7.0,0.47944404328186824,0.5,24.12093781947987,55.74801101611625
979,286,6.0,1.0,0.4731473298097439,0.5,24.264613666579084,55.77339693544561
890,1198,5.0,5.0,0.6289267072469682,0.5,24.155218246864393,55.58638621101209
687,1060,5.0,5.0,0.49437282950788036,0.9906989908290117,24.107755975245386,55.63079357415491
78,133,5.0,4.0,0.5520730275634851,0.5,24.124045731458352,55.575675975398426
1244,358,6.0,1.0,0.02860872108401724,0.5,24.235399733765757,55.58705551548793
602,1049,5.0,3.0,0.9660482600802291,0.5,24.07689217671893,55.88573253466124
1336,1272,7.0,1.0,0.1988219245921042,0.5,24.303978184327487,55.75208198622877
58,741,7.0,3.0,0.460520742209491,0.5,24.2081725860761,55.83795663786767
114,787,5.0,2.0,0.9998832200179134,0.5,24.18514084750255,55.79632292226133
753,1456,7.0,7.0,0.4812512437620009,0.5,24.22993487988048,55.85364558800002
1054,385,6.0,2.0,0.35489343129270634,0.5,24.09657933438213,55.8601704590795
445,1209,5.0,1.0,0.005227708281847519,0.5,24.294281202400974,55.79888906851002
143,1091,6.0,6.0,0.5218508378091377,0.5,24.17786507207214,55.76138137111579
739,487,7.0,5.0,0.43345771388720855,0.5,24.116563882994217,55.87715227766878
1365,896,6.0,6.0,0.385661359651832,0.5,24.125800470644513,55.85165803807632
986,1219,8.0,6.0,0.9987117119027212,0.5,24.146586906408302,55.63921746056641
691,1077,6.0,1.0,0.42740696628755676,0.5,24.079436232356773,55.78363547485256
894,1278,7.0,5.0,0.3447185412684177,0.5,24.217956184791415,55.71748859377081
866,1182,4.0,4.0,0.4678176572854398,0.5,24.188303819014127,55.580378183514625
1345,1186,5.0,4.0,0.5619005477081057,0.5,24.106190137024875,55.76630193927363
125,253,5.0,2.0,0.9984764999305882,0.5,24.291550185027447,55.798374464888475
326,955,4.0,4.0,0.489999421397647,0.5,24.2307963415284,55.83677105663599
755,1421,6.0,2.0,0.03644595188861386,0.5,24.167743243005656,55.89998357062274
1349,1013,5.0,4.0,0.5875155251134379,0.5,24.333673123387797,55.849565084577954
132,1173,7.0,7.0,0.4697968379964766,0.5,24.08476354553002,55.89765623008497
1092,627,6.0,4.0,0.4386121591868343,0.5,24.220103319589793,55.651284945058755
269,954,6.0,1.0,0.07466236321016803,0.5,24.21606973726892,55.80995295349292
1177,263,5.0,5.0,0.5627001183222775,0.6636293564648307,24.102433912966752,55.70410633172014
941,1268,7.0,1.0,0.2633065016682757,0.5,24.137545026775374,55.89961157103158
17,262,5.0,5.0,0.41050031307756296,0.5,24.18793945449546,55.67935124108356
1324,1083,5.0,3.0,0.7526871871548896,0.5,24.13066064964734,55.85216982421566
792,932,7.0,6.0,0.6058030642761452,0.5,24.313702638034407,55.572795308021014
414,357,6.0,5.0,0.32473797453281567,0.5,24.194770223595736,55.62875657811945
1043,388,4.0,4.0,0.6096219076779338,0.5,24.27131584292015,55.59128122242254
1318,571,7.0,2.0,0.4145172832077945,0.5,24.131374338526008,55.87926239478525
706,1038,5.0,6.0,0.7286403058131534,0.13489608416749566,24.222872054027253,55.67636984333929
1446,1242,6.0,2.0,0.36950429084831804,0.5,24.292609756675933,55.7685695466505
667,1223,6.0,2.0,0.05342886480463556,0.5,24.29858530140674,55.67033805941895
1309,212,5.0,2.0,0.062245993085824534,0.5,24.151191455187607,55.82367433305927
462,617,5.0,5.0,0.4426611939553016,0.5,24.199685702157097,55.81822849029496
1376,465,6.0,2.0,0.004500310087907272,0.5,24.236221334893845,55.64355495850602
918,361,7.0,5.0,0.5177802055366347,0.5,24.120811767443595,55.69107711447678
816,451,6.0,6.0,0.39046370775449246,0.5,24.154714652559644,55.64681397641392
923,1497,5.0,1.0,0.09312980236169148,0.5,24.333284582607536,55.74208943408668
0,1132,5.0,1.0,0.4660622084954089,0.5,24.268828810567417,55.842346076830395
897,674,5.0,5.0,0.5143854930976128,0.5,24.12724115601138,55.87850897297183
779,428,5.0,1.0,0.015449619191793933,0.5,24.14009455725857,55.632676812871395
515,253,5.0,5.0,0.6442662798509147,0.5,24.30972033132796,55.8228056088856
344,1320,5.0,1.0,0.9438228373533724,0.5,24.07208548651147,55.69457551851251
386,350,4.0,6.0,0.41556423138321247,0.5,24.161454236963785,55.61104125924165
23,898,5.0,1.0,0.051275953872208464,0.5,24.177993178166634,55.78282206565969
817,203,5.0,4.0,0.3960157753334553,0.5,24.08956596696956,55.8505503256542
805,295,4.0,4.0,0.6474439055117174,0.5,24.089734202206373,55.82000516046374
1038,991,7.0,6.0,0.3722602782205231,0.5,24.07462011973229,55.813849675343235
1076,1289,7.0,5.0,0.21961449961516222,0.5,24.251738182254595,55.563699005546354
250,958,6.0,5.0,0.5151292533586089,0.5,24.263640965590678,55.58714361609044
1309,1146,5.0,1.0,0.9988926928895685,0.06765364124710116,24.146730561912296,55.8232205784003
1031,581,6.0,5.0,0.5027862295395265,0.5,24.11627897208201,55.7803409073151
483,1102,5.0,1.0,0.7540530530277413,0.5,24.1225342340888,55.76620776879216
538,225,6.0,4.0,0.9617635394113188,0.5,24.21355662936223,55.56626746289713
1209,1401,6.0,6.0,0.4961079243784053,0.5,24.254703286726038,55.721894452521106
1409,663,6.0,5.0,0.4856018243330984,0.5,24.157117344386023,55.79154292757779
940,222,5.0,5.0,0.5452484851568495,0.5,24.199648911617256,55.68960611831363
395,1253,4.0,4.0,0.2747195586035547,0.5,24.170007860752584,55.89045108685661
250,691,4.0,4.0,0.4735204231173629,0.8323532508532371,24.260402336502192,55.59094709325814
128,1023,5.0,5.0,0.3670267543351666,0.5,24.299005505370758,55.71134161158527
1361,485,6.0,6.0,0.6399711761836571,0.5,24.205833165589187,55.75870690486722
182,1266,5.0,5.0,0.9834743360790684,0.5,24.213585393111487,55.578888517552706
926,766,4.0,1.0,0.9963000201654375,0.5,24.13095163469611,55.76977409694436
981,1473,3.0,3.0,0.3366930049279048,0.5,24.08163082406161,55.68371854332368
534,900,4.0,1.0,0.08515250113493265,0.5,24.208811868885363,55.63701240580099
603,181,4.0,2.0,0.5172835104043404,0.5,24.191414935552583,55.784733712003664
1101,1125,6.0,6.0,0.5432655858320419,0.5,24.195836705131907,55.823778077463
16,279,7.0,4.0,0.2057962533999363,0.5,24.234868551561046,55.828558646100966
1333,483,7.0,6.0,0.526028442020154,0.5,24.223387456727263,55.559072345296656
452,1051,7.0,4.0,0.3508846687424681,0.9656631572969359,24.27268835902755,55.86632184674803
1435,875,7.0,5.0,0.37958221711554074,0.5,24.320030822732644,55.59263267606106
976,1102,5.0,3.0,0.7835876893274489,0.5,24.117923213379946,55.74303432079399
951,1433,5.0,1.0,0.8885379878293341,0.5,24.184476648692602,55.5865509500694
247,1471,6.0,1.0,0.23180711569007065,0.5,24.251843561712136,55.556794363058984
385,850,6.0,1.0,0.9780817009265076,0.5,24.11041472653201,55.723847137760025
309,1173,7.0,2.0,0.01862941043905113,0.5,24.12378891666857,55.87639158684842
764,632,7.0,4.0,0.723669301634778,0.5,24.191077528696027,55.88020758818473
686,434,7.0,5.0,0.623111141670299,0.5,24.32586763216548,55.78794958976978
972,425,5.0,5.0,0.58618125365507,0.5,24.222344102346653,55.662745776229976
314,327,7.0,2.0,0.7677038910956562,0.5,24.172535510325616,55.66515707088874
1434,869,5.0,4.0,0.4665167313896975,0.5,24.169419916360614,55.63707260959028
783,1384,5.0,1.0,0.5183745385743573,0.5,24.234523434425135,55.60585646254516
57,1147,5.0,5.0,0.5083342412166774,0.5,24.07433554705926,55.611515161286896
722,595,5.0,1.0,0.006363924894332781,0.5,24.075182243229587,55.55258613427693
1091,261,4.0,4.0,0.44991608025795743,0.5,24.07261414457556,55.82120563910362
1128,485,6.0,5.0,0.5534083007953509,0.5,24.239138035974523,55.75943986915996
61,807,5.0,5.0,0.6446218552865521,1.0,24.124071166124633,55.59694166149131
1232,1477,5.0,1.0,0.8750940591977211,0.5,24.171522798902835,55.674081468235364
1499,535,5.0,5.0,0.5382362139561789,0.5,24.17733846069612,55.878491215246086
1305,888,7.0,7.0,0.47374835270226434,0.5,24.146263801066915,55.86987333095653
375,472,5.0,5.0,0.3223103516053969,0.5,24.147987579431877,55.551303686254954
1360,1061,4.0,1.0,0.8487984065245823,0.5,24.110737423644608,55.58783852676127
668,1383,6.0,6.0,0.5647204193647773,0.5,24.22022994706313,55.65184787383964
212,1237,6.0,1.0,0.3285860329063887,0.5,24.121089481154424,55.69452214069691
1049,191,4.0,4.0,0.4672214503591815,0.5,24.11817977003341,55.662435370587666
672,17,6.0,6.0,0.4816794695639184,0.5,24.177790069013664,55.554345382118655
1255,1418,4.0,3.0,0.5798595727916502,0.5,24.228286649445486,55.62247955536863
1350,1156,5.0,1.0,0.9932595704957542,0.5,24.154809715805644,55.80932720204081
223,702,7.0,5.0,0.748760105995315,0.5,24.195545526093778,55.838883294108285
1189,333,6.0,2.0,0.9165929793902418,0.5,24.11146803973663,55.634804148533306
762,133,5.0,2.0,0.04378868447891085,0.5,24.15840868214419,55.587091010174824
1179,553,6.0,5.0,0.5803965192423941,0.5,24.33975300077285,55.86299840759436
447,938,5.0,1.0,0.14435186828232263,0.5,24.10738534885191,55.88610871444374
192,1331,5.0,5.0,0.7200546701798891,0.5,24.23656728103411,55.842586645283
101,1126,6.0,1.0,0.272079847816977,0.5,24.245861074930882,55.866851738589865
238,1376,5.0,5.0,0.4206650440527151,0.5,24.15084119735739,55.71875797462817
724,1394,5.0,5.0,0.4441871946081028,0.5,24.324893593668495,55.857388411401594
438,414,4.0,4.0,0.46428261450787145,0.5,24.157996572968433,55.70076044710153
1271,1416,5.0,5.0,0.5256665376307462,0.5,24.1414577768559,55.569805300476624
903,439,7.0,6.0,0.6504984801179089,0.5,24.281578062940355,55.6291914600922
709,1423,6.0,5.0,0.27806811265717574,0.5,24.16260956203968,55.59460953037907
602,345,7.0,1.0,0.6888584894921076,0.1614334804181392,24.069188886813972,55.876900948119705
763,78,6.0,2.0,0.39841197408527823,0.5,24.32297069871179,55.89321614675457
376,637,6.0,6.0,0.6333465807667444,0.5,24.131019306805825,55.878843122384154
1082,930,3.0,1.0,0.5529717776350813,0.5,24.11524255263645,55.5631474925854
812,554,5.0,4.0,0.2659765574058319,0.5,24.34666146151607,55.770218413151674
1390,85,4.0,1.0,0.8979834665831584,0.5,24.308163363918766,55.68525761506546
512,318,7.0,1.0,0.01148878128642395,0.5,24.33395809897357,55.64324747869365
999,13,6.0,5.0,0.5516963668841379,1.0,24.344449488442102,55.7862265455695
378,1417,5.0,5.0,0.5535164707324985,0.5,24.088468052779646,55.611682879124935
438,666,8.0,5.0,0.40591345755078534,1.0,24.160552612751278,55.69871902497582
1041,579,6.0,6.0,0.5894646958305696,0.5,24.1754399686669,55.61908593964902
1258,449,7.0,3.0,0.19225479683442429,0.5,24.17617459684377,55.860611708389136
427,772,6.0,1.0,0.8899387911225899,0.5,24.23463975640638,55.76251552187595
1124,1383,6.0,5.0,0.533868202613359,0.5,24.23677339944854,55.69457358795186
2,898,5.0,5.0,0.4650697317720355,0.5,24.14469942046518,55.817031876338994
556,1111,6.0,3.0,0.0003130766870152,0.5,24.23347571124848,55.80990746373944
959,955,4.0,2.0,0.1890440936172591,0.5,24.26582111225214,55.84331063296186
688,1074,6.0,6.0,0.5439474079366626,0.5,24.239133796790576,55.66537108407291
1039,1000,4.0,4.0,0.42608477657587757,0.5,24.20185906610505,55.7587817139044
529,387,7.0,1.0,0.849769827808244,0.5,24.129210722959133,55.619450957453736
1377,1271,6.0,2.0,0.8660519893948413,0.5,24.25715130859412,55.843889500934445
547,798,5.0,5.0,0.433091387609543,0.5,24.311913168434707,55.609269531273135
97,705,5.0,5.0,0.5912275078886599,0.5,24.220284352473918,55.739541877260685
1191,781,5.0,5.0,0.4792387668604767,0.5,24.11308099894649,55.64539244753224
656,18,6.0,4.0,0.5193973924105685,0.5,24.269045406931056,55.8808012279602
1349,692,3.0,3.0,0.35283367243644714,0.7455242641949781,24.343442766162543,55.8421318857728
25,1371,6.0,1.0,0.6970439848019776,0.5,24.272746032422297,55.69040197152277
1157,919,6.0,6.0,0.3797698095976633,0.5,24.257104445090018,55.617299704747396
651,28,6.0,3.0,0.5720406877395412,0.5,24.19299014065174,55.7314426082694
625,818,6.0,2.0,0.3715418114267675,0.5,24.242960074127506,55.7457524646731
251,779,6.0,6.0,0.5462692818342306,0.5,24.134855163316757,55.82622423480344
1045,150,4.0,2.0,0.650972786399397,0.5,24.19913089967916,55.66605876985099
963,14,5.0,2.0,0.07263011743805411,0.5,24.27823960685279,55.55774277863152
342,1078,5.0,5.0,0.5844350468650004,0.5,24.090378352596584,55.88750186389496
1115,1305,6.0,5.0,0.503873782695377,0.5,24.21738768374631,55.70226091725267
1462,515,6.0,1.0,0.2566934784661796,0.5,24.20457226392958,55.556651192052335
1096,146,4.0,4.0,0.5672752553329332,0.5,24.12119051361725,55.896641143346095
891,971,6.0,2.0,0.9693534329470607,0.5,24.228409925194967,55.69752815331652
212,238,5.0,3.0,0.942498400641676,0.0846559348439701,24.130531333745743,55.702436718579854
960,1024,7.0,6.0,0.4302617059443635,0.5,24.098264068203406,55.78957011323278
390,1113,7.0,7.0,0.6804596248792131,0.5,24.19498195816879,55.66137974412673
185,666,8.0,6.0,0.4738768556177173,0.5,24.117363645151872,55.667354058791204
778,1358,6.0,4.0,0.5930561406111741,0.5,24.143168311845635,55.79671823816467
718,1498,5.0,5.0,0.5391291349267274,1.0,24.349325119263042,55.58021450847993
1484,1290,5.0,5.0,0.5795033903346907,0.5,24.298958483703274,55.76608087538988
845,1277,5.0,5.0,0.5041046594916104,0.5,24.135831682842017,55.7380124101019
758,844,6.0,2.0,0.09696522826499632,0.5,24.343372106826095,55.76897978392234
622,1176,5.0,2.0,0.9354325097702707,0.5,24.203211337356972,55.82294581931225
836,409,6.0,1.0,0.00073062973356533,0.5,24.0976032282471,55.571980520530786
1434,1492,5.0,5.0,0.540744761768529,1.0,24.16861440354592,55.63247128855904
798,241,6.0,6.0,0.5358514962259249,0.5,24.17892231418076,55.57085950891352
399,495,6.0,1.0,0.20349061218703562,0.5,24.28052833265904,55.7860881721283
665,813,5.0,5.0,0.5504510427716083,0.5,24.242731151149137,55.75726110575216
472,860,3.0,2.0,0.10866137161320259,0.5,24.15996952139094,55.69455154021851
1483,66,6.0,2.0,0.5775338461181351,0.5,24.255413708412746,55.77289652090164
685,1100,4.0,2.0,0.17734390555748344,0.5,24.100819887714465,55.56039353792825
1222,7,6.0,1.0,0.04230160338843358,0.5,24.320321711067308,55.83064136150814
954,1239,5.0,5.0,0.2660672598385061,0.5,24.24438370271325,55.70834008848467
726,388,4.0,4.0,0.4745624996138746,0.5,24.292382225658937,55.59436308977616
35,723,6.0,5.0,0.44020262751185735,0.5,24.292679595263127,55.62298185942965
828,1065,7.0,1.0,0.28634544445363747,0.5,24.32043576680833,55.878244994077725
526,1070,7.0,1.0,0.6666483790161589,0.5,24.10915318839852,55.63345352769073
217,555,7.0,5.0,0.3629368038921923,0.5,24.267505566548753,55.853848006136765
874,1267,5.0,1.0,0.07034719483200726,0.5,24.27720403468223,55.72837554066783
258,1260,7.0,7.0,0.5309782997238891,0.5,24.155269731703783,55.64978232587025
1315,1023,5.0,5.0,0.48177498476770747,0.5,24.245791468063878,55.68904046921372
1074,1105,6.0,4.0,0.48664285374627825,0.5,24.127071819288094,55.66920836586617
633,254,6.0,1.0,0.594054868765753,0.5,24.22887473069385,55.700702710608205
78,680,5.0,4.0,0.4718505680572953,0.7723262246488406,24.12156568323667,55.57791954465071
527,556,7.0,2.0,0.506594221923346,0.5,24.315600132618602,55.68194430771669
586,10,5.0,2.0,0.836606910992071,0.5,24.308922297888504,55.65251060643723
749,682,5.0,5.0,0.5721863394022346,0.5,24.33651038561217,55.59576021400577
1416,960,6.0,3.0,0.3680878615238266,0.5,24.247132234980953,55.72004376254251
425,920,5.0,5.0,0.5025870975053714,0.5,24.16565958535724,55.61213722393376
151,157,7.0,3.0,0.9081155071564524,0.5,24.27187295014509,55.58706257337999
1123,1078,5.0,1.0,0.09149000312413384,0.5,24.109536517887964,55.894045533612484
551,951,7.0,5.0,0.6448650211489587,0.5,24.28262718889745,55.68660647659752
123,1000,4.0,4.0,0.6310135832745429,0.5,24.199083557863904,55.77264045871541
789,316,5.0,2.0,0.46709263106716525,0.5,24.08697088311174,55.83319925595711
1165,572,5.0,4.0,0.525681834577614,0.5,24.084583743037573,55.60667905290064
1482,1042,4.0,1.0,0.9826808309892008,0.5,24.224619132628973,55.69896958342712
979,66,6.0,2.0,0.41434336435764685,0.4127322036106177,24.259290014911063,55.77553787040296
548,135,5.0,5.0,0.4686824496493648,0.5,24.175838187924086,55.87064358038158
1064,115,5.0,1.0,0.3821702136745772,0.5,24.34506155444434,55.56418597432229
1079,1330,6.0,2.0,0.07208382873762906,0.5,24.340123638319046,55.88000158448635
268,22,6.0,1.0,0.030500355373543214,0.5,24.106883429384588,55.77559416002288
1025,98,5.0,1.0,0.2623716803045236,0.5,24.307509189358147,55.8793418873736
370,992,5.0,5.0,0.4718615257885722,0.5,24.115586605290993,55.56086914124938
933,888,7.0,1.0,0.9646539849492323,0.5,24.16625839091629,55.88791156629746
99,1054,7.0,5.0,0.4233989525225628,0.5,24.255389245824023,55.82202582088105
446,494,7.0,6.0,0.5799852055157316,0.5,24.34426901276339,55.78438392477465
316,1249,5.0,1.0,0.3830330038067162,0.5,24.27192907426075,55.69336614643094
516,834,6.0,1.0,0.7097604066329133,0.5,24.12766328173026,55.72094649161507
467,760,4.0,4.0,0.40067193265394496,0.5,24.258235468081512,55.63788629254415
638,604,7.0,5.0,0.5091206223502289,0.5,24.24736114711392,55.6179560968465
1235,823,6.0,5.0,0.9874873241031306,0.5,24.104214342654593,55.700464286575624
1262,863,5.0,1.0,0.9917974393222291,0.5,24.200719116852504,55.71179492431098
788,967,5.0,5.0,0.36262978464755447,0.5,24.079857202180488,55.65633701377071
1132,1114,5.0,5.0,0.20055849990439495,0.5,24.083460232151005,55.73469988631578
1043,826,6.0,6.0,0.616439865804957,0.9202171016054527,24.26845260255089,55.590673940703475
183,552,5.0,5.0,0.6389991570280309,0.5,24.080192033927784,55.76169745671535
1007,124,6.0,3.0,0.9841689888439241,0.5,24.18343769732478,55.5917583420191
731,85,4.0,1.0,0.005613129149758793,0.5,24.33630710405709,55.717412928723
52,863,5.0,4.0,0.14207684056372819,0.5,24.180305000696006,55.65759636954783
1334,343,5.0,1.0,0.8975061771012887,0.5,24.26773317538706,55.625853539664455
749,743,7.0,5.0,0.49145603193367277,0.9702344972531685,24.337105177634992,55.599948377341526
1081,278,6.0,5.0,0.3568736442908286,0.5,24.312347790749374,55.809885814532066
350,439,7.0,1.0,0.0762946829990089,0.5,24.315383524599646,55.65705016225135
982,904,6.0,6.0,0.489007534359923,0.5,24.071842465105828,55.829723984352114
420,1262,6.0,1.0,0.11482836843667682,0.5,24.210243050300132,55.88330663132286
496,292,6.0,1.0,0.10264354479640925,0.5,24.30435380300621,55.78344573319332
1296,1437,5.0,5.0,0.19422512537866607,0.5,24.314172969339964,55.651247493332164
643,1002,6.0,5.0,0.5995787413468906,0.5,24.149709899506867,55.71646088922938
158,42,5.0,1.0,0.879882176910376,0.12886339009609893,24.339711300532713,55.82665644476713
603,720,5.0,1.0,0.008875060100210993,0.7370988192858849,24.197217466884783,55.77723413422311
1236,1372,7.0,7.0,0.49017017113729017,0.5,24.27600049103956,55.75554508116977
761,355,4.0,4.0,0.4570086686246535,0.5,24.198523346455808,55.892307946405204
678,420,5.0,3.0,0.2571646385442244,0.5,24.305901050291606,55.894519187290975
882,448,7.0,6.0,0.7278146869177867,0.5,24.17393331798966,55.66136235916656
867,911,6.0,5.0,0.5279432577417622,0.5,24.11125256207215,55.785967192839976
960,136,7.0,6.0,0.6278098281896789,1.0,24.089986831495626,55.796077870517465
377,1440,6.0,6.0,0.5540854321422632,0.5,24.209358946652344,55.58108154982883
736,1454,5.0,1.0,0.15930314948521168,0.5,24.219575216696175,55.870726236321495
1121,1115,6.0,6.0,0.36282764419779645,0.5,24.228644421374554,55.83657840362854
592,161,5.0,1.0,0.21480239105727417,0.5,24.29144520930466,55.66086990140118
220,745,5.0,6.0,0.10829222076897574,0.5,24.310593119987285,55.56516008922056
851,678,6.0,1.0,0.6917884503158084,0.5,24.216256778855964,55.815891588426574
1236,705,5.0,5.0,0.5125680708392978,1.0,24.2771202537581,55.764782976607634
1016,864,6.0,5.0,0.6922107589971183,0.5,24.106375486283962,55.81491100203513
941,1170,6.0,1.0,0.9762896745899106,0.009448319660184057,24.13767266151815,55.90163365914288
285,280,5.0,5.0,0.4506867960622874,0.5,24.266606139111158,55.55210150173285
1393,84,6.0,6.0,0.41981679676410577,0.5,24.280075386200764,55.648556124208696
285,9,4.0,4.0,0.536190990789205,1.0,24.270413248669186,55.55865358006237
494,498,5.0,5.0,0.5263621312133213,0.5,24.291194613915927,55.6856222878973
121,407,7.0,5.0,0.44278865940541984,0.9420924421121919,24.3297489798115,55.61909109555702
1355,1352,4.0,2.0,0.008108232188636494,0.5,24.289258374453674,55.899707204112936
950,1421,6.0,5.0,0.64048672141617,0.5,24.210911221205347,55.8496939528215
1048,891,4.0,2.0,0.7697351547293202,0.5,24.17814153326419,55.59596394183007
1059,695,6.0,1.0,0.10974960532624854,0.5,24.311613435329665,55.68567725800714
949,638,7.0,2.0,0.5659066542016811,0.5,24.18370655891993,55.661477897848414
180,163,7.0,1.0,0.6841718249135202,0.5,24.13850946434018,55.818472244775954
620,693,4.0,2.0,0.6927897800230342,0.5,24.072343720901834,55.86415159213098
1129,1434,7.0,5.0,0.6031401819795522,0.5,24.32298955615448,55.65929617534025
591,141,8.0,3.0,0.9997343400451425,0.5,24.08738036495666,55.80643631114404
118,1194,5.0,5.0,0.4093781576888722,0.5,24.19040987972973,55.82309700069062
912,1094,8.0,6.0,0.5369698412883129,1.0,24.127422407189812,55.78969777395438
1374,1374,4.0,4.0,0.4633680607993791,0.5,24.166205345434804,55.868777686876875
47,1244,5.0,5.0,0.45084249169374196,0.5,24.091398119410698,55.828161619953015
458,228,5.0,5.0,0.4607149841493488,0.5,24.0795773045967,55.79479895067224
153,1298,5.0,1.0,0.5691447953875906,0.5,24.08388989167097,55.88663999556127
1234,50,4.0,6.0,0.9867944862873474,0.5,24.20192567958038,55.64858350792645
1479,378,3.0,3.0,0.3740473487971734,0.5,24.342811738471838,55.61084874821838
748,532,3.0,1.0,0.6935414305311988,0.5,24.13498557619931,55.58325708383258
330,667,7.0,2.0,0.05162349317595009,0.5,24.093656902825785,55.64440179729967
1346,7,6.0,1.0,0.44751928285933845,0.5,24.3019685640679,55.85656288877967
1298,174,6.0,3.0,0.9999999690915838,0.5,24.239341596697034,55.73791659992064
657,824,5.0,5.0,0.5443686415273263,0.5,24.3250132102231,55.88201326345566
359,60,7.0,3.0,0.6599806308742239,0.5,24.34904542970567,55.75718188817974
76,1087,5.0,1.0,0.41043080964797957,0.5,24.099555605736004,55.6438726813999
1488,909,5.0,1.0,0.9134426206205211,0.5,24.173238786467873,55.850655514745476
599,371,5.0,5.0,0.4985116565138,0.5,24.204254248891193,55.70746471680797
396,800,6.0,1.0,0.00038904755812751247,0.5,24.079793948974654,55.66959441776855
680,673,5.0,5.0,0.46084984670737494,0.5,24.101500724893402,55.70401182867273
811,505,6.0,1.0,0.15851547713337935,0.5,24.19642423547084,55.57467414635005
188,680,5.0,5.0,0.53911417148212,0.5,24.10024567808746,55.61206734067437
646,124,6.0,1.0,0.5690366177659579,0.5,24.19221436847964,55.60892543343906
571,603,6.0,2.0,0.1796517296227271,0.5,24.183380544714513,55.816646026106795
334,516,6.0,3.0,0.3396499026545603,0.5,24.25370322102866,55.880216954892276
1489,1000,4.0,1.0,0.8996498483608211,0.5,24.176258219497036,55.78987322910483
468,1456,7.0,5.0,0.5113032489238379,0.5,24.22503864076762,55.87464372344409
1191,1201,5.0,5.0,0.5199985090271265,1.0,24.116777355065775,55.65220642733229
411,249,6.0,3.0,0.6450709390041001,0.5,24.072258976726015,55.726251357947476
902,633,5.0,5.0,0.43282799373733216,0.5,24.297103062794722,55.85175154240155
1082,213,5.0,5.0,0.7586703872001646,0.3255508843819553,24.120166691016642,55.5537528335807
681,190,7.0,6.0,0.4933285192354188,0.5,24.24515982538794,55.898862318980036
338,1262,6.0,6.0,0.36419134137085846,0.5,24.1472364938523,55.8652149052052
304,184,4.0,4.0,0.4359355680690927,0.5,24.08270513593834,55.67294286382854
662,1396,6.0,6.0,0.45403531117560314,0.5,24.171007055628312,55.629756832010976
1409,1358,6.0,6.0,0.6618391349330996,1.0,24.161034786054593,55.79959369124286
258,421,5.0,5.0,0.6076709063295499,1.0,24.160978868695985,55.65734861179691
1330,960,6.0,6.0,0.5861244051652514,0.5,24.252644759238645,55.71908573489943
11,536,4.0,4.0,0.33611461984804625,0.5,24.115398470420242,55.64606702030856
965,289,7.0,4.0,0.37671597963795866,0.5,24.09776382715581,55.85774316987779
1330,1305,6.0,6.0,0.7332121880020072,0.9621328069480926,24.2477580225777,55.71806233924369
685,1233,6.0,2.0,0.6962568511640558,0.2589853689061964,24.105931084520286,55.55270682768793
1291,839,5.0,5.0,0.33985953372390565,0.5,24.12341059243018,55.85693915601781
1105,1019,5.0,5.0,0.5169397349381386,0.5,24.25702803524689,55.872501186040886
203,752,5.0,4.0,0.01192925162999527,0.5,24.312521809675776,55.58859262655899
1403,1324,6.0,5.0,0.5732918872207384,0.5,24.31981493029613,55.838964080629275
1080,684,4.0,4.0,0.4245903493547616,0.5,24.100851044619866,55.81651040237263
458,1359,6.0,4.0,0.44834394644351866,1.0,24.076941810642996,55.79385112108875
1490,1004,6.0,1.0,5.31238517356739e-05,0.5,24.084597525401325,55.86750026262791
745,1087,5.0,5.0,0.4629318508946344,0.5,24.07266164293323,55.64402649648339
523,1252,5.0,4.0,0.4706105701848092,0.5,24.21814852054402,55.8596762392789
1219,909,5.0,5.0,0.5814570885261345,0.5,24.112008794490915,55.819653082722645
810,1368,5.0,2.0,0.0008647027713555227,0.5,24.181421519658176,55.66347587074564
1279,655,7.0,5.0,0.4582258696260086,0.5,24.340934185566713,55.6645979142976
1214,597,4.0,4.0,0.44248610911299563,0.5,24.218179988590204,55.56620227838557
503,1304,5.0,4.0,0.3322762972638744,0.5,24.165250363896252,55.69347909772519
6,810,5.0,5.0,0.5377044368834605,0.5,24.32614816435422,55.80132346048873
520,779,6.0,6.0,0.441830043945693,0.5,24.148219860527,55.830506005928484
1143,463,5.0,5.0,0.5243240990877583,0.5,24.349616078084317,55.806581048620416
600,730,4.0,1.0,0.9595759535740033,0.5,24.106243600088202,55.692544387606276
675,860,3.0,1.0,0.9349724306735414,0.5,24.10501338396389,55.69097743515059
598,1354,6.0,1.0,0.6981785550861249,0.5,24.204967053234228,55.75612549152198
1399,2,4.0,1.0,0.907173228613468,0.5,24.114773046243336,55.87463382849822
140,97,5.0,1.0,0.7009424947519511,0.5,24.299716552838614,55.66482865291278
735,1434,7.0,1.0,0.9988159161055425,0.5,24.280364223385988,55.65292167304871
1233,1499,4.0,4.0,0.3787541883209724,0.5,24.17936479817032,55.808302926333276
986,441,6.0,2.0,0.00017596563177736877,0.28248825627028706,24.141388638585887,55.636509874091715
705,13,6.0,6.0,0.28201949044557784,0.5,24.307551742912676,55.77626979137623
283,1062,5.0,3.0,0.0001774114569671807,0.5,24.31372031689709,55.75123799970925
211,926,4.0,2.0,0.09336700170757863,0.5,24.170983655980407,55.61288531621728
535,809,7.0,1.0,0.05169953123895729,0.5,24.338030099536912,55.62723365984556
636,529,6.0,3.0,0.8866927377589597,0.5,24.237625044584828,55.74943862359801
515,144,6.0,5.0,0.611590012270505,0.8702917355749313,24.31422476819495,55.81517385630609
504,642,4.0,1.0,0.9807461014584139,0.5,24.175454924458098,55.80806534067615
1433,927,5.0,5.0,0.6480368730381642,0.5,24.321414852697963,55.58673863287691
318,732,5.0,4.0,0.4306060088008614,0.5,24.2643017818274,55.577344582348886
1382,421,5.0,5.0,0.4502285419977051,0.5,24.20204802294346,55.68248042937074
16,1316,3.0,2.0,0.3301083869730277,0.3782802733845362,24.233392642917707,55.82681167168692
1052,774,5.0,1.0,0.10683465202498024,0.5,24.245507335606185,55.745698870642
150,703,4.0,4.0,0.3479899301052103,0.5,24.34415866410554,55.740841357836366
1472,234,3.0,1.0,0.27456029329949955,0.5315066270055083,24.277120697330545,55.68812198096878
229,747,6.0,1.0,0.6934431873378859,0.5,24.159404425504157,55.74479121850208
878,11,7.0,6.0,0.5665396207595247,0.5,24.1791318188351,55.684068579619286
1207,101,8.0,6.0,0.4984191088553785,0.5,24.12920552966057,55.57545557477437
1461,1313,6.0,5.0,0.5415851043505199,0.5,24.114208414609656,55.797502620220676
157,284,5.0,5.0,0.4467786448204567,0.8971076259124819,24.293030498583825,55.83194502671869
416,596,7.0,1.0,0.8576701220554259,0.5,24.299247662088202,55.5753535332562
1131,1327,5.0,1.0,0.6448346933527738,0.5,24.201244702868312,55.81673155115672
788,188,5.0,5.0,0.580632062156922,0.9426651630939508,24.088290678476394,55.656413113534356
116,1070,7.0,3.0,0.1979313157625771,0.5,24.13555111817809,55.63826716563247
1372,155,6.0,3.0,0.189682876555514,0.5,24.269106987379875,55.79037424631978
501,661,5.0,3.0,0.9998532972406518,0.5,24.163842618740542,55.7678863354522
414,543,6.0,6.0,0.3289556054117643,0.7582154663510929,24.189647013317156,55.63175919482193
533,669,7.0,6.0,0.4045270025268189,0.5,24.230467022127673,55.751571387147024
988,1124,6.0,5.0,0.5481433557749403,1.0,24.338717376008688,55.880296912649364
1027,1042,4.0,8.0,0.8520311550280707,0.5,24.2124942897364,55.708666848919606
459,632,7.0,1.0,0.9040373836522343,0.5,24.226602840733563,55.88747531197776
890,842,7.0,5.0,0.5836396258704664,0.8945484094064704,24.145563115740252,55.5829504377911
210,136,7.0,6.0,0.4507190355388005,1.0,24.12395828280068,55.87097927439253
1307,838,7.0,4.0,0.4332182477783289,0.5,24.260107585619668,55.70258836202662
176,939,6.0,5.0,0.43211813607709065,0.5,24.222357121439988,55.798332024993144
894,686,7.0,5.0,0.5389307482670994,0.6610740119321037,24.219936624561555,55.72583422228825
1200,795,6.0,4.0,0.639718539409722,0.5,24.266283103041857,55.765174714324445
99,1172,6.0,6.0,0.35999724357655083,0.9502646564487207,24.251128156182155,55.82982190762546
1243,1152,6.0,6.0,0.365299458794087,0.5,24.259666134142055,55.84713814825263
1111,361,7.0,5.0,0.3641593966413763,0.5,24.12310506343671,55.685368432683724
774,74,6.0,6.0,0.6122432237976767,0.5,24.333605961656705,55.884045385699395
259,952,7.0,2.0,0.07668923810383921,0.5,24.31149879360246,55.631202844176876
1122,1231,4.0,1.0,0.024044098678925742,0.5,24.15432513944577,55.722975794510454
741,622,6.0,6.0,0.45522097788363813,0.5,24.25187180065233,55.617903704301234
207,567,5.0,1.0,0.31774047397316124,0.5,24.194529759451335,55.62789858104217
725,1335,8.0,1.0,0.8078879887632983,0.5,24.272522329604403,55.61023641206591
532,989,4.0,1.0,0.9860577702042335,0.5,24.328747755978995,55.62224385967401
799,411,6.0,6.0,0.44195639490335414,0.5,24.292113841954336,55.87990242908629
1341,1345,5.0,4.0,0.9947784908941076,0.5,24.323225279781763,55.78744977787429
1276,1480,4.0,4.0,0.686962571781159,0.5,24.07291730698435,55.68565547362317
1103,1412,6.0,1.0,0.5401945355372549,0.5,24.158631688914433,55.813632368179526
171,1295,6.0,6.0,0.47501317974285207,0.5,24.290188548554895,55.68500375572482
749,498,5.0,4.0,0.30895887583320564,1.0,24.333398795614634,55.609315408147765
673,1407,6.0,6.0,0.47107370864485343,0.5,24.201185819437406,55.6555670325513
1252,1070,7.0,6.0,0.569597387441586,0.5,24.175932607551985,55.64121067873926
122,53,5.0,5.0,0.3064122674458974,0.5,24.306154662178344,55.686111982955744
1381,947,6.0,4.0,0.047419389064046275,0.5,24.345827380940797,55.82600651353161
1319,267,6.0,5.0,0.5945098879508021,0.5,24.343285574613688,55.832480546043094
42,661,5.0,5.0,0.6464060400271381,0.5,24.202371989088174,55.7649021483074
672,842,7.0,5.0,0.3608926426733692,1.0,24.178849457737115,55.54866156179654
957,238,5.0,3.0,0.39701399148981065,0.5,24.128341188785093,55.68146529180553
209,517,6.0,5.0,0.6047226726405578,0.5,24.151651879949068,55.78508066038336
1159,1267,5.0,1.0,0.767778754261692,0.5,24.26394911306339,55.74448754601852
973,1311,5.0,5.0,0.5117975757154798,0.5,24.338590584111284,55.84933032190408
797,1263,6.0,6.0,0.49765162498116394,0.5,24.302484600570097,55.70414784929263
1274,1286,5.0,1.0,0.4885643343434088,0.47153625572633306,24.132026728903185,55.893130685288206
734,1227,6.0,6.0,0.6442682039698714,0.5,24.246482626815247,55.84993224693534
1152,1077,6.0,1.0,0.9596009947337059,0.5,24.089494284036228,55.836232419466214
880,483,7.0,5.0,0.43683411206745687,0.5,24.180602516884196,55.58845382459251
639,832,7.0,3.0,0.4064048907479037,0.5,24.14540068950775,55.57063603751166
492,1259,4.0,1.0,0.007700371890563744,0.5,24.18837016223974,55.811893251847394
225,358,6.0,1.0,0.9754455593735735,0.5,24.229198021636957,55.60861510829999
1279,1414,9.0,6.0,0.7072056804771956,0.9584815371115923,24.33874569579677,55.656614812924346
502,820,7.0,6.0,0.5983639148609102,0.5,24.231427929659986,55.71845590607583
1247,151,6.0,6.0,0.2581017303045021,0.5,24.19136346802692,55.77793593148294
1470,909,5.0,5.0,0.5882537274686265,0.5,24.16143802866576,55.78671245223037
46,405,6.0,1.0,0.4248845979048401,0.5,24.285093288801818,55.707270311613485
629,528,7.0,2.0,0.02768610898350352,0.5,24.142589286990464,55.83640125500042
25,1166,5.0,1.0,0.8379377478605959,0.015704658166949548,24.274095257157164,55.687308053815784
0,1345,5.0,10.0,0.9607301621238101,0.4464074724253219,24.272937363992344,55.84082903963947
1477,822,4.0,1.0,0.9901437777554315,0.5,24.149530718267503,55.78627071426695
316,1437,5.0,2.0,0.025797413783889018,0.16653370407317747,24.275507599271194,55.698553336282096
1371,361,7.0,1.0,0.8547624757040513,0.5,24.175131784752114,55.66911892743332
6,199,6.0,6.0,0.47458774045015656,1.0,24.316747805458977,55.80230758572555
1008,305,4.0,4.0,0.5412987938577619,0.5,24.244913471560167,55.638825517495974
1463,597,4.0,4.0,0.14815624779616243,0.5,24.21213518543622,55.55134978657607
1343,442,5.0,2.0,0.0035603440038860434,0.5,24.267169176663472,55.782162116129925
1295,218,5.0,5.0,0.6894361244987114,0.5,24.215153008340494,55.73850905288232
549,814,5.0,5.0,0.8975168024242999,0.5,24.076478384538827,55.77882989402343
1108,764,7.0,1.0,0.14439313283880473,0.5,24.158888319719306,55.81056755210107
216,1310,6.0,6.0,0.5223422611934739,0.5,24.339911269533825,55.79238043922515
151,426,4.0,1.0,0.022072457429979823,0.06419735307745728,24.27329710456073,55.594114375671076
1141,1231,4.0,4.0,0.579451278167588,0.5,24.148627004640826,55.66347232909863
781,1248,6.0,1.0,0.10281965063675343,0.5,24.339218071764858,55.65844541162879
1105,1468,5.0,5.0,0.5263522346195036,1.0,24.26318634786501,55.868234745206
763,1462,5.0,1.0,0.8331296313873838,0.31643649506930394,24.327782426104033,55.89930816091419
307,1295,6.0,6.0,0.43912472859408064,0.5,24.2668155331395,55.70490988020533
1,1076,6.0,1.0,0.9800492119138231,0.5,24.10781030584517,55.771875870319015
1251,679,8.0,2.0,0.07884314956988898,0.5,24.096515862302127,55.82295611868249
642,1338,6.0,1.0,0.5138978033961973,0.5,24.218410587035628,55.86431314668327
1191,580,5.0,5.0,0.3830732394851186,1.0,24.121371016748817,55.65951876867588
1220,49,6.0,5.0,0.692053090180666,0.5,24.153821250644768,55.78725719750275
558,909,5.0,1.0,0.9924603775763899,0.5,24.14806109585822,55.827664376689775
60,1097,6.0,2.0,0.07676028403997584,0.5,24.139478265888968,55.67347915599644
915,1434,7.0,6.0,0.24200273576777298,0.5,24.273120932292393,55.70822604946099
361,1029,6.0,5.0,0.5603901597487572,0.5,24.252458180769093,55.63257216496334
695,56,7.0,6.0,0.987213590383306,0.5,24.189571822778852,55.662173194151514
188,942,6.0,5.0,0.4472190352100712,1.0,24.107389710573226,55.60722247233345
1104,671,4.0,4.0,0.6543346684988187,0.5,24.113607003969722,55.57796195905603
1115,1435,6.0,5.0,0.45046007778755454,1.0,24.21213731454579,55.711203063432016
1395,1304,5.0,1.0,0.7653015917325111,0.5,24.23142059071995,55.71483811005008
388,1200,5.0,5.0,0.4775995872039987,0.5,24.308425128146325,55.85142274487912
1332,308,4.0,4.0,0.37117170612181494,0.5,24.075947550348197,55.786098934723164
1240,306,7.0,4.0,0.6071149519671774,0.5,24.271166091435383,55.78035128950688
83,338,3.0,3.0,0.5169223261579518,0.5,24.31883605990483,55.83756817495593
324,895,3.0,2.0,0.5987325720698011,0.5,24.193624626403103,55.565817907639534
310,1317,5.0,5.0,0.5530999137004373,0.5,24.27729297549623,55.58076952138363
1014,94,6.0,5.0,0.5660516170006562,0.5,24.27789831260138,55.81244506809522
1120,1254,7.0,7.0,0.47763304812958723,0.5,24.321405993279104,55.58133199700301
1382,254,6.0,6.0,0.42476952914228383,1.0,24.195751940996832,55.67275399511274
1076,397,5.0,5.0,0.4177552679837433,0.5492066032860258,24.248862877238036,55.56881354225108
1131,840,6.0,6.0,0.015730768907401275,0.1034185668839363,24.205803360553123,55.81209885157162
977,1191,5.0,5.0,0.5889330029822881,0.5,24.2693146132108,55.75750586977481
422,400,4.0,4.0,0.6022892787098912,0.5,24.210296997625242,55.631843613141115
1473,933,6.0,1.0,0.4056801036158586,0.5,24.32146928195701,55.84598953860106
851,1152,6.0,3.0,0.12592429637573968,0.015780323057671297,24.210427674494003,55.81426834263575
157,1484,6.0,4.0,0.5841571727513304,1.0,24.29080878462612,55.836028646201925
1315,405,6.0,6.0,0.5653491978252123,1.0,24.238686100843474,55.691923687301646
992,235,4.0,4.0,0.4789145103421844,0.5,24.124037778379954,55.70913588775142
1227,686,7.0,1.0,0.02205718950543794,0.5,24.24677146350511,55.73831338026584
1463,1011,6.0,5.0,0.5361637329296245,0.7237092938076748,24.209183672966912,55.55015782617536
513,1473,3.0,3.0,0.2833630219398876,0.5,24.072696302014254,55.68054960313701
1095,540,5.0,5.0,0.5616146497520758,0.5,24.249841608835002,55.58808613952735
718,1123,6.0,6.0,0.3877762307055683,1.0,24.351782751121387,55.583052239733036
1424,1003,3.0,1.0,0.010218507539467226,0.5,24.19840204892573,55.78194159386462
821,1348,4.0,2.0,0.9130562990329593,0.5,24.213871984679926,55.783217107501045
246,1299,4.0,1.0,0.33191929966361206,0.5,24.1795368288193,55.854747109243185
312,72,6.0,5.0,0.5282562839863276,0.5,24.188619342523385,55.81055554010706
454,1235,7.0,4.0,0.5329261069294831,0.5,24.24638074009233,55.57173834524831
919,1395,5.0,2.0,0.0011002065497453567,0.5,24.124830245664,55.61422281257045
522,86,6.0,3.0,0.9630501920755243,0.5,24.317593006606007,55.5763868666325
189,138,5.0,5.0,0.4737286043897454,0.5,24.288776052346922,55.87040401317299
979,1132,5.0,2.0,0.8426849115600262,0.2409849978917858,24.25145100089629,55.77474563310902
166,945,5.0,1.0,0.01465617698287873,0.5,24.136656995928146,55.88247617681783
1236,277,3.0,3.0,0.6163676416658247,1.0,24.279751938438995,55.76875325416417
597,448,7.0,2.0,0.6520962888535622,0.5,24.197062385276432,55.632677464243535
191,1014,4.0,4.0,0.3664507329259724,0.5,24.27862498520526,55.71100329030411
741,699,7.0,6.0,0.3520067045448847,1.0,24.254661443661238,55.61336831116409
477,758,6.0,6.0,0.5595899173144975,0.5,24.279798572712334,55.832752812499734
1179,503,7.0,6.0,0.5138131466377805,0.7998057375017467,24.347926814666344,55.86897584009076
870,1290,5.0,5.0,0.02615348383271433,0.5,24.328883945420156,55.71732247988196
1143,1088,4.0,4.0,0.3357595314319757,1.0,24.343138478573845,55.79911286343003
592,398,6.0,1.0,0.5580984238518318,0.0015371408374980633,24.292915433262845,55.657017695115954
1354,206,7.0,7.0,0.5386613927861044,0.5,24.24342806162724,55.69730389010215
689,1038,5.0,5.0,0.5037998559361969,0.5,24.196748781121208,55.63895731550963
641,500,5.0,5.0,0.4739500664709168,0.5,24.102948691856245,55.79827453650424
238,706,4.0,4.0,0.4960299375363942,1.0,24.15910134953419,55.716996476347006
943,528,7.0,5.0,0.5760363903530056,0.5,24.09832064454284,55.83191817690731
414,150,4.0,4.0,0.5503675129013702,1.0,24.18518742524453,55.62239972162626
1112,1075,6.0,1.0,0.01136179950773085,0.5,24.21189132646616,55.62909477527372
1475,214,5.0,1.0,0.45237937380722176,0.5,24.13141525082692,55.734750557073795
1464,453,5.0,1.0,0.5921636376705421,0.5,24.235422023480947,55.72108350372519
1011,1229,7.0,1.0,0.003997585119470752,0.5,24.11019250083682,55.75815592974508
223,583,5.0,5.0,0.643151603125937,0.5113214062770751,24.197957219555356,55.83296391105171
1203,643,7.0,3.0,0.9829871814521154,0.5,24.13995708764156,55.749616639497326
1335,138,5.0,3.0,0.5833513946519101,0.5,24.25211641277702,55.89406663370389
439,641,4.0,1.0,0.16241076033353416,0.5,24.08019893939218,55.884891557291574
521,607,6.0,1.0,0.2977776269084008,0.5,24.21986593961341,55.87723887936401
1202,1040,6.0,5.0,0.3963707968413379,0.5,24.247727072408377,55.630455027463896
1163,1095,4.0,1.0,0.8876017578415283,0.5,24.348719064061463,55.87143733043057
449,612,5.0,4.0,0.9264269865012483,0.3145470893282171,24.10989403593829,55.64494537799555
280,1285,6.0,1.0,0.006144154832944487,0.5,24.304290753585708,55.64400240416087
305,882,3.0,2.0,0.6414586539960462,0.5,24.28291815546347,55.571144602892
1414,301,6.0,1.0,0.2787863095598201,0.5,24.322260572680563,55.66885349627385
1330,1326,4.0,4.0,0.4448931987219029,1.0,24.254174559587934,55.726560318983005
500,1057,6.0,1.0,0.9984541410554105,0.5,24.115447366892532,55.61663296058711
517,1206,6.0,5.0,0.42389234107375207,0.5,24.11867766429448,55.557075698685765
286,414,4.0,4.0,0.6010054769335319,0.5,24.12777989734041,55.66975037088619
723,640,7.0,2.0,0.213242863479076,0.5,24.335086175972748,55.809762696225086
222,431,3.0,3.0,0.9412708715671169,0.5,24.179883326682944,55.55955149775874
1018,218,5.0,5.0,0.3728089436673965,0.5,24.27014613910552,55.73083260726187
138,469,4.0,1.0,0.9490926947909957,0.5,24.121388842481615,55.82791608989484
852,977,5.0,4.0,0.9302464977495094,0.5,24.118011742203677,55.886434821080655
615,1038,5.0,1.0,0.8975224358168319,0.5,24.246673200495614,55.6345647594018
773,628,5.0,5.0,0.39664188927406985,0.5,24.331271511238366,55.6326745621676
948,895,3.0,1.0,0.04727917908375981,0.5,24.136200127784694,55.565556883377646
1265,257,6.0,6.0,0.5678493392838422,0.5,24.317487362594687,55.65937557015472
1361,1000,4.0,4.0,0.3542210442831841,0.8856702471582347,24.20007234979266,55.76506698244812
171,318,7.0,5.0,0.2596601836849971,1.0,24.286125180591174,55.67588340005609
170,1449,7.0,1.0,0.5985660346969668,0.5,24.146590272440687,55.79345794859689
335,52,4.0,1.0,0.9884720341805793,0.5,24.254757501768264,55.8171061338697
507,1366,4.0,1.0,0.9383398101696296,0.5,24.182973100406105,55.5584472456241
703,448,7.0,1.0,0.19345895815123262,0.5,24.18930216317534,55.68810897556966
55,718,5.0,4.0,0.5348618926243716,0.5,24.336024694560713,55.59309414597244
1419,259,5.0,5.0,0.2900203840399084,0.5,24.349136267599736,55.71616679084801
594,1392,4.0,1.0,0.19967054913069873,0.5,24.086369982312977,55.876301825472886
406,658,6.0,2.0,0.2414039382497169,0.5,24.29371513197908,55.86509300936525
562,479,6.0,2.0,0.48638623580953494,0.5,24.321138185377567,55.614468950707625
652,1011,6.0,4.0,0.4233910045224278,0.5,24.21405225368212,55.5626539574261
22,273,6.0,6.0,0.44115822587638115,0.5,24.255774527316692,55.878610420453555
407,253,5.0,5.0,0.5346638545041364,0.5,24.301676715968107,55.78866381204635
603,1094,8.0,1.0,0.035714958787021245,0.03193072820830767,24.20541195680643,55.785084599012876
638,709,4.0,4.0,0.4625970859889332,0.9570416718547261,24.251215632332276,55.61977340054865
1435,605,4.0,4.0,0.5014400150548839,0.6952602279808278,24.311458285638896,55.58410631238088
1085,536,4.0,4.0,0.3827963682608454,0.5,24.111288014040294,55.620297029382186
913,922,3.0,3.0,0.589259950351954,0.5,24.169927860147922,55.70773062040781
550,171,6.0,1.0,0.11838922078360968,0.08654342292626643,24.34701531633269,55.71093369358796
1179,420,5.0,5.0,0.48531962000845585,1.0,24.340143012265035,55.85933188951937
688,829,6.0,6.0,0.6323380233570697,0.9983534438460351,24.22989587970481,55.66150812443929
1073,908,5.0,5.0,0.49881925380057307,0.5,24.130032477009653,55.697477282827826
1065,694,7.0,5.0,0.6770641859805548,0.5,24.271345651917187,55.75145147801778
903,1040,6.0,4.0,0.4983676412565058,0.7515925203771422,24.280796713489817,55.6380482837196
738,1340,7.0,2.0,0.12486086225353535,0.48994804064305797,24.242975264799234,55.73912676256977
1124,668,5.0,5.0,0.46678372984202265,1.0,24.234337268763017,55.69926139319742
288,366,6.0,6.0,0.5611668266244727,0.5,24.177140565313003,55.68822739833641
820,825,5.0,3.0,0.9996370241341257,0.5,24.261042949653923,55.75595225546759
764,497,5.0,4.0,0.9741309280211204,0.3831009108142124,24.18722965110394,55.886613423758355
298,1351,6.0,6.0,0.39032400619526236,0.5,24.32401534529438,55.756513100454455
1209,774,5.0,5.0,0.4139381222945331,1.0,24.24689871753828,55.71442815207556
1461,1344,6.0,5.0,0.3500836343774013,1.0,24.11560977545791,55.80682109220623
972,1224,6.0,4.0,0.4303994255895439,0.950610712297501,24.21265397730485,55.65997761022081
585,436,7.0,1.0,0.8885171726390036,0.5,24.309303817052015,55.66980552444183
201,566,4.0,4.0,0.3390663203695298,0.5,24.24294339846771,55.63173421699942
1204,555,7.0,4.0,0.7229092473680798,0.5,24.27493240760611,55.884941681030575
1447,558,5.0,5.0,0.37191416608054084,0.5,24.32290295107497,55.7307393454394
112,1345,5.0,1.0,0.18240343136664477,0.5,24.30678276354627,55.83429410185198
968,459,5.0,1.0,0.245192110505284,0.5,24.32317497711536,55.802568127073165
1141,24,4.0,4.0,0.5956836019395109,0.972547518944609,24.152544540502422,55.66836822801894
1018,340,7.0,5.0,0.5552319963498096,0.9507014899650079,24.27712723710416,55.730103127400696
355,1240,5.0,5.0,0.34749964529868393,0.5,24.34088357256532,55.841380424609
859,507,7.0,5.0,0.5117888481679406,0.5,24.16007188266242,55.73302652060435
828,711,6.0,1.0,0.4946494616976822,0.014409771705293561,24.327927507855474,55.87587039039921
202,472,5.0,5.0,0.6128586020660277,0.5,24.077481562006966,55.551920156309656
638,755,5.0,5.0,0.5244688492806745,1.0,24.25227757433663,55.627380603895865
688,93,5.0,5.0,0.3947400700655953,1.0,24.22215971079934,55.65236084191084
222,744,8.0,6.0,0.041245616921693914,0.6104006873397603,24.1724305839885,55.56745911817657
798,1230,5.0,5.0,0.42581827435317143,1.0,24.182155554421154,55.56406939757407
632,168,4.0,4.0,0.6748760715624648,0.5,24.335246855702696,55.792257496455
437,453,5.0,4.0,0.46591835320992253,0.5,24.263261977843886,55.760651425759285
921,1469,5.0,3.0,0.3389842490563191,0.5,24.120705645825712,55.80340973630667
1304,110,6.0,6.0,0.5529132381483074,0.5,24.19586476358271,55.63450224184596
1409,840,6.0,6.0,0.3531143609113613,1.0,24.166100302644935,55.7943458764433
1173,1292,5.0,5.0,0.2962387078024473,0.5,24.289220745907706,55.75235276524167
1247,636,6.0,6.0,0.546620473564531,0.8341283886503656,24.201066669741586,55.77438789172862
515,1090,5.0,5.0,0.43010640414712553,1.0,24.316306068259344,55.820192588301154
454,1321,5.0,5.0,0.5709347166565938,0.8099676763853959,24.239786383285242,55.57514731445856
1035,86,6.0,5.0,0.5573009385898576,0.5,24.301439342013932,55.599614172322966
1170,455,7.0,5.0,0.38722168907046245,0.5,24.07615900146685,55.855003996101125
29,905,7.0,1.0,0.09335133011926988,0.5,24.19026856931634,55.6551370269871
1378,317,5.0,2.0,0.6713307976208742,0.5,24.28281100958386,55.73161756441964
1238,487,7.0,1.0,0.28868471358134873,0.5,24.10163387445858,55.861812946393876
80,1193,6.0,3.0,0.5381935397138962,0.5,24.142042632499756,55.79798785643508
59,259,5.0,5.0,0.4884204078874687,0.5,24.269640316695405,55.69606698239116
489,1341,5.0,1.0,0.3112773497150007,0.5,24.19195199397404,55.56851444599625
1383,75,5.0,1.0,0.9801230458560554,0.5,24.232199979986078,55.6322849266513
431,638,7.0,5.0,0.6136794487550515,0.5,24.15552560951074,55.707359292281325
1303,680,5.0,5.0,0.3837435753375886,0.5,24.0862264941981,55.61248748412618
776,1124,6.0,1.0,0.7957924276632838,0.5,24.301330528301104,55.82965756260668
680,823,6.0,5.0,0.5034239684163451,1.0,24.107575525305435,55.69826730634038
619,736,7.0,2.0,0.201588532010839,0.5,24.24062806491687,55.64526975282218
1400,1039,6.0,6.0,0.5732016103510634,0.5,24.18821635853142,55.76534144678198
728,518,6.0,1.0,0.6892762167434634,0.5,24.157631237072973,55.74434430069977
1302,228,5.0,5.0,0.47815182681740187,0.5,24.10539708331042,55.786923701759
1476,683,4.0,2.0,0.14353104167358272,0.5,24.146543388047352,55.84672484764722
13,1209,5.0,1.0,0.9114617541120975,0.5,24.302685888285865,55.84023841642567
606,681,7.0,7.0,0.6773792312578278,0.896934978296575,24.328292325518674,55.73380102948546
383,1340,7.0,1.0,0.09994266325117701,0.5,24.261917369508595,55.75892363918284
175,544,6.0,6.0,0.5022449936924268,0.5,24.203151125502806,55.577494045674136
1377,415,4.0,2.0,0.5182393771510149,0.01323305704137151,24.262133590142703,55.83687064721396
1182,480,6.0,4.0,0.6091936347104214,0.5,24.274992280118873,55.85217423391989
560,279,7.0,1.0,0.949241786992704,0.5,24.302951044011774,55.80481301028528
1463,509,5.0,5.0,0.6489015835381924,1.0,24.2064848763334,55.54714907120917
1211,686,7.0,1.0,0.9981985856775564,0.5,24.208009289859792,55.74925866615437
800,146,4.0,4.0,0.6821234335677802,0.5,24.14097123981573,55.82841334418532
975,737,5.0,3.0,0.0956933616850073,0.5,24.288092647489737,55.632278323520254
962,522,5.0,8.0,0.7393584361936267,0.5,24.205694623549203,55.63650869020666
1260,1071,7.0,6.0,0.4315593905770115,0.5,24.33589682410856,55.701414515529756
1077,833,7.0,7.0,0.6157166985047022,0.5,24.30197893010124,55.5708529028694
672,462,5.0,5.0,0.6622782158922347,1.0,24.169761018469018,55.55603450957738
1492,33,7.0,1.0,0.31001900854782954,0.5,24.2719992918342,55.66955546873462
548,1482,6.0,3.0,0.43118280673950443,1.0,24.17486474402667,55.86576287463476
638,1158,5.0,5.0,0.47648523734530795,1.0,24.258346368333946,55.620185505474176
1160,308,4.0,4.0,0.565692899689175,0.5,24.07174208600659,55.70498406811351
753,1402,4.0,4.0,0.466071882377879,1.0,24.227845175133645,55.85645816117263
1433,407,7.0,4.0,0.5298828032464963,0.9009619921223252,24.325965636985327,55.58956340562061
640,1183,5.0,5.0,0.501026466640321,0.5,24.24270164336836,55.89381540968084
1357,501,5.0,5.0,0.49783966611867064,0.5,24.20496413715177,55.83985314474353
1098,1226,5.0,5.0,0.3602817146260373,0.5,24.10621436793504,55.83149390045128
1114,98,5.0,5.0,0.5414307648219769,0.5,24.312232039845856,55.886663606827845
1415,65,5.0,5.0,0.6107412537326902,0.5,24.202175568186412,55.73484446177327
412,593,5.0,2.0,0.9793146409577983,0.5,24.126014540938243,55.60264497110461
162,1100,4.0,4.0,0.34324939257983933,0.5,24.1075847939292,55.566599208806686
1429,1352,4.0,4.0,0.6036230535396842,0.5,24.290775916300916,55.8678467146256
1175,744,8.0,5.0,0.5682547044545614,0.5,24.179168003785705,55.57315647604601
557,160,6.0,4.0,0.4886597932011592,0.5,24.322817006317234,55.816026195234464
288,1390,7.0,6.0,0.5356255687214471,0.9897704076715373,24.167541559848615,55.68976356349842
47,779,6.0,6.0,0.6075018478798911,1.0,24.0974952563415,55.83496418177956
322,1094,8.0,2.0,0.4812634135181968,0.5,24.124992822300904,55.80799880310155
353,1259,4.0,4.0,0.4892402058902568,0.5,24.163813041279226,55.83959044778119
236,985,4.0,2.0,0.5046403027655025,0.5,24.1785152872225,55.87830610162317
54,630,7.0,7.0,0.5440979553167685,0.5,24.274014794265476,55.55793825047208
191,16,5.0,5.0,0.6144682636821298,0.9438474848154276,24.281598122373705,55.71478957170899
22,372,7.0,4.0,0.5183508338571056,1.0,24.246628108956358,55.87221909393861
1003,818,6.0,1.0,0.986636481079895,0.09650359783917917,24.30282313887705,55.74929710314591
876,748,7.0,1.0,0.8838869792291334,0.17588343626816694,24.080556215015935,55.69961047123139
1150,1016,5.0,5.0,0.3965350077050673,0.5,24.123641861257457,55.60535865178475
1071,653,7.0,1.0,0.8601445549559438,0.5,24.10667888677674,55.55783229178474
96,53,5.0,5.0,0.5480198799046001,0.5,24.321458841630765,55.660890381597156
1084,689,4.0,4.0,0.5117675592078162,0.5,24.21161460222014,55.83835954818088
760,1426,6.0,3.0,0.9950465059939267,0.5,24.25140592417704,55.884466559787256
1096,679,8.0,6.0,0.4243632091672067,0.9765950626181381,24.121098185788924,55.8878587894712
1175,124,6.0,5.0,0.45115211575590736,0.6098789126712697,24.180423046590036,55.571159276810384
63,830,5.0,5.0,0.45274570041477236,0.5,24.20525940502178,55.718009257276066
827,1299,4.0,1.0,0.001992002484887985,0.5,24.20061805030935,55.86273572371207
759,883,6.0,6.0,0.5172739399873728,0.5,24.090977165684674,55.656109983711566
1325,698,5.0,3.0,0.6946697824332595,0.5,24.14213656854771,55.736156670859124
559,990,6.0,2.0,0.295424754029091,0.5,24.088866999359116,55.594507581228555
30,237,6.0,6.0,0.4982359106710687,0.5,24.13703955787687,55.89795566072168
907,386,6.0,6.0,0.49262207444864464,0.5,24.282611282952992,55.84864097839976
1260,1009,4.0,4.0,0.5488029785176644,1.0,24.342237197593477,55.70334556008844
19,590,6.0,2.0,0.729225471930373,0.5,24.182428361237086,55.88097972845231
1499,1296,6.0,6.0,0.35618836333640647,1.0,24.18325900700124,55.876789617486914
1460,1018,5.0,1.0,0.8764011340134017,0.5,24.108009598699304,55.67153930246818
143,424,6.0,6.0,0.6767827215710087,1.0,24.17921269646391,55.770180721668474
124,1334,4.0,1.0,0.9368469519094562,0.5,24.22469630784312,55.78037468574941
478,35,4.0,2.0,0.6573528598267021,0.5,24.144964780097087,55.64056168241247
261,518,6.0,4.0,0.545234027935839,0.5,24.217176894127718,55.78199561907653
186,1128,5.0,5.0,0.5815268522435882,0.5,24.091618177322097,55.749523413652625
202,1199,6.0,5.0,0.48572632579823277,0.9389886097257849,24.078112347558385,55.55327972701908
1086,1444,5.0,1.0,0.9876241788777784,0.5,24.158020502333212,55.735874664688595
37,1039,6.0,3.0,0.1309380444620942,0.5,24.166008610733446,55.7651137286632
133,725,6.0,6.0,0.6534518470686927,0.5,24.32658572882983,55.76192550692074
413,1254,7.0,5.0,0.39794492116741964,0.5,24.331041257477725,55.59124971320697
994,1330,6.0,1.0,0.07536505236499969,0.5,24.34586002324482,55.85345510022083
1324,1488,5.0,2.0,0.967940326760509,0.37638413009249083,24.12939088404594,55.85645774505009
305,1289,7.0,1.0,0.15343763557352047,0.5758938573875455,24.289990705025126,55.56176968294948
1405,245,6.0,5.0,0.4664844001075117,0.5,24.34796811747327,55.602817961378506
521,1314,5.0,2.0,0.49695288500573004,0.043451348302590065,24.222817706104518,55.886600236095624
301,739,5.0,4.0,0.5269025281470445,0.5,24.075093600759253,55.80756069167849
463,550,6.0,1.0,0.05259373752235804,0.5,24.294427486629747,55.553904436549914
467,310,5.0,5.0,0.5579974789311826,0.9835086660451134,24.260393622734824,55.6470867999863
1056,1056,7.0,3.0,0.6057232382385396,0.5,24.173589566949733,55.653467654689194
711,1355,6.0,3.0,0.4624253421304986,0.5,24.121908551900937,55.56250063322815
889,218,5.0,5.0,0.563705047647074,0.5,24.285762525174174,55.697461060224995
1426,259,5.0,2.0,0.00013599897303385796,0.5,24.319819882333498,55.67888762471925
221,345,7.0,6.0,0.5277675950412696,0.5,24.102465679741215,55.84756738821563
959,370,5.0,1.0,0.9988061685772887,0.2761923827267111,24.267056025877622,55.83868189121622
1446,274,5.0,2.0,0.04314246644954286,0.29968738810185763,24.28552798710773,55.765744790277886
1301,1195,6.0,6.0,0.5927720861123756,0.5,24.294901021913326,55.79219495743043
868,1244,5.0,4.0,0.44732104843299536,0.5,24.152978686571736,55.81599655049704
1338,946,4.0,4.0,0.34550850269729916,0.5,24.344003890154617,55.78427976944138
1412,653,7.0,1.0,0.25865795808717446,0.5,24.16006502818845,55.62914586978124
1290,1470,4.0,1.0,0.9996061794275928,0.5,24.078560971108537,55.694862373941106
211,327,7.0,2.0,0.3861281973464934,0.17454248001530348,24.180830943593136,55.61634044058616
155,14,5.0,3.0,0.23311531009020459,0.5,24.281014960231687,55.56752067814482
313,834,6.0,4.0,0.4717020008423034,0.5,24.100768510073582,55.725313706030605
1034,514,5.0,5.0,0.5472779262681904,0.5,24.26608826414843,55.762169077796074
184,1249,5.0,5.0,0.4513368064384255,0.5,24.30056889813878,55.73611963037565
54,86,6.0,5.0,0.3786524352638298,1.0,24.279299938157504,55.56468186153353
341,185,6.0,4.0,0.7819030103602076,0.5,24.109714781528055,55.56122892236199
888,181,4.0,2.0,0.6428835888029508,0.5,24.238050301258415,55.82542353146057
645,1469,5.0,2.0,0.9590488405357264,0.5,24.134481267325633,55.79279587765555
1186,811,5.0,5.0,0.5167663337866939,0.5,24.109105855869075,55.675249713395814
915,669,7.0,4.0,0.4802296342010468,0.6765627996551038,24.272705859557735,55.699446547243674
628,1462,5.0,1.0,0.5518061601195142,0.5,24.33331664439402,55.8575795027993
552,896,6.0,5.0,0.616779020806114,0.5,24.178347022305626,55.8092654964111
935,802,5.0,5.0,0.6255266370998661,0.5,24.106172034675808,55.767818166006826
983,34,7.0,6.0,0.503374567605539,0.5,24.283813463533754,55.7661745516815
116,788,5.0,2.0,0.030318089695819662,0.20635643055541714,24.1331791162997,55.63873447003659
1098,581,6.0,6.0,0.4746293648566448,0.9352562542467528,24.11437653218218,55.823112365717606
431,863,5.0,5.0,0.42579646523100545,0.6509430413593994,24.14971558869315,55.70785112134652
665,670,6.0,5.0,0.6286916798067876,0.9974878956386003,24.238682555185868,55.752645550794284
734,815,6.0,6.0,0.36088494525632686,0.9056113640460324,24.24041789561883,55.840986249340304
120,799,6.0,1.0,0.9840430897956526,0.5,24.302675647058003,55.71020755595506
756,1380,6.0,5.0,0.6774659430950367,0.5,24.2555009095884,55.852052143272374
697,919,6.0,5.0,0.40828923816937096,0.5,24.26296441968112,55.63335627032165
1106,34,7.0,2.0,0.04540085737696057,0.5,24.305664841429053,55.73164718867802
543,587,6.0,5.0,0.49323795362181105,0.5,24.259222394164823,55.886587665664315
767,109,6.0,5.0,0.5476639594183765,0.5,24.252684724592655,55.60373411135577
45,1056,7.0,1.0,0.9098122103210753,0.5,24.141847229940637,55.68552150957864
664,960,6.0,3.0,0.9997914090080262,0.5,24.281046993706127,55.750294406791895
1436,217,4.0,3.0,0.014795128496515689,0.5,24.327191954638405,55.833910849246216
520,1344,6.0,6.0,0.43980427723564997,1.0,24.15764369927763,55.824696966911674
1022,1296,6.0,6.0,0.5840422989768823,0.5,24.166633689357187,55.79017046975386
107,425,5.0,5.0,0.7965659126009925,0.5,24.195534055235406,55.66468313741956
1085,88,6.0,6.0,0.5585968884029295,0.9609049681154003,24.11494239899156,55.6157076523089
818,1389,7.0,4.0,0.5042581698672273,0.5,24.16083610750359,55.71712113302301
19,1374,4.0,1.0,0.6283924270288352,0.15947481874085873,24.179400679584273,55.8762456840981
144,1027,5.0,5.0,0.6133882985761201,0.5,24.194133328977316,55.70038296220492
625,1465,5.0,1.0,0.5372082043592921,0.28689403934063085,24.24689152220865,55.75470829891221
252,831,5.0,5.0,0.42682202836697014,0.5,24.094580255125344,55.60540000031968
230,891,4.0,1.0,0.7233729786371033,0.5,24.146409423788985,55.60378139063306
883,696,6.0,6.0,0.4915453943261933,0.5,24.116849505584764,55.704853269954704
279,433,5.0,5.0,0.5420166003885599,0.5,24.262370381463203,55.60605943852999
1239,1033,5.0,4.0,0.7163089862915175,0.5,24.334928407402135,55.57303141886357
16,0,6.0,1.0,0.9529387469652877,0.4551047770668071,24.227408781948863,55.83145479252738
646,327,7.0,4.0,0.0982348645351237,0.1448266085677412,24.19874244398273,55.6168742394557
234,1287,7.0,5.0,0.576360025690392,0.5,24.144790041643777,55.890753911233126
1356,842,7.0,1.0,0.0033124665913986592,0.5,24.20701720716357,55.582163366459376
310,1030,6.0,5.0,0.40557249344405116,1.0,24.278650088019344,55.587392138244724
1179,1324,6.0,5.0,0.5332283018785929,1.0,24.340102567129126,55.86213827447078
707,851,6.0,1.0,0.04311524143394435,0.5,24.22822485153803,55.69697594538991
1173,207,4.0,4.0,0.5622458582632283,0.8742134316582922,24.290245988140047,55.75754861515505
117,750,6.0,1.0,0.26594648209387867,0.3895783095191323,24.322936348073174,55.54511361804629
1102,30,5.0,3.0,0.9926721089074938,1.0,24.25416945025162,55.58672549868549
312,1156,5.0,4.0,0.515666055299632,1.0,24.188119729319514,55.80845821077109
220,752,5.0,1.0,0.15812945512089177,0.8963237895101946,24.310482456302097,55.57461600748356
771,1284,7.0,3.0,0.4124463316049483,0.5,24.186190295086032,55.64925924375752
882,1397,6.0,5.0,0.49628010026763814,0.6723045094929084,24.167847808990203,55.66876785483176
1093,378,3.0,1.0,0.0008721461587224636,0.5,24.346361277832383,55.597868740286685
1139,501,5.0,8.0,0.013488092415170093,0.5,24.20653574307678,55.895823593045456
397,1307,6.0,6.0,0.46036931543556314,0.5,24.147473981310277,55.63216621686458
1454,86,6.0,4.0,0.3316374772514188,0.5,24.250151462691775,55.5841477761306
156,581,6.0,5.0,0.5368273079976906,0.5,24.149019353875133,55.795141318968305
670,1295,6.0,6.0,0.34804386884795246,0.5,24.31742304451187,55.72808416320956
27,991,7.0,2.0,0.9275175395824788,0.5,24.080788791519314,55.87615280329733
655,1290,5.0,5.0,0.4777901844641868,0.5,24.30914772232546,55.71813491351314
1311,123,6.0,4.0,0.9181946708777049,0.5,24.118627077363644,55.77115995724214
1252,1260,7.0,5.0,0.47610703474856964,0.837761932246698,24.16729652631016,55.64536789037619
937,824,5.0,3.0,0.7360570332223008,0.5,24.321554003176427,55.883038859486426
1355,284,5.0,2.0,0.19098402787692603,0.09446718083659877,24.29135627505461,55.89057386544925
143,866,5.0,4.0,0.43694790742611794,1.0,24.186690861437537,55.76997049702605
1147,1408,6.0,6.0,0.6436988970320987,0.5,24.251169124559308,55.65463479228062
885,162,5.0,5.0,0.6378580229785623,0.5,24.135644720644603,55.61028488019596
1443,1209,5.0,4.0,0.6303224294055954,0.5,24.292580772711048,55.864540026701135
1204,1126,6.0,5.0,0.3942996537350237,0.4014244908937612,24.278159963259565,55.88300569568632
1190,895,3.0,3.0,0.4370944215711243,0.5,24.196259371069694,55.57691214243707
1027,130,5.0,2.0,0.6200082750364747,1.0,24.212164423002324,55.700303337182284
634,970,7.0,1.0,0.00033345338400865175,0.5,24.214800849349377,55.63687535682381
1466,1116,6.0,1.0,0.638385188368109,0.5,24.29232161348532,55.66810369806374
1181,305,4.0,1.0,0.010102361631776333,0.5,24.20931442021706,55.57580457684221
541,1491,6.0,1.0,0.011705013590510828,0.5,24.231055410814964,55.8306276941748
1468,611,4.0,4.0,0.3815694802926396,0.5,24.097564855321146,55.55361363722655
495,714,7.0,1.0,0.9960046197866136,0.5,24.186994299712644,55.85892042433576
841,1410,4.0,4.0,0.5886724270129116,0.5,24.17471081206779,55.759835199514235
111,956,5.0,5.0,0.445845216219696,1.0,24.111364526682415,55.74368677254632
1388,590,6.0,4.0,0.43049752271834285,0.5,24.1569344228022,55.81096471163234
265,160,6.0,4.0,0.4796783860676793,0.5,24.259911300294615,55.80859581634044
616,1385,5.0,2.0,0.9257895835005362,0.5,24.29688503176848,55.85916307437339
1218,725,6.0,6.0,0.531638202365315,0.5,24.318697463186638,55.73769951707247
426,1327,5.0,5.0,0.4418459409369242,0.5,24.2175635722265,55.832480068432176
83,66,6.0,4.0,0.4566309022720946,1.0,24.30959990542365,55.829982066280316
1301,728,5.0,5.0,0.5083833353229434,0.9637329173929,24.290886451052955,55.78312621842681
209,1221,5.0,5.0,0.4716752301647343,0.777677134962915,24.154124971647718,55.790288592274166
633,367,5.0,2.0,2.0908708322694068e-08,0.11340566932215823,24.23635785447806,55.69501246536558
455,1078,5.0,5.0,0.5505665613451585,0.5,24.123515118150852,55.87892411005417
51,142,6.0,5.0,0.598518917920746,0.5,24.3316874974134,55.68858465201966
844,511,5.0,4.0,0.5693929378681987,0.5,24.199468047242068,55.732523087867946
1184,806,5.0,1.0,0.04147879591161774,0.5,24.074490337187942,55.71976534570669
608,510,4.0,4.0,0.7173635768649784,0.5,24.28735778796329,55.89463843442131
1329,701,6.0,1.0,0.4177862679371192,0.5,24.253250080309748,55.812165759704364
474,983,6.0,5.0,0.46642341121323583,0.5,24.073084681272967,55.78513730509167
823,1332,5.0,7.0,0.15524541273966322,0.5,24.14782649747792,55.63020010056062
1034,246,6.0,6.0,0.6738260893642073,1.0,24.27014072690726,55.758735871687115
1417,466,6.0,4.0,0.3796499656454453,0.5,24.258650185732208,55.793618610564415
231,866,5.0,4.0,0.43884831828658916,0.5,24.14899311608264,55.75949113536029
328,990,6.0,3.0,0.8154268333358038,0.5,24.10293252633505,55.60414173704869
1042,122,5.0,1.0,0.22444151691433267,0.5,24.22114302813098,55.71060570004681
1134,99,7.0,1.0,0.9974283046134853,0.5,24.166668445246078,55.57658603541264
1038,403,4.0,4.0,0.4680598244576614,0.8428812390802035,24.07818409528222,55.8172241969828
1277,5,6.0,6.0,0.42743198582401914,0.5,24.086715939274562,55.67829546445312
1030,646,5.0,2.0,0.3434358696707206,0.5,24.32828314396081,55.87126669172295
359,950,6.0,5.0,0.5964519251403677,0.3166835208306658,24.340110527399606,55.757968697262214
848,200,7.0,3.0,0.28179213757310567,0.5,24.086222563538247,55.80853687074086
940,360,8.0,4.0,0.4449848146457408,0.9817824272512914,24.20132524738701,55.6988498147742
1183,81,5.0,5.0,0.5830232432209345,0.5,24.07362427746371,55.773326848269114
1096,1367,6.0,6.0,0.5681456633452634,1.0,24.12168119353971,55.89363503785601
184,1494,4.0,4.0,0.4299617410502239,1.0,24.308320106059202,55.72958645926165
428,258,5.0,5.0,0.516986540464593,0.9039503494732606,24.338927101320568,55.752127321248146
715,765,5.0,5.0,0.46919690278060455,0.5,24.121506993893846,55.76755533891996
639,895,3.0,1.0,0.03248543209400763,0.4109634988644855,24.152380098631717,55.57477462725923
351,867,3.0,2.0,0.001245705085939585,0.5,24.216571044650433,55.566973078946
97,395,6.0,5.0,0.4633899780600528,0.9547418103794448,24.223365676759194,55.746473702490476
531,1338,6.0,6.0,0.6506813285367476,0.5,24.24369035551064,55.899247943760834
777,1454,5.0,1.0,0.021220355435205222,0.5,24.152499264526895,55.88149586474757
204,935,5.0,5.0,0.3444797922411619,0.5,24.105664405318986,55.643294744056014
921,19,7.0,5.0,0.4237185527848772,0.5166618070487556,24.112110379088833,55.79817275352584
995,1334,4.0,4.0,0.4083568756293129,0.5,24.245867482875127,55.7511262231307
82,939,6.0,1.0,0.48207759061156197,0.5,24.1759404971563,55.82382259113911
1414,1371,6.0,1.0,0.6617780968502338,0.024289551580200075,24.316440978490846,55.66176331068799
327,977,5.0,1.0,0.8691493657977849,0.5,24.13738267672001,55.87584167131826
1261,1465,5.0,5.0,0.4398115707210443,0.5,24.317092272872024,55.770305732604406
613,200,7.0,5.0,0.4863681317483482,0.5,24.078130690072406,55.80067021142666
1170,539,6.0,6.0,0.5335198516075177,0.6791579367929614,24.083407030306507,55.86195216250585
5,420,5.0,2.0,0.5545019803144263,0.5,24.312297821914303,55.877564648953886
660,985,4.0,1.0,0.9964224741639761,0.5,24.2075898644646,55.832778956007175
32,462,5.0,5.0,0.6200619800058909,0.5,24.191620107161658,55.58272368411609
1063,506,6.0,6.0,0.47353810771406324,0.5,24.31319814938259,55.69934616315526
742,817,5.0,4.0,0.5356400622950116,0.5,24.254898975817994,55.58124898512349
626,314,5.0,1.0,0.10836493904201369,0.5,24.1870380627691,55.57045877916088
52,110,6.0,4.0,0.9705173901731069,0.5237575834427941,24.178542071700335,55.654305476013405
947,342,4.0,2.0,0.4671746818833672,0.5,24.108918729753253,55.61886644715387
898,587,6.0,3.0,0.8100458863496645,0.5,24.257908688614958,55.89208299941086
696,509,5.0,5.0,0.5473361885949501,0.5,24.196570892544514,55.588834724448624
320,743,7.0,6.0,0.45198132259067747,0.5,24.337930579339663,55.56041100973281
920,253,5.0,1.0,0.4258141672039864,0.5,24.328471995229176,55.830007696952066
1365,348,7.0,5.0,0.3905998792252595,0.9917430324214582,24.118830635012216,55.85806282593603
1354,1401,6.0,6.0,0.5027330921264234,1.0,24.250120975073468,55.688443771810846
244,496,8.0,7.0,0.39484936567911544,0.5,24.326692290917144,55.77865166503568
127,1157,5.0,1.0,0.9958539552729531,0.5,24.212500980251487,55.86713611356061
568,889,5.0,1.0,0.7970556754717539,0.5,24.121044332502095,55.62332533378938
522,660,4.0,2.0,0.4834129465360041,0.08854713595014796,24.318719962990404,55.573856083215716
1172,1060,5.0,3.0,0.939244866225905,0.5,24.08381984925185,55.62214092875257
1310,448,7.0,6.0,0.5548535027428204,0.5,24.214629342631483,55.6332992734674
140,418,6.0,2.0,0.4508552890470106,0.048011000704052564,24.291053297547645,55.66147040795769
95,942,6.0,5.0,0.6243252652313147,0.9769762935931342,24.156452873989853,55.59687469795574
950,1213,6.0,5.0,0.6891639527398223,0.7349503180068608,24.22018482328056,55.84903648936332
57,1395,5.0,5.0,0.38727062535272017,1.0,24.07227149485746,55.607553149487295
1295,820,7.0,5.0,0.6340815826634553,0.8629454374459394,24.216300330750094,55.739695184145006
111,526,4.0,4.0,0.5424326881138237,1.0,24.11599660828502,55.73624310230676
1291,385,6.0,6.0,0.6447271400401624,0.9179139252236398,24.11342901139175,55.85945303128849
1060,791,6.0,5.0,0.5692365317677059,0.5,24.287828465669133,55.784251542257756
1313,498,5.0,3.0,0.4883612264445337,0.5,24.280428458930025,55.630954249435284
375,359,5.0,5.0,0.49762382394671184,0.9137223162759285,24.141099009842016,55.55037685134754
451,1313,6.0,3.0,0.500651435029804,0.5,24.162328522589153,55.764819841386256
927,789,4.0,4.0,0.4587999454208222,0.5,24.235180734832507,55.57444947604323
233,510,4.0,1.0,0.04288011191473674,0.5,24.248811502870787,55.8912724573404
1282,1107,6.0,1.0,0.43188009051443477,0.5,24.085534796038125,55.62036506280197
319,1239,5.0,5.0,0.4835910573490952,0.5,24.241336616102007,55.72805325167852
152,558,5.0,5.0,0.5197058416288237,0.5,24.31978495885289,55.79393731781871
621,268,4.0,1.0,0.01284093852280479,0.5,24.169899894957435,55.60172576077726
72,172,5.0,4.0,0.20987253006970616,0.5,24.158898415316163,55.60561704033602
1210,911,6.0,6.0,0.4850466650320705,0.5,24.146389598285076,55.766526056514415
346,1020,5.0,1.0,0.015801262668561033,0.5,24.14438804863916,55.74606600166247
1161,234,3.0,3.0,0.41860447755913277,0.5,24.22472203679836,55.66556837746653
793,790,5.0,2.0,0.6491521715100231,0.5,24.328011512898883,55.731127956505325
932,724,7.0,3.0,0.47815234290250497,0.5,24.346390593312602,55.71881187739585
434,1057,6.0,2.0,0.04453104157171436,0.5,24.144158191945888,55.60581716303598
832,521,7.0,3.0,0.3097376418127378,0.5,24.165743039589167,55.801811667094334
992,883,6.0,4.0,0.40774762955791544,1.0,24.115665892829902,55.70969598210001
1049,786,6.0,6.0,0.5707283150508646,1.0,24.12403784822229,55.656136256603396
436,156,5.0,5.0,0.5682290113820415,0.5,24.34452878545519,55.895556548621705
1078,1366,4.0,4.0,0.510570619610887,0.5,24.124948170355484,55.5608195586033
1139,105,7.0,1.0,0.027772024954541556,1.0,24.205891762578283,55.88998041045493
1238,835,4.0,4.0,0.08688088081152172,0.009844739071090347,24.09699462996325,55.86885867810303
1219,1202,7.0,6.0,0.6582767034757752,0.9643164381363454,24.10553257073265,55.80979221050775
977,442,5.0,5.0,0.48454210408403187,0.96433505622533,24.274902095910544,55.75031654648722
1041,59,6.0,6.0,0.5926390611099664,0.9552772558410372,24.17539073548778,55.624942906823705
1398,476,5.0,1.0,0.262477872524579,0.5,24.17969260715565,55.68435731256349
1051,1158,5.0,5.0,0.9941006669808237,0.5,24.306533343680627,55.63295559054602
668,649,5.0,5.0,0.3598416409898265,0.9768973408469016,24.225542404080873,55.644455145305955
873,1265,4.0,1.0,0.2874087056615957,0.5,24.132352879978153,55.56214508117822
1174,1274,5.0,5.0,0.5614919819102665,0.5,24.228606167498715,55.57733332317133
883,667,7.0,6.0,0.3815339783656815,1.0,24.117877530031198,55.701832718805974
850,194,6.0,5.0,0.5811621562550974,0.5,24.34762612403561,55.719386023081114
417,872,5.0,1.0,0.976447017136637,0.5,24.29948573698955,55.65211695630174
490,634,6.0,6.0,0.5123413343654362,0.5,24.176706052042242,55.797411549637324
428,1071,7.0,4.0,0.44577690280399196,1.0,24.33043709548318,55.75820525435202
1139,497,5.0,3.0,0.024367389571631246,0.2418191380158251,24.20683840242592,55.88915451526155
381,965,7.0,3.0,0.03289470052270382,0.028771172704810943,24.257860268524,55.87348953867624
657,31,5.0,4.0,0.41537440223111327,1.0,24.334435583293324,55.883673080849576
314,147,5.0,3.0,0.38800765179208185,0.05678567640172938,24.173359766638985,55.659069861934015
1044,1478,6.0,3.0,0.2678859152902157,0.5,24.250272510761317,55.73226590023582
1005,431,3.0,3.0,0.5573318251848287,0.5,24.171442376962155,55.56654984039246
934,408,6.0,2.0,0.2543109975016871,0.5,24.15775509432569,55.70326730438241
824,820,7.0,4.0,0.38725816163799515,0.5,24.180391082764906,55.71925615255985
475,912,5.0,1.0,0.001133922927700946,0.5,24.272067563325404,55.705369218308995
520,1313,6.0,5.0,0.6374765060597897,1.0,24.155985935019686,55.82213390110979
978,461,6.0,6.0,0.5592794802697396,0.5,24.27296098031815,55.709596272832165
331,1122,4.0,5.0,0.01792396523797857,0.5,24.238463915449405,55.55186063150572
300,467,6.0,2.0,0.8325594887256476,0.5,24.10546208520213,55.809929113936136
1017,979,3.0,3.0,0.5569167925009346,0.5,24.33952412192477,55.61574766754148
1485,500,5.0,4.0,0.5851040661523257,0.5,24.121090163797344,55.829145059385645
364,882,3.0,3.0,0.503928057886353,0.5,24.29456565236732,55.65009280396427
141,844,6.0,9.0,0.011951959736379815,0.5,24.32799437055706,55.758528227855074
1393,318,7.0,6.0,0.6691567019549394,1.0,24.274227155638552,55.65491027032049
279,682,5.0,5.0,0.5669748817157991,1.0,24.269728045682147,55.60268346724781
873,1423,6.0,2.0,0.03505384947300559,0.10885196803135527,24.140251290577307,55.569074649932624
604,1497,5.0,5.0,0.5650453935449031,0.5,24.31792177693452,55.758132249037125
217,1428,6.0,6.0,0.3473114940224162,0.6619752685719436,24.269601264297297,55.8449093823433
1491,207,4.0,1.0,0.10121984901889398,0.5,24.293497272127862,55.77599129452734
658,573,5.0,1.0,0.9766150014791062,0.5,24.26010065567126,55.876839063910765
1210,467,6.0,6.0,0.42271515646214775,1.0,24.15603508471204,55.774389268668884
1423,850,6.0,5.0,0.42816649972438947,0.5,24.13805021697989,55.71522893740985
283,554,5.0,2.0,0.12787249923654864,0.18026507665554908,24.306403468598237,55.74599577060217
1168,120,6.0,1.0,0.8484994146339376,0.5,24.317229415395982,55.62280180776033
491,781,5.0,5.0,0.5143045618397011,0.5,24.16834095122627,55.67280367146312
1165,1443,5.0,5.0,0.4367562881200959,1.0,24.082375681920254,55.610155256984754
861,695,6.0,4.0,0.5378303729948017,0.5,24.34411239760697,55.657745135920074
1307,1351,6.0,6.0,0.6693409750608412,0.8082462332238252,24.262106570768623,55.70331679372691
1190,1471,6.0,6.0,0.6796336818447474,1.0,24.197008908593432,55.575721314159814
302,1413,6.0,6.0,0.5467044151161329,0.5,24.216619016279385,55.642138676291204
718,1250,7.0,7.0,0.6839475200135154,1.0,24.347499816098647,55.57914447988193
1394,104,5.0,5.0,0.5523231912848198,0.5,24.17496758909665,55.741121020070366
1320,454,5.0,1.0,0.7518014043492041,0.5,24.125710956335364,55.78882122711793
200,1482,6.0,5.0,0.4121551477908008,0.5,24.245257461701637,55.88052566918348
201,746,6.0,6.0,0.5817762931695807,0.9159593511334535,24.237850170099605,55.638714370283154
6,563,6.0,5.0,0.5017364067155576,1.0,24.324769910597396,55.80847792345587
1142,178,6.0,5.0,0.41316512722510984,0.5,24.146857255200615,55.663102641517156
682,892,7.0,3.0,0.4698215535793076,0.5,24.22346344588511,55.87133734938295
1066,1168,5.0,5.0,0.39825027084409986,0.5,24.328581458445996,55.6967086139139
1060,152,6.0,6.0,0.700705096765499,0.8217768747727976,24.293530600625193,55.78326223352685
899,1307,6.0,6.0,0.391216312717173,0.5,24.181182954441617,55.66544268992702
628,534,5.0,1.0,0.2982240569838336,0.43549008893600244,24.327407343159344,55.849750087831474
190,586,5.0,5.0,0.5232286549830293,0.5,24.174617685902916,55.83259755923987
425,8,5.0,5.0,0.7426728865629285,1.0,24.16979407122808,55.603723491009475
1069,1140,7.0,1.0,0.4793756139971624,0.5,24.16721669830468,55.71520543562392
1344,956,5.0,4.0,0.9587659015464631,0.5,24.101288171482395,55.70422340532298
90,1358,6.0,6.0,0.4061060852330245,0.5,24.14349800082255,55.772540518784105
99,471,5.0,5.0,0.5690389454627557,1.0,24.24825096112554,55.83008128100652
109,463,5.0,5.0,0.27774825697422845,0.5,24.32337214421234,55.79123200834569
852,1319,6.0,1.0,0.7645086413759999,0.42298144754200184,24.12403626379762,55.894409582963036
751,1347,6.0,4.0,0.0002704797233077915,0.5,24.349851831512908,55.73947723586966
1135,1328,5.0,1.0,0.5697659051501232,0.5,24.27431787486169,55.749665867145296
1397,954,6.0,6.0,0.43392287777979316,0.5,24.215765851804274,55.848332942875416
565,251,7.0,1.0,0.009594226604463574,0.5,24.179371369182505,55.83148737592383
981,1445,3.0,3.0,0.4581549588249023,0.9342642135554664,24.082274052046788,55.69104504987177
515,546,6.0,6.0,0.5149492382727846,1.0,24.32348401017216,55.8136227617537
946,165,7.0,1.0,0.007100430240344202,0.5,24.166084084773168,55.75223564548693
880,1425,6.0,6.0,0.6061905304104385,0.9516162250315398,24.1764206123563,55.59721444215449
144,1120,5.0,5.0,0.5677270592347153,0.9450062103724219,24.192076329665284,55.69478585860181
684,1187,5.0,5.0,0.6845416458195811,0.5,24.321679286440652,55.71319381252958
1143,1311,5.0,5.0,0.4983477446983662,1.0,24.342549644794804,55.807327467304376
1378,588,5.0,1.0,0.35439988683040163,0.2785825947185083,24.278837323853082,55.73170462267154
1167,540,5.0,1.0,0.19894365332810693,0.5,24.315817234218244,55.63528953673371
1369,93,5.0,1.0,0.06603166029202455,0.5,24.22999820926171,55.63584970846863
351,223,6.0,1.0,0.251373610870071,0.2395348543448768,24.21974671323878,55.562682413679084
369,367,5.0,1.0,0.747668329167773,0.5,24.195774382709473,55.67972881067763
407,1345,5.0,5.0,0.42214925630400435,1.0,24.303320452798456,55.797858289637276
1431,1172,6.0,5.0,0.6523760500942997,0.5,24.273531458292613,55.83046753126548
208,1111,6.0,4.0,0.33057908470302433,0.5,24.24705722261077,55.832690539223286
258,717,6.0,5.0,0.5548073936599435,1.0,24.15904892457584,55.65310045422478
1041,807,5.0,5.0,0.6871481590484124,1.0,24.17855202577448,55.61921258917638
213,1030,6.0,6.0,0.5279152953947687,0.5,24.303417293527513,55.59261740720946
449,333,6.0,1.0,0.07011247156897936,0.23927640382547105,24.103555918943016,55.644229828023086
644,1000,4.0,1.0,0.8940568919440436,0.024919362706240844,24.24025616409845,55.76421556585054
226,161,5.0,5.0,0.6258754852653963,0.5,24.342891553577648,55.64137448262411
84,1089,6.0,6.0,0.48701124116141387,0.5,24.19213753582656,55.79069782800266
485,829,6.0,1.0,0.9978391819365896,0.5,24.26722463836487,55.669389230208374
482,214,5.0,2.0,0.8160903343459867,0.8117296683555301,24.096536294410672,55.76750568850055
184,1129,4.0,4.0,0.3933858919412662,1.0,24.303054956839727,55.72412550719243
10,1203,5.0,4.0,0.45111711609250893,0.5,24.099850612922882,55.67492676329184
1026,1121,6.0,5.0,0.7866006922933311,0.5,24.28514484549254,55.75459340935254
12,1465,5.0,1.0,0.9996927481022446,0.5,24.27770813187465,55.768692430816635
1339,1368,5.0,4.0,0.4211669831035992,0.5,24.1759494161407,55.634855742025806
842,555,7.0,5.0,0.512584969819381,0.5,24.294113155700636,55.875224038509316
1438,1327,5.0,1.0,0.004516670074808353,0.5,24.19816813312401,55.78309967858096
378,1069,6.0,4.0,0.5182402672543602,0.9913366182804242,24.096247375672853,55.6156388810725
1258,382,6.0,1.0,0.7520222518035871,0.20603237369034144,24.181299470165285,55.863348320170495
171,1285,6.0,6.0,0.566265316002297,1.0,24.29582359684562,55.68268947327291
474,316,5.0,5.0,0.5031663046082127,1.0,24.066693273912648,55.79006855471743
324,1230,5.0,4.0,0.9922213689106925,0.6221443544660524,24.201314577374692,55.55832845242243
808,803,7.0,2.0,0.866543540983886,0.5,24.13514394038418,55.6959309354893
479,686,7.0,7.0,0.4627633831105431,0.5,24.199715431107727,55.74088105604145
30,1210,4.0,4.0,0.6039702461078842,1.0,24.14349656230542,55.892918473997845
213,1276,4.0,4.0,0.5846690719299739,1.0,24.30061360532173,55.599688891011844
960,1077,6.0,5.0,0.5535187094301991,1.0,24.09068468669798,55.79362600002842
1386,267,6.0,1.0,0.9895024728662256,0.5,24.285940311855917,55.78508287687412
392,1247,6.0,5.0,0.6840702822996796,0.5,24.181481185080173,55.82479924067385
297,825,5.0,5.0,0.4071838464130815,0.5,24.24060800532614,55.74064143525854
202,1147,5.0,5.0,0.5270890183917458,1.0,24.082476800436577,55.55481650997822
71,408,6.0,2.0,0.007296082483749884,0.5,24.168271457908318,55.71686260377415
1239,67,6.0,6.0,0.5811509300909204,0.6425044442984169,24.332100238558276,55.56429112613094
798,901,6.0,6.0,0.49147984452463855,1.0,24.183842595755504,55.56884038846529
340,479,6.0,1.0,0.9832435294057852,0.5,24.33194881794512,55.66559576179703
842,46,4.0,4.0,0.5149921163998995,0.9588305020235255,24.28762923216541,55.87166877993346
14,83,6.0,1.0,0.26060238736300223,0.5,24.28249147375184,55.86812341562248
1405,605,4.0,4.0,0.5531855896916088,1.0,24.34782617368969,55.6124749398673
567,1425,6.0,6.0,0.4330112988136103,0.5,24.22009387601543,55.58790318163684
705,773,7.0,4.0,0.4159688945912875,0.860675951006201,24.313508985242258,55.77203038715417
262,1020,5.0,2.0,0.6939864406561203,0.5,24.139887637313116,55.74033327338266
132,139,5.0,4.0,0.7330235272388925,1.0,24.091940688767615,55.89124896277568
471,201,5.0,4.0,0.5641022394989682,0.5,24.258919155970187,55.628435197473955
34,62,6.0,5.0,0.6354501085301734,0.5,24.32817491602698,55.615770493096285
1053,837,5.0,5.0,0.3554024124542853,0.5,24.21590297058323,55.74701660916529
165,1404,5.0,5.0,0.5175925883725456,0.5,24.194908249485838,55.560947265304925
628,870,5.0,2.0,0.27323108205573304,0.00641768511613694,24.32530828724712,55.840795386421306
732,450,4.0,4.0,0.3826937787412018,0.5,24.31485411632396,55.66464629363353
270,550,6.0,6.0,0.44408124152130435,0.8429768144801415,24.275689152571054,55.56380744517055
670,1009,4.0,4.0,0.583192321075848,0.9185662298286417,24.325678507544353,55.73719106100003
403,989,4.0,8.0,0.5221087220590792,0.5,24.334454585615273,55.64521012065641
849,493,4.0,1.0,0.00028932617991552287,0.5,24.344376559963102,55.66097343002319
1193,1150,5.0,2.0,0.7220502188071217,0.5,24.094059510589535,55.745329419364424
1036,1124,6.0,6.0,0.38307078881926837,0.5,24.33875214076585,55.85200111215692
119,136,7.0,6.0,0.47981220835280525,0.5,24.126374865718457,55.815623414839834
938,1182,4.0,1.0,0.05906176463189425,0.5,24.191024981707,55.573932753852645
1404,992,5.0,3.0,0.3361631017944439,0.5,24.08890982781116,55.593820199890544
1338,1458,6.0,6.0,0.40703813377833353,0.9161552190215796,24.351800937780084,55.78582663762918
671,1139,4.0,4.0,0.5536446365853372,0.5,24.21819380341605,55.713500985017816
869,570,6.0,2.0,0.7349887415024731,0.5,24.291711220365592,55.77523272456647
897,886,6.0,5.0,0.30133453488645934,1.0,24.123706810363107,55.87702707951993
248,150,4.0,4.0,0.4501548821345914,0.5,24.234887990890915,55.61356323203215
1142,1070,7.0,5.0,0.5445515678245494,0.819115700404938,24.140778322026275,55.65911325900055
770,1015,5.0,1.0,0.1785092993533558,0.5,24.274725806157594,55.83336008742564
588,190,7.0,1.0,0.20010196822890794,0.5,24.199893354565948,55.88205325269809
1332,468,7.0,6.0,0.5124325438788419,0.9468277287314737,24.080860949717575,55.79321701432161
921,236,6.0,6.0,0.5403028749416765,0.7268989018022435,24.11123308883446,55.80111100705898
832,698,5.0,5.0,0.5545594444754115,0.3091383295168617,24.170229270052364,55.80180352458515
320,1096,7.0,5.0,0.3513809673515019,1.0,24.338807066121202,55.561253150581116
1372,1216,4.0,3.0,0.09330829038770186,0.27026376737756175,24.278921004682147,55.787658533944196
1068,1137,6.0,6.0,0.3825481492990531,0.5,24.09378063663288,55.71487031915246
1028,654,6.0,1.0,0.25080306866988894,0.5,24.11894998530203,55.85955184971844
1294,888,7.0,4.0,0.6288182024530891,0.5,24.166877851090312,55.887471216612724
1058,1387,4.0,2.0,0.9645207833213,0.5,24.174519806956727,55.8749438967542
753,751,4.0,4.0,0.5850883705511439,1.0,24.227758459377025,55.85549082758375
795,417,6.0,6.0,0.5779885570718182,0.5,24.28502718634865,55.82057170982572
461,266,4.0,4.0,0.4380611606444499,0.8075678426931858,24.128840510629708,55.72277998384059
1035,833,7.0,6.0,0.3988204974869284,0.8264215488441058,24.30989350004866,55.608768746133606
1069,1496,5.0,3.0,0.7500617232816766,0.39011997040307184,24.162442665033183,55.70682579333773
193,575,7.0,4.0,0.4765218318893292,0.5,24.093693890554597,55.8385972738356
186,899,6.0,5.0,0.4223590468987139,0.975472414727165,24.091875284180748,55.7534397286248
1182,1442,5.0,5.0,0.5922848367670841,0.6080957186716176,24.267835816933363,55.86175587168406
1070,945,5.0,4.0,0.43595193335013893,0.5,24.074924543731793,55.85031294911568
9,18,6.0,5.0,0.5510822723942818,0.5,24.2850574552368,55.86472542446732
758,799,6.0,1.0,0.38056974019876516,0.008492478058164832,24.34020893032318,55.773930124990216
1138,706,4.0,4.0,0.4584493880208125,0.5,24.174683399856598,55.74439431686441
1405,343,5.0,5.0,0.3834102817909065,1.0,24.34270012560486,55.60435893876288
1300,1461,6.0,2.0,0.498693025708252,0.5,24.227408073724863,55.87118531150754
1208,557,8.0,4.0,0.49375196767318263,0.5,24.153588786426138,55.851693763732
255,209,7.0,4.0,0.5113278249093962,0.5,24.10651089500353,55.702040360593216
971,1282,5.0,5.0,0.6929408816835042,0.5,24.27590826230484,55.66589232195188
110,73,3.0,3.0,0.2952465365918907,0.5,24.09135451384072,55.84403856956527
505,322,4.0,2.0,0.21356291149532614,0.5,24.229698060083056,55.60900145211548
478,667,7.0,3.0,0.9922464610205359,0.399533937206095,24.135999198593623,55.64455722811211
918,230,6.0,6.0,0.5770496236306264,0.9486850978506809,24.114745733220865,55.69155109673299
1487,1282,5.0,1.0,0.40378777764212875,0.5,24.26277995757817,55.659385174310316
1279,53,5.0,5.0,0.42265097566801624,0.9694354355058198,24.336582354914036,55.65212958281555
76,196,7.0,1.0,0.1950443922781532,0.19049201841499114,24.109274088910485,55.64887542829864
191,259,5.0,5.0,0.5434381816111622,1.0,24.27645844957469,55.72032303039025
474,76,6.0,5.0,0.658387423822085,1.0,24.05804236935286,55.78306274258787
1255,12,6.0,5.0,0.8647464529248858,0.7107964353521551,24.235621415059562,55.62260342961288
733,435,5.0,2.0,0.9866327334613465,0.5,24.32458733333689,55.55640008131264
262,796,7.0,1.0,0.6007292764948411,0.26120517314361846,24.141563146359122,55.73405268368916
361,429,6.0,6.0,0.5166777263901233,0.825455754385502,24.255344549611028,55.637201326102534
551,1249,5.0,5.0,0.4806781132873769,0.6124004871928219,24.28600208068507,55.68452722951578
394,1354,6.0,7.0,0.7802501545241495,0.5,24.20281087021686,55.720035925539904
715,1150,5.0,4.0,0.618109701051677,1.0,24.129601704707582,55.769804388242115
1230,106,7.0,2.0,0.3447416863989123,0.5,24.318357531506358,55.71855675434917
547,733,5.0,5.0,0.5506446721823105,1.0,24.306206923310107,55.61453917624382
802,1339,5.0,1.0,0.9954825869663044,0.1938954451508137,24.19225245564743,55.59098400731581
1493,343,5.0,5.0,0.5086093703184428,0.5,24.28586062854534,55.65246037915099
1230,142,6.0,1.0,0.7257295663107679,0.20042687834693707,24.325319889974043,55.709623110360134
157,442,5.0,3.0,0.5179658486650113,1.0,24.29701459979568,55.83431058837071
339,1049,5.0,5.0,0.44309018132866446,0.5,24.07746052923703,55.871604889319435
674,930,3.0,3.0,0.4604005851592946,0.5,24.081376226178243,55.56485152388326
870,697,6.0,1.0,0.07382303437036696,0.6044352014012042,24.325532703334776,55.71242548433687
570,961,7.0,6.0,0.5447375033880613,0.5,24.099554293706767,55.635948163295666
999,534,5.0,5.0,0.49274317381047067,1.0,24.34549907743106,55.79124002085357
563,1471,6.0,1.0,0.010894983121556918,0.5,24.247444306985628,55.60914023448621
983,944,5.0,5.0,0.5938822803720835,1.0,24.281210490936225,55.76174370474405
217,71,5.0,5.0,0.6105250064492347,1.0,24.275773721235687,55.836981518484144
601,979,3.0,3.0,0.791288969146511,0.5,24.329211576938658,55.67210207239969
1068,263,5.0,5.0,0.4356481781581589,0.9545158409196651,24.10219686199942,55.70802166511123
170,1244,5.0,1.0,0.2983127732981804,0.09700070377022557,24.14812017652001,55.790002762889245
889,893,5.0,5.0,0.5177408551075409,0.9929487797590058,24.292904539803402,55.69689270142669
1238,200,7.0,3.0,0.2916764681420814,0.16840508523628206,24.102137713600115,55.87245629728049
154,1029,6.0,5.0,0.5264794412306877,0.5,24.23827020835227,55.61072242571831
674,1415,6.0,5.0,0.571852691336502,1.0,24.090721288385268,55.569031507574856
300,316,5.0,1.0,0.0003238533172145612,0.05376435304010935,24.109475856457337,55.8158413255646
410,594,6.0,5.0,0.584432537790717,0.5,24.16327584331884,55.589098133535465
604,975,5.0,5.0,0.6092984745289469,0.9874950265406518,24.31587822469096,55.75356830840544
1418,466,6.0,4.0,0.5237630291643539,0.5,24.22241848082473,55.770713569038044
947,41,5.0,3.0,0.2632857920758838,0.743669797985298,24.117156025008065,55.62077957393413
531,1479,7.0,4.0,0.5936115042863408,0.9044980781398897,24.237362958646887,55.89683846640034
298,60,7.0,6.0,0.3287344237730954,0.9672875118456217,24.332812963583578,55.752741499582484
222,1423,6.0,3.0,0.21954656528040092,0.4794159063324384,24.16885982084359,55.571051514634874
958,1159,6.0,6.0,0.511812032369637,0.5,24.21743882374398,55.70227912064576
75,1466,6.0,4.0,0.646869308038708,0.5,24.23762353595006,55.729712702734574
1282,61,5.0,1.0,0.831200396606378,0.40111501313162023,24.091826063463046,55.62853149659963
83,573,5.0,4.0,0.4395744015366498,1.0,24.301445339834874,55.832793959008114
604,1465,5.0,5.0,0.5638476018841397,1.0,24.31880599611054,55.753705801370245
721,945,5.0,5.0,0.5291532903335628,0.5,24.12084797174535,55.867559354701754
1429,217,4.0,4.0,0.5936931306650013,0.9494379487786965,24.29322358163639,55.86925768568304
1087,1,4.0,2.0,0.7571463748597109,0.5,24.234710939686202,55.595695040649424
1247,371,5.0,5.0,0.5191175656635171,1.0,24.193849573001767,55.77231198461938
199,149,6.0,5.0,0.5447120844523115,0.5,24.10255408397439,55.66050536867827
36,912,5.0,3.0,0.47508997522785384,0.5,24.239795994794488,55.73401057849387
440,179,7.0,3.0,0.9610550139864517,0.5,24.278434122736833,55.73382920533725
877,1068,6.0,2.0,0.02399876371976622,0.5,24.235170099355294,55.812161384223806
1036,202,5.0,5.0,0.8383597055556533,0.9536539592698873,24.336007212931936,55.85011966398974
704,232,5.0,1.0,0.991239729875655,0.5,24.324503608908646,55.612356994298366
949,448,7.0,1.0,0.8797774864107644,0.26199342697730565,24.17939275678191,55.656594055664875
1191,1260,7.0,7.0,0.5082683243028032,1.0,24.115698652473164,55.661602384955586
579,1228,4.0,4.0,0.4410745654230358,0.5,24.217107281514572,55.715437930484136
1125,1243,4.0,2.0,0.8449582259668726,0.5,24.27348147317951,55.76704671352124
1224,1093,6.0,6.0,0.4359699471709281,0.5,24.093726670578636,55.73104061977688
387,698,5.0,5.0,0.42209512759592843,0.5,24.17890801717198,55.805609510216996
1372,560,5.0,2.0,0.6525927922214256,0.18546359243436894,24.276081578827615,55.79165184294149
1455,640,7.0,3.0,0.7630117339608415,0.5,24.289843468074782,55.82783878830719
153,1004,6.0,2.0,0.16612864707620698,0.1759012598497171,24.093183786691103,55.88932187746465
246,1314,5.0,3.0,0.0022188318043902754,0.15935117238523683,24.18747245878342,55.85658118536133
820,458,6.0,4.0,0.8701998917372553,0.152297455457448,24.26199493655768,55.74725145420174
1165,384,5.0,5.0,0.6168694098605101,1.0,24.09053359483366,55.60955596863018
630,1338,6.0,1.0,0.01488880065438486,0.5,24.200107963671698,55.887805439423
1072,230,6.0,1.0,0.008067574142316625,0.5,24.087982442743893,55.705811635748894
20,194,6.0,4.0,0.5770128053974777,0.5,24.34842667090904,55.776179156728126
977,340,7.0,5.0,0.6098026784523447,1.0,24.270381017597316,55.757378480340314
1481,373,6.0,2.0,0.02688374295975662,0.5,24.190242311923814,55.81173720047394
1452,797,6.0,5.0,0.6091915538883241,0.5,24.17533963050186,55.64012056747092
1361,1017,5.0,5.0,0.4260924369035394,1.0,24.191745397239316,55.758905375926574
466,683,4.0,4.0,0.3978731038635961,0.5,24.09747662910194,55.8318271805754
899,254,6.0,6.0,0.5459582821861549,0.9637387183493087,24.18651322587998,55.65580505108364
988,1103,6.0,6.0,0.5792214775801625,1.0,24.33450354803577,55.88795520091498
1201,208,6.0,5.0,0.4889043171861475,0.5,24.076919388781345,55.829757709457134
472,856,7.0,1.0,0.6947299368440668,0.3561512311388329,24.157556803835284,55.691214274564956
494,248,5.0,5.0,0.6005116900837218,1.0,24.300558004037732,55.683180694803745
831,1292,5.0,1.0,0.00476863533669971,0.5,24.297772751287237,55.70893617903701
465,710,4.0,4.0,0.5910369080216857,0.5,24.149226319789374,55.69361001624002
536,504,5.0,1.0,0.6221371381477697,0.5,24.27935837562678,55.76943739966686
79,267,6.0,2.0,0.20295565858842654,0.5,24.31746659046103,55.82424311914017
640,987,5.0,5.0,0.6633992254457705,1.0,24.24154372969687,55.88968952020251
1381,31,5.0,3.0,0.08074124489809403,0.29270867774569365,24.337112614965786,55.83405467919391
906,1076,6.0,5.0,0.3074687191660531,1.0,24.144207270473093,55.767672009467944
1094,1155,6.0,6.0,0.43828928340872525,0.5,24.082909199629636,55.6744857183713
1056,1368,5.0,1.0,0.640876900407705,0.37953066314998146,24.18032444475195,55.64429852830092
341,962,7.0,1.0,0.2788446649731465,0.4409803392271888,24.100689944396247,55.551921285388
528,1312,5.0,5.0,0.5266412946638546,0.8090479895305305,24.295035232754714,55.74493783580909
730,764,7.0,2.0,0.2720102282842526,0.5,24.197168697981088,55.77984774748958
804,89,6.0,6.0,0.5241097003704229,0.5,24.17270276520961,55.808103281728386
28,517,6.0,3.0,0.7571934778454161,0.5,24.16028852062557,55.736119975890354
163,731,7.0,6.0,0.49948199773986346,0.5,24.279360065466573,55.58293322025712
53,1197,7.0,1.0,0.9883180166996695,0.5,24.101320839629636,55.78749722807897
179,275,5.0,5.0,0.43051096759339846,0.5,24.071336914804057,55.793387808376295
286,667,7.0,4.0,0.5533117437614256,0.9502255900216597,24.118008724989807,55.67888413871136
1340,535,5.0,1.0,0.8690305050041414,0.5,24.210784056521835,55.87617631877553
881,1006,3.0,3.0,0.6157479517078064,0.5,24.104638922997996,55.69804494780866
502,1058,6.0,4.0,0.5820987444102612,0.8104526712634209,24.236829168533696,55.71325473503449
1260,697,6.0,6.0,0.49799597104971777,1.0,24.340809553763382,55.71205354158804
213,1143,7.0,6.0,0.5456090882796423,1.0,24.291321290732977,55.59567296866012
1361,1358,6.0,6.0,0.3523337713658325,1.0,24.182078993914434,55.75753740458304
1454,201,5.0,5.0,0.4216923532121727,0.5687660373288919,24.247385500888843,55.58025730673619
1401,1392,4.0,2.0,0.604984847968065,0.5,24.119672706238898,55.850739578695105
365,307,5.0,2.0,0.8079572338969933,0.5,24.291645405689312,55.865403013974245
100,497,5.0,3.0,0.27721572495992536,0.5,24.19939343842389,55.87930483996456
590,1038,5.0,5.0,0.5996919299857559,0.5,24.178998411927697,55.635767854025296
1480,178,6.0,6.0,0.543590835862761,0.5,24.11251919754434,55.668444443270644
1083,902,5.0,1.0,0.30824539284792735,0.5,24.094579667709432,55.68398954075266
697,1322,7.0,7.0,0.43078448853637386,0.8106775260168935,24.25880610428924,55.63831651500679
469,770,6.0,6.0,0.7175155202957765,0.5,24.076944324549448,55.799495986268894
74,688,6.0,5.0,0.5144008833809975,0.5,24.197118387296698,55.67620410222089
920,1240,5.0,5.0,0.5427410065608745,0.19619711540850437,24.32391637682641,55.830672778229335
1067,1469,5.0,5.0,0.45782052156727,1.0,24.157731544979125,55.74785447875393
1418,293,6.0,5.0,0.513052231531673,0.9087404637624532,24.219815143686557,55.77976807461897
785,1251,5.0,5.0,0.46021785063402454,0.5,24.13122145125292,55.60420839574649
1029,95,5.0,1.0,0.9996791064969692,0.5,24.329117078943984,55.72017110281992
165,460,5.0,5.0,0.6525844527918858,1.0,24.19363832327098,55.56042758649486
767,978,6.0,6.0,0.5667649312332451,1.0,24.255585098069556,55.603870210846786
695,688,6.0,3.0,0.9983660906193828,0.42361387664344685,24.18022093767979,55.666872022602526
681,676,6.0,3.0,0.6458693207917535,1.0,24.244088493079385,55.907286695021405
1252,1266,5.0,5.0,0.6318742661296022,1.0,24.174816872146142,55.64467447364731
812,799,6.0,5.0,0.4098236276051168,0.6502785557143578,24.350448797734963,55.763481586937104
34,963,6.0,4.0,0.5984266827855358,0.7534553985153893,24.335161829847827,55.61068703940189
917,35,4.0,2.0,0.8135128507451644,0.5,24.177454001273734,55.67619195668725
1346,90,4.0,1.0,0.3522782078557624,0.40807951669205716,24.30779499433007,55.855417165756485
457,364,4.0,1.0,0.8446900255451459,0.5,24.100242865357348,55.719258017830136
66,336,6.0,1.0,0.9425907189425244,0.5,24.322195101778973,55.86789502708241
1352,1196,6.0,1.0,0.8892888598678993,0.5,24.11251693049321,55.892331292819065
673,970,7.0,7.0,0.7245831311704817,1.0,24.195381559415924,55.649444748508266
978,323,4.0,4.0,0.5999211089401986,0.9937358447573276,24.277348566240597,55.716215302438016
1192,1466,6.0,2.0,0.9166703961496292,0.5,24.211049086331208,55.73562710476888
363,495,6.0,2.0,0.9960535111238404,0.5,24.23567608037708,55.846690165033934
493,609,5.0,5.0,0.5611946742397724,0.5,24.30422611895089,55.605215938287635
1187,160,6.0,4.0,0.5232442177753072,0.5,24.276091288296236,55.886888364554466
43,917,7.0,7.0,0.47257620377987164,0.5,24.184130104104536,55.74211196996591
282,582,7.0,4.0,0.26334295616365855,0.5,24.28426234366725,55.69367887708792
208,1108,6.0,6.0,0.44242748410759325,0.5710443019403916,24.239218397469752,55.82723327952045
93,880,5.0,5.0,0.5167710879602873,1.0,24.263730446118867,55.73794560737736
814,49,6.0,1.0,0.009872355148268742,0.5,24.165509173610257,55.78490365553177
1450,23,6.0,1.0,0.027316261652933823,0.5,24.072454051513404,55.668192604128166
617,743,7.0,7.0,0.5213804605522517,0.5,24.316133774909435,55.6043638131431
918,129,6.0,5.0,0.6645048432967292,1.0,24.11125209994921,55.69221502882948
1295,391,6.0,5.0,0.4331188665789334,1.0,24.221006026331818,55.73797764382467
460,1490,5.0,5.0,0.5652398922935227,0.5,24.29746002784274,55.8343465200324
1265,533,6.0,6.0,0.6882693965151888,0.9853917263816966,24.327294964083666,55.65056809670534
1374,816,5.0,5.0,0.4865554107693253,1.0,24.172405595188152,55.8787067244457
1425,523,5.0,2.0,0.7643089245684394,0.3220918793551726,24.348337712215002,55.795158055520126
1382,260,6.0,6.0,0.6214430119290696,1.0,24.192831613487826,55.678857683976574
640,1153,7.0,5.0,0.5403665641315721,1.0,24.23398351191536,55.89878378948682
913,1017,5.0,5.0,0.5533625966468938,0.962418867794192,24.165468962316215,55.71453158960109
1402,1063,4.0,1.0,0.8186270110613122,0.5,24.259858742221997,55.89605023720374
30,288,5.0,5.0,0.45733392133100864,1.0,24.152510294992403,55.89083379360774
277,113,6.0,5.0,0.349417640340007,0.5,24.169770514670844,55.78262958709496
1342,1110,6.0,5.0,0.4560815269321634,0.5,24.142786740945716,55.758841541566845
174,291,3.0,4.0,0.20746625952996361,0.5,24.07221411797458,55.57657048883863
276,588,5.0,1.0,0.0013781099635655398,0.5,24.348071104739518,55.71666884681698
1144,1455,4.0,2.0,0.5699516622631253,0.5,24.334245775115143,55.830303959304835
1219,1133,6.0,6.0,0.6439843324356713,1.0,24.102286229668483,55.81511225336037
22,279,7.0,6.0,0.4906627780628402,1.0,24.254116853397214,55.874878804668604
999,274,5.0,5.0,0.4764523456289752,1.0,24.338490554828148,55.794742082315395
433,1132,5.0,3.0,0.10637681550903383,0.5,24.222753450091584,55.77541845440133
774,297,6.0,6.0,0.46172562447343035,0.9369563943434116,24.33796450442924,55.882314720507864
578,1237,6.0,7.0,0.21310888585235785,0.5,24.133145971669666,55.684483427143405
55,183,5.0,5.0,0.4799951997794961,1.0,24.3325699238486,55.59521053542872
1483,1228,4.0,1.0,0.947341995849436,0.30260277006758657,24.255013234165624,55.76543165983844
1314,1326,4.0,4.0,0.5727855909422886,0.5,24.299551921291275,55.77553691090262
1121,607,6.0,6.0,0.37407370055726075,0.9487073146820373,24.223256371154342,55.83680520626859
40,1048,6.0,2.0,0.0037174702730942066,0.5,24.214272083645355,55.73812082104977
771,600,4.0,4.0,0.60025083739085,0.40992038576702106,24.191360827222855,55.64524994790369
226,1276,4.0,4.0,0.46788532425171464,0.9262085679076244,24.341717108352377,55.63537792864415
84,246,6.0,6.0,0.3826914202792219,1.0,24.19990433564024,55.7849827194719
762,77,6.0,1.0,0.05857090565904761,0.028742991021270203,24.151107475934204,55.581950231556725
156,399,4.0,4.0,0.5080761859108397,1.0,24.14463657271848,55.79474409782581
263,1291,6.0,4.0,0.5162111664791169,0.5,24.208469562348654,55.74633594980146
1094,88,6.0,6.0,0.6480109380877142,1.0,24.083630918380962,55.66926285416641
372,350,4.0,4.0,0.6344732484011517,0.5,24.1956575820732,55.55722130977357
1118,419,6.0,5.0,0.6112580853192117,0.5,24.19174104072704,55.62578845655197
1462,9,4.0,3.0,0.9993909042151574,0.00633746261612278,24.20747218172933,55.5487652988968
1101,586,5.0,5.0,0.562122406141042,0.9884179932076766,24.19723044747825,55.82763333769943
93,262,5.0,5.0,0.6842534062646284,1.0,24.25574345294709,55.73395977944283
1363,7,6.0,5.0,0.37805512338615943,0.5,24.24100732262541,55.805300668216134
1440,899,6.0,4.0,0.4807606958688006,0.5,24.140773522536847,55.73529097463823
627,1017,5.0,2.0,0.2390998609115173,0.5,24.149714336571474,55.766372160467526
97,753,6.0,6.0,0.4894804108084573,1.0,24.221387733968463,55.73947337442172
617,752,5.0,3.0,0.35300510481911407,1.0,24.312983152385353,55.60414661742372
135,588,5.0,1.0,0.9515615979053299,0.5,24.330147823235116,55.692851371764405
526,967,5.0,4.0,0.7490402079519276,0.018750615086941258,24.10754283931462,55.63452841420807
1118,169,5.0,5.0,0.36839016232423905,0.7792249402805943,24.184537047447773,55.628688155151245
190,1204,6.0,5.0,0.5248594783383214,1.0,24.177437560779342,55.83927400377861
1217,1417,5.0,1.0,0.6203293720691727,0.5,24.115483054801217,55.664077369643216
672,895,3.0,3.0,0.43973609526168067,1.0,24.16306291729451,55.54725995779935
965,139,5.0,4.0,0.5949011075145652,0.5271384414812965,24.09248623546251,55.853053142754376
1322,1116,6.0,4.0,0.47792927395847,0.5,24.298597712357807,55.66166818568553
674,491,5.0,5.0,0.5185576080735037,1.0,24.096899911369402,55.56227373787119
901,354,5.0,5.0,0.544695425757081,0.5,24.13469058537808,55.84810139792333
620,1202,7.0,1.0,0.3447536691804285,0.3506175877996851,24.071363381175782,55.86427710919329
799,338,3.0,3.0,0.40991334548115266,1.0,24.294564268863645,55.87883079282256
376,924,6.0,5.0,0.5287143996846155,0.911617751314314,24.134956118283487,55.87191228724069
1209,729,4.0,4.0,0.5876524296474182,1.0,24.250671974370817,55.71444423348091
1142,901,6.0,6.0,0.45795282027479023,1.0,24.142003236132112,55.65369677719441
920,1455,4.0,3.0,0.02175858388653409,0.9338438638515462,24.314755080001092,55.82267294700816
93,174,6.0,5.0,0.36156126118628884,1.0,24.264990429915827,55.72945839977796
78,1492,5.0,4.0,0.536104692622333,1.0,24.114724156067343,55.58113727262066
121,809,7.0,6.0,0.5955353566285536,1.0,24.338384689920435,55.61051582341323
1338,152,6.0,4.0,0.5199554766262571,1.0,24.351093067224067,55.794622818018354
825,860,3.0,3.0,0.6110424554259125,0.5,24.136785187872707,55.7390525528395
997,506,6.0,1.0,0.5986209130586507,0.5,24.32159468685572,55.69153657962577
1465,622,6.0,4.0,0.5849678523274963,0.5,24.248075115027557,55.59688305807049
786,1147,5.0,3.0,0.4254048853837755,0.5,24.097290684536787,55.55378658510804
765,651,6.0,6.0,0.6581159137059721,0.5,24.245041557160523,55.598880176018895
1150,428,5.0,5.0,0.640109331789664,0.9684947971614148,24.131872258588416,55.59890982126869
264,1007,6.0,4.0,0.287779653164915,0.5,24.106895021999417,55.63227631540176
964,881,7.0,1.0,0.3412962534844486,0.5,24.15312454566693,55.75111376822414
1169,474,6.0,5.0,0.6775203467852489,0.5,24.22793716937705,55.81018017359965
198,399,4.0,1.0,0.10118166252767487,0.5,24.119556795477216,55.81859856708244
1039,165,7.0,6.0,0.6134947199835683,1.0,24.19798268740393,55.75997081992193
1146,73,3.0,1.0,0.5325434370463148,0.4359728493737224,24.095252453302226,55.7752272008629
2,1094,8.0,5.0,0.5639808899782103,1.0,24.135224713418967,55.811877669195965
510,8,5.0,1.0,0.9924584707398245,0.5,24.149353832792613,55.60320278284924
1270,539,6.0,5.0,0.55278229567292,0.5,24.111364178427493,55.77375521316898
872,352,5.0,1.0,0.14481252140863246,0.5,24.224877184824976,55.57703336008045
349,921,5.0,5.0,0.16699535128270454,0.5,24.277870981311406,55.58159732243822
386,1425,6.0,1.0,0.19621192806367416,1.0,24.163027234983698,55.61726116803897
201,867,3.0,3.0,0.5902130915870094,1.0,24.23765717885499,55.637251109879564
1076,604,7.0,7.0,0.480882909060975,1.0,24.242479568660244,55.573201399256725
845,710,4.0,4.0,0.47492751374044434,1.0,24.133464527746696,55.73153314302645
126,1377,6.0,5.0,0.5194672593959582,0.5,24.123267792545345,55.74468255717486
1026,795,6.0,4.0,0.48626191240901756,0.5998279904383208,24.28718716117684,55.75681527591475
306,80,7.0,2.0,0.5049270809941836,0.5,24.108403240933136,55.58476215788425
526,8,5.0,2.0,0.37204617462451645,0.12759934270119305,24.10412295421721,55.63519433807687
168,687,3.0,3.0,0.469138072177888,0.5,24.214822808679667,55.66881272084849
1288,1311,5.0,4.0,0.9512376274456081,0.5,24.300030731460925,55.80103387092194
1321,25,6.0,6.0,0.5981975751910358,0.5,24.292807532043994,55.6469643060481
1301,91,6.0,5.0,0.4503824374595865,1.0,24.29944784741685,55.78228612863787
380,1465,5.0,2.0,0.305015095295572,0.5,24.298851843255253,55.756483489325525
37,356,5.0,1.0,0.20413665166109557,0.2001681141843462,24.163740209719574,55.77393237276953
1248,71,5.0,4.0,0.16459135275697384,0.5,24.31783015437319,55.792139776303856
832,1318,8.0,7.0,0.38594451433137544,0.8082176353325617,24.17868423299523,55.79699616552406
797,1478,6.0,6.0,0.5639839697588419,1.0,24.293990691498184,55.704352332572014
1129,379,6.0,6.0,0.4556795064806246,0.6548549188159891,24.313115950496442,55.66105777141854
610,1094,8.0,2.0,0.7361379726969967,0.5,24.181702659349458,55.78105173642025
347,309,6.0,6.0,0.012386317112536622,0.5,24.25120406048219,55.69137806207211
1098,1391,6.0,6.0,0.4643622999023408,1.0,24.112917379509433,55.818767417077524
380,776,5.0,1.0,0.07037496652948563,0.27051667046522976,24.302444901483366,55.76250946762177
818,1002,6.0,2.0,0.04178557543318317,0.8190511460063098,24.169824471086457,55.71728029567809
1493,1141,6.0,6.0,0.5764850711268029,1.0,24.28114265989425,55.64801940439287
749,1498,5.0,5.0,0.621498869132193,1.0,24.326079137095086,55.60928339798663
609,1431,4.0,4.0,0.36337616052337873,0.5,24.168579770488886,55.634758473910935
386,1366,4.0,1.0,0.9870930113918531,0.4287370271397719,24.154441432062658,55.608389285317486
285,1471,6.0,6.0,0.29203594861216176,1.0,24.269997884241263,55.567325174943036
1135,1489,5.0,2.0,0.33284687900680765,0.18343999224489577,24.27723547214173,55.745218826499
1317,723,6.0,6.0,0.5564612386819836,0.5,24.25356659494122,55.65028489970436
720,1272,7.0,7.0,0.5375475159687271,0.5,24.32113007918926,55.72169196192223
370,185,6.0,6.0,0.6790460864346115,1.0,24.118044467955972,55.56315205384136
971,1141,6.0,5.0,0.7629505573739745,0.8603711266373395,24.285713632542453,55.66540671941911
1331,116,6.0,6.0,0.579547386379093,1.0,24.285745324855966,55.598588256201666
807,152,6.0,6.0,0.5186486354640353,0.5,24.3326648275201,55.839437819680924
1256,644,5.0,9.0,0.0007024606194977152,0.5,24.247410963250204,55.63389669787376
30,1421,6.0,5.0,0.4775015091283348,1.0,24.14708290931505,55.89157866524823
966,583,5.0,2.0,0.31865008612435036,0.5,24.230306484660673,55.809884375916205
456,142,6.0,5.0,0.5755019347890588,0.5,24.344424471895238,55.63788767008833
548,909,5.0,5.0,0.6742569152654843,1.0,24.17793095370862,55.86077437626803
730,272,8.0,2.0,0.002268364762892338,0.12783493142094637,24.196780634114944,55.78846343825028
437,1132,5.0,5.0,0.4225501173905889,1.0,24.265017107543127,55.75597876619056
1364,518,6.0,4.0,0.47752444433402075,0.5,24.21855839133079,55.77048789706685
539,588,5.0,1.0,0.09976397516937537,0.5,24.343825200075045,55.72804258740643
527,1166,5.0,2.0,0.240039290160987,0.528514163163134,24.3057159254133,55.6804656125076
129,751,4.0,3.0,0.6970572986497465,0.5,24.269686916147908,55.8889027174116
436,1447,5.0,4.0,0.49175592451743894,0.9868401969946446,24.338615472042957,55.8900007830048
1255,576,6.0,1.0,0.9768688678853381,0.7329353935098415,24.226272934577405,55.61480795554433
774,1214,4.0,4.0,0.4718042936283238,1.0,24.334510437319846,55.8766095995044
1377,972,6.0,1.0,0.7110846051178358,0.25533570026357816,24.25402073463679,55.84064985089519
1431,1252,5.0,5.0,0.5091458604293235,0.7327860576574852,24.2653430336985,55.8309970659984
143,377,4.0,4.0,0.38425215299778226,1.0,24.18980815453405,55.769921523633634
516,918,5.0,1.0,0.1924858492415699,0.00021175397089512327,24.121646803853256,55.71389786731824
1210,898,5.0,5.0,0.5339525132190399,1.0,24.15203843711262,55.770849315870194
179,814,5.0,5.0,0.5946723253433804,1.0,24.067541414899125,55.78811558448971
372,44,6.0,5.0,0.4473336914175961,0.9226052481722221,24.2023024213375,55.550868830013684
988,994,6.0,6.0,0.5765699535615917,1.0,24.32456619618288,55.89514630425875
428,264,5.0,5.0,0.49184757251250955,1.0,24.32679913536826,55.75237952322017
1165,394,4.0,4.0,0.41777674086945804,1.0,24.08979321529824,55.60064967686564
236,619,6.0,1.0,0.999815946646592,0.7463086596944847,24.16869729435968,55.87276260700975
905,431,3.0,3.0,0.3260661302767397,0.5,24.236880490233972,55.57816032866697
1229,467,6.0,5.0,0.7933897549369804,0.5,24.182759656882574,55.7852222632843
1323,764,7.0,6.0,0.5361187609362956,0.5,24.166014716404366,55.75106778898082
110,385,6.0,6.0,0.5875031516267685,0.8664165960288797,24.09890262022308,55.848308057112455
625,453,5.0,1.0,0.012469299446818061,0.22637309238892123,24.245775109002672,55.75844630113639
869,916,5.0,1.0,0.9784736819431483,0.15271146615484293,24.28994307637104,55.76884469454927
1202,116,6.0,5.0,0.6075113306063598,0.8088187683422838,24.252476657078404,55.630379279185014
880,907,4.0,4.0,0.4826354292029318,1.0,24.167407342411998,55.58811187373576
1177,645,5.0,5.0,0.5997053697924231,1.0,24.094359815009355,55.713626185178605
365,704,4.0,6.0,0.9741952975216606,0.14733392748203922,24.297316610843232,55.86634603121936
1322,412,5.0,4.0,0.41493420578275286,0.9121124254895698,24.28975896487582,55.66619384995305
442,1173,7.0,7.0,0.1549196297138316,0.5,24.123935919666273,55.87951703354884
111,918,5.0,4.0,0.5829086586850283,1.0,24.115752769482413,55.73424775745764
583,671,4.0,4.0,0.2923391866394779,0.5,24.087139365553597,55.60956520894499
711,1057,6.0,6.0,0.4115065157820586,0.7422716977290583,24.127410949439838,55.57018097790885
1099,1359,6.0,6.0,0.5094630102224253,0.5,24.088333694654953,55.795635876110964
299,92,8.0,4.0,0.9907044324152073,0.5,24.29600417697113,55.86404707764759
1435,996,6.0,6.0,0.4558686724508595,1.0,24.308249406995955,55.57756561329973
689,93,5.0,5.0,0.5017993595802118,1.0,24.190305835745892,55.645531299471706
367,408,6.0,1.0,0.815932040632179,0.5,24.1614882124163,55.688424151534356
78,268,4.0,4.0,0.5208963821381489,1.0,24.124500289554817,55.57176641439343
121,1285,6.0,5.0,0.33885053390320513,1.0,24.340952586270983,55.619878609477176
1055,286,6.0,6.0,0.4530512248272459,0.5,24.30396896432831,55.80246728874904
215,652,6.0,5.0,0.4500989770670898,0.5,24.217662226773083,55.60048899628125
1234,838,7.0,5.0,0.00015603558207152757,1.0,24.205788581115744,55.644275900274465
244,534,5.0,4.0,0.5595335276789573,0.8403501349214608,24.322736065553276,55.78442399252009
1484,71,5.0,5.0,0.617980181084206,0.9702941752140675,24.29498486303815,55.77129332723794
557,640,7.0,5.0,0.5402504919378187,0.9164241628289401,24.32822379313064,55.816166712036285
1354,793,6.0,5.0,0.4157253005397325,1.0,24.247687612876422,55.68581310806195
179,316,5.0,5.0,0.47097875425272534,1.0,24.065468016762043,55.778327615050095
844,820,7.0,5.0,0.5182817967310547,0.7873276070170692,24.20280043028287,55.741764252224904
178,696,6.0,3.0,0.09199541009306607,0.5,24.174191547284888,55.70478922756158
392,603,6.0,5.0,0.4482177031099877,0.7045672848432953,24.178925483284406,55.823545833038416
129,1185,4.0,1.0,0.5688613813850905,0.6082542294196331,24.26923723449871,55.88149884175029
787,1242,6.0,1.0,0.7999893958029322,0.5,24.24810043571138,55.71445178822807
1254,1351,6.0,5.0,0.6822195830272219,0.5,24.28326113109544,55.71288192079547
753,271,6.0,5.0,0.5535905163576613,1.0,24.231171333410263,55.8643730602483
413,798,5.0,5.0,0.6082899777299932,0.6813099909179076,24.327168867456905,55.60111873662865
1437,765,5.0,5.0,0.377178732871929,0.5,24.117064392915147,55.841171793527984
83,1211,4.0,4.0,0.444955095587925,1.0,24.296909615013295,55.82593048196984
970,485,6.0,2.0,0.8937813880549461,0.5,24.232257744471724,55.80036285762664
1266,1402,4.0,4.0,0.4577085929757985,0.8190584919017858,24.192404653454904,55.81409640013208
1098,945,5.0,5.0,0.3515336304410279,1.0,24.12059528431336,55.81321371153817
503,980,6.0,6.0,0.5933715347450238,0.7143311005743388,24.160474028435367,55.69027246141267
360,155,6.0,4.0,0.8030508551447063,0.5,24.216421593785547,55.781796715212394
398,967,5.0,3.0,0.054755682017143224,0.5,24.116255992899628,55.665416385593716
593,1110,6.0,4.0,0.6309181228622582,0.5,24.118479155628638,55.73797643598124
760,138,5.0,1.0,0.7990808342157096,0.06097831032279144,24.251515285509743,55.88108001189957
537,555,7.0,7.0,0.343287299171544,0.5,24.32816975791903,55.87615221390531
654,1422,7.0,7.0,0.49905731747784,0.5,24.25141931474074,55.798649895907126
1115,425,5.0,5.0,0.43062438888065635,1.0,24.21776310255119,55.71321629677454
231,581,6.0,6.0,0.4515225290584494,1.0,24.15676348399396,55.75307023750118
129,284,5.0,1.0,0.5217694205082858,0.3453486238532699,24.273220803018805,55.890336860164375
559,1165,5.0,1.0,0.0007838306691432016,0.20023937644847967,24.09799221978822,55.602297236704516
481,886,6.0,6.0,0.4678898792912369,0.5,24.172076236162997,55.835148915352114
1116,1333,8.0,1.0,0.26485611961619676,0.5,24.09619680631924,55.81829188698286
884,480,6.0,5.0,0.3534071353160291,0.5,24.316166502325856,55.820449643331095
1081,463,5.0,5.0,0.5695085299368426,0.7708495988447553,24.30868038219892,55.804519835978915
1400,216,5.0,5.0,0.48453115816082976,0.9770758537916118,24.185117919591004,55.76230656047653
8,1318,8.0,2.0,0.8699537793906362,0.5,24.206568526446542,55.78149223217147
476,291,3.0,1.0,0.25752393369947224,0.5,24.07641208214798,55.59458937985682
1287,1193,6.0,4.0,0.5889334345913115,0.5,24.107937427920525,55.82718187353991
1149,1109,6.0,5.0,0.6112371301206132,0.5,24.141514182619176,55.62713797384896
1339,441,6.0,5.0,0.4104442633815465,0.7932710795174924,24.16926799657704,55.64217378915046
613,1229,7.0,7.0,0.5133134304876733,0.9629897020057068,24.074385377194734,55.80664941783407
1406,1419,6.0,6.0,0.5217447970659311,0.5,24.32560518781194,55.610219447081626
1047,1322,7.0,1.0,0.8782800820337247,0.5,24.205941013765457,55.66317160838165
154,652,6.0,5.0,0.4390272793231812,1.0,24.23884254386116,55.61908961511206
927,20,5.0,5.0,0.4753013865477225,1.0,24.243805446659938,55.58091980116157
394,669,7.0,3.0,0.9608811090817032,0.940793496457079,24.201260974559652,55.711940756768016
1173,635,5.0,5.0,0.4124198838852884,1.0,24.297332945181154,55.752840963210936
1236,615,6.0,6.0,0.4755590848240744,1.0,24.289436767673156,55.77391925735547
1253,1202,7.0,2.0,0.3111497082551918,0.5,24.081198846343703,55.801793567536556
973,1103,6.0,6.0,0.35074857128639947,1.0,24.348394879209785,55.85583903377471
1330,1466,6.0,6.0,0.4623101352050364,1.0,24.261820439725966,55.7226547828085
1195,1115,6.0,5.0,0.525848267066674,0.5,24.159195114096637,55.843617299933335
465,238,5.0,5.0,0.5575524668273318,0.9638163359089125,24.140969015851617,55.68879611433549
969,690,7.0,3.0,0.37404606672956586,0.5,24.34580638569612,55.6418324938256
229,1091,6.0,1.0,0.7535537440964997,0.020147980002041876,24.162800774913396,55.74147511715041
199,1219,8.0,5.0,0.6151839461874914,1.0,24.096264229932572,55.66220069435004
1229,663,6.0,4.0,0.45219380853229946,0.5959162394841092,24.17446588880276,55.790522087379216
885,832,7.0,7.0,0.6108663933963752,0.9197606533969714,24.141613353232795,55.60202003884974
910,1229,7.0,1.0,0.3362922735591779,0.5,24.11521586387526,55.765642172949406
1417,633,5.0,5.0,0.4643481421474217,0.6171501648882332,24.267266413391575,55.78843070625517
52,1010,5.0,2.0,0.5050159313198427,0.27572410136129066,24.171448444591057,55.6636790737759
163,808,6.0,6.0,0.6139581365749919,1.0,24.283106636260435,55.59265691566037
126,263,5.0,5.0,0.3519200929808658,1.0,24.113716399544348,55.74124401269212
546,1171,4.0,1.0,0.011561096680064173,0.5,24.309861400333787,55.86578624101067
1002,197,5.0,5.0,0.6035689009428147,0.5,24.312356125434604,55.6122733626388
1436,1041,7.0,1.0,0.013767521960412251,0.33409582830926043,24.32361153373744,55.830644780959396
780,444,6.0,6.0,0.6484965111476212,0.5,24.3203624558286,55.66994722640475
1197,837,5.0,3.0,0.20778708059050202,0.5,24.19884322980976,55.7897923667008
1032,839,5.0,5.0,0.685503222664886,0.5,24.118538321640404,55.830201562911235
199,178,6.0,5.0,0.441499782061604,1.0,24.104641817562225,55.65427195554996
1217,1154,6.0,1.0,0.06410164116177525,0.13752039428559498,24.114852141678256,55.672240181862904
952,541,5.0,5.0,0.6500062942023812,0.5,24.31737184121556,55.591555335821624
217,559,5.0,5.0,0.49775372504699883,1.0,24.27910110228824,55.840545697643805
1294,1367,6.0,4.0,0.6848902299835337,0.4955387095150674,24.158755373599252,55.88518938941438
1373,562,4.0,4.0,0.4869476516681524,0.5,24.09302374620862,55.6175327419858
419,334,7.0,5.0,0.6419740899992309,0.5,24.307398396018474,55.56810003108763
1474,58,5.0,3.0,0.0019248780408642103,0.5,24.132890806567797,55.89928130101546
898,1426,6.0,1.0,0.6228963743644484,0.24608579792335328,24.24910634286258,55.89018198677313
1385,220,4.0,1.0,0.5758202219525421,0.5,24.34080729931742,55.67043462811009
357,311,5.0,5.0,0.5386671813514106,0.5,24.14407282200589,55.87549483976736
1306,1453,3.0,3.0,0.42392797372124486,0.5,24.167844722464153,55.55552980604773
154,150,4.0,4.0,0.46008833180405584,1.0,24.246087356761603,55.61285464190811
1243,1136,5.0,5.0,0.4177446836214178,0.943136892523107,24.266902042598698,55.845514954834385
1273,347,5.0,5.0,0.5063776780486771,1.0,24.215961021445835,55.883270279564535
1128,1491,6.0,6.0,0.4038408767935833,0.8160436496869126,24.239742911040636,55.765071484378026
1170,1373,7.0,4.0,0.5438841416504934,1.0,24.08232945797247,55.866408298325496
178,1109,6.0,3.0,0.004967306368768828,0.15850530806356783,24.177359904408693,55.70988826172137
1145,640,7.0,5.0,0.45426015410808224,0.5,24.34806828678292,55.8400834787061
1007,926,4.0,3.0,0.0671761069658353,0.06449000102508551,24.189660210764718,55.596032686259754
767,609,5.0,5.0,0.6121442084836405,1.0,24.252573339489054,55.59672190362538
1012,1465,5.0,1.0,0.20316929292360547,0.5,24.274847507686403,55.7732702545496
1221,81,5.0,5.0,0.5154271079632412,0.5,24.106920203541804,55.809772513162926
338,637,6.0,5.0,0.34956133180001575,0.9438598442185648,24.141371582504476,55.86000190977769
1088,1264,5.0,5.0,0.05580758705241577,0.5,24.168068878423835,55.80799107235202
333,724,7.0,1.0,0.0013136818472734156,0.5,24.3485810804976,55.67032270119312
389,1120,5.0,5.0,0.7002747945541214,0.5,24.173480944136863,55.7735313123632
402,878,5.0,5.0,0.5325817581725375,0.5,24.28133298589989,55.64375252256153
676,1443,5.0,4.0,0.23025875294112205,0.5,24.1468063812263,55.63981764007932
101,1257,7.0,1.0,0.000624478881104133,0.02471156087550902,24.24736495740348,55.86577313819814
1289,334,7.0,1.0,0.0012221123072161861,0.5,24.262255033578576,55.59021559422487
1485,1488,5.0,5.0,0.4297304755675671,0.7679969098327762,24.129604882072698,55.83362841400303
584,348,7.0,2.0,0.9996436732682278,0.5,24.126579364025883,55.85823824776838
676,638,7.0,1.0,0.7712175886470256,0.5980247190774513,24.14451718693873,55.64619833317336
653,46,4.0,4.0,0.45591186543504336,0.5,24.2712234673359,55.877761459323416
974,1192,4.0,1.0,0.8167676153383072,0.5,24.286411133378863,55.57574997033405
106,110,6.0,3.0,0.008331096516082971,0.5,24.205696159643935,55.655611802613535
548,714,7.0,5.0,0.3173813484859729,1.0,24.18686557557814,55.86496030674246
1109,238,5.0,1.0,0.5299283278145209,0.5,24.13211031070788,55.69922977450523
807,74,6.0,6.0,0.4844063373129181,1.0,24.32615215849511,55.832161785294716
1081,1497,5.0,5.0,0.4813444404247923,1.0,24.310359777636513,55.80227514096932
130,469,4.0,4.0,0.4748983698963779,0.5,24.08203246365704,55.83459738596682
1053,623,5.0,5.0,0.6467242857642721,0.9255064260924019,24.206204572511698,55.75183123375351
1475,917,7.0,2.0,0.740540114587343,0.441701542076454,24.13374054276139,55.74195764061579
659,908,5.0,2.0,0.8665132733280221,0.5,24.11708260319122,55.71585599292495
409,56,7.0,2.0,0.9773916044600865,0.5,24.18840474134649,55.616682658253936
1317,783,5.0,5.0,0.5350723112173181,0.999474825807387,24.25127732601154,55.65313312367065
172,1029,6.0,6.0,0.42092543957934947,0.8870557720000487,24.250949724192562,55.62562284247643
964,1291,6.0,1.0,0.007684366242932061,0.04963230768083693,24.156762736576265,55.75730276271014
648,1196,6.0,1.0,0.7804872612228139,0.5,24.097173085950384,55.8892605078646
840,1097,6.0,1.0,0.0015438571792280146,0.5,24.123851191674817,55.6561793536745
105,554,5.0,1.0,0.009392158264456368,0.5,24.332547338214464,55.75247018892172
607,249,6.0,6.0,0.3356879833370582,0.5,24.144314840502542,55.730787908150084
552,276,4.0,4.0,0.3790295101607689,0.773754780945178,24.183338240863147,55.811044611340925
798,920,5.0,5.0,0.4211382915157278,1.0,24.193336680831973,55.567160925440085
1054,1333,8.0,1.0,0.0013827998400209875,0.28843179125408475,24.102673929840382,55.86147473216117
437,1310,6.0,4.0,0.43869132217077217,1.0,24.27059777488403,55.75030999914482
1216,1106,7.0,1.0,0.2190537874824743,0.5,24.30526124915903,55.88957937758658
1085,1480,4.0,4.0,0.43671618450768585,1.0,24.115422636372585,55.61078843126933
1212,1269,7.0,6.0,0.5076675834619792,0.5,24.160039527965633,55.552552375393844
954,32,8.0,6.0,0.46149129791258253,0.8506267593553032,24.24095284863816,55.716170126380995
579,894,5.0,5.0,0.5244173915802581,1.0,24.222289209240827,55.720147242399854
748,112,5.0,1.0,0.006902874385302804,0.18681264932165603,24.140836054329355,55.584401006851465
47,231,5.0,5.0,0.7247952213055807,1.0,24.091265887845644,55.82892321420008
968,1424,4.0,2.0,0.5573178048317321,0.022738759472223313,24.329658411028543,55.80054841140625
1097,959,6.0,4.0,0.39772856674750334,0.5,24.144234130990622,55.82015463475229
103,1377,6.0,2.0,0.9922444281584537,0.5,24.12142642571768,55.80221215517596
1170,1049,5.0,5.0,0.348491351178245,1.0,24.089920492289703,55.85674362107677
1170,757,6.0,5.0,0.4174749277940942,1.0,24.09131686168459,55.862815997155984
711,353,7.0,5.0,0.5458083802097939,1.0,24.13170046785513,55.57767167292557
1465,576,6.0,4.0,0.31416529394866105,0.6391107323414469,24.255455695906885,55.587633483076814
1440,270,5.0,4.0,0.42298011118253387,0.912887988312042,24.1335720219444,55.73130958209704
1471,122,5.0,5.0,0.48916169471746385,0.5,24.209874105675183,55.67995153527548
524,195,5.0,4.0,0.5149618454424578,0.5,24.07021560130015,55.79710635318911
595,1230,5.0,1.0,0.030536413381699993,0.5,24.232575279960543,55.598535570830826
91,1162,5.0,5.0,0.6334462851858292,0.5,24.24466435982263,55.831294941965986
84,192,4.0,4.0,0.6600996712304994,1.0,24.190416079196957,55.79187119806802
7,863,5.0,3.0,0.48672503695436536,0.5,24.1953091582301,55.722286111871256
1261,340,7.0,7.0,0.5648856338401479,1.0,24.319969804863348,55.77911113120243
292,1114,5.0,5.0,0.33798262801487505,0.5,24.08762329208484,55.68746211421533
1319,994,6.0,6.0,0.4433438785352706,0.7879541412895239,24.334437680380518,55.83124834920839
1200,1372,7.0,4.0,0.44302240085095007,0.5769321569988507,24.257143061757574,55.762258836926016
184,207,4.0,3.0,0.478541229485977,1.0,24.296529697495302,55.72267831941718
583,38,3.0,3.0,0.5071106791478982,0.858770658387109,24.08577502193106,55.60744649558013
482,19,7.0,2.0,0.9500933575203571,0.4486222709122286,24.095045955390678,55.76974563602637
718,115,5.0,4.0,0.3802345146011455,1.0,24.342753634834747,55.571307182064935
1190,164,5.0,5.0,0.49264366717292857,1.0,24.191099172682126,55.58554092599597
1038,1193,6.0,5.0,0.5664951908110143,1.0,24.086021235414822,55.812395244427854
164,637,6.0,1.0,0.967450239826473,0.5,24.1677411138852,55.869969263955966
721,348,7.0,5.0,0.45862220358895356,1.0,24.128732574239663,55.86975851516627
842,294,7.0,5.0,0.45934187812869137,1.0,24.294559172785053,55.86274668637416
1387,1017,5.0,5.0,0.6478632223186112,0.5,24.124497928063487,55.78192018573535
249,766,4.0,1.0,0.3825316219648592,0.5,24.17303304583825,55.7536215703589
1074,366,6.0,5.0,0.3244926521419219,0.9143163718109821,24.134931127897765,55.659326218720814
914,210,6.0,6.0,0.3646087714813947,0.5,24.09123637212267,55.69770869147184
88,1328,5.0,1.0,0.9550198153647222,0.5,24.279133702149466,55.79137499870747
185,781,5.0,5.0,0.5323681571684571,0.9970891530571027,24.11708476311516,55.66127159783559
54,996,6.0,6.0,0.5764262079625295,1.0,24.276226620219308,55.557759717952
636,678,6.0,1.0,0.5013297983082529,0.16022835447905093,24.244690769135214,55.739939023734124
1413,560,5.0,1.0,0.6140208972430142,0.5,24.27120543126784,55.82492373931369
996,232,5.0,1.0,0.01794195735554837,0.5,24.348979225578844,55.56678190181221
605,198,6.0,3.0,0.21885445121039773,0.5,24.073924493089795,55.79061648447256
548,1293,5.0,5.0,0.39562206826182356,1.0,24.177953368182735,55.863181112096946
1225,901,6.0,6.0,0.7372339248591875,0.5,24.167494417214847,55.582307300761904
729,1159,6.0,7.0,0.9373402974111635,0.5,24.189213624748426,55.69038976068785
726,334,7.0,5.0,0.31244648850910683,1.0,24.29265915320193,55.59560288010812
460,836,7.0,6.0,0.39892436394174485,0.9925876659110692,24.302943574205187,55.84098164929316
1284,80,7.0,2.0,0.8981273607923509,0.5,24.113378774722662,55.63031041642123
338,1287,7.0,6.0,0.2604579348266693,1.0,24.144353197832842,55.86558140747915
1055,1195,6.0,4.0,0.46540745649361664,1.0,24.29936133231123,55.806341073884674
557,152,6.0,5.0,0.6662640604442711,1.0,24.321870404922475,55.82405293633594
993,50,4.0,1.0,0.6746218248470982,0.5,24.195326403941,55.65453977132073
1421,1068,6.0,5.0,0.5291332811132582,0.4546535587338104,24.189495594970936,55.76871502039964
51,584,7.0,4.0,0.5449475738589158,0.7914788145884607,24.330303562302696,55.6979839220836
1225,491,5.0,4.0,0.04476597396893063,0.8158002393901455,24.16676288920387,55.57391856887669
1115,880,5.0,5.0,0.5745854541925263,1.0,24.221565720865968,55.707108388574525
528,91,6.0,4.0,0.5169310742113652,1.0,24.303072087790913,55.75094851061161
441,1071,7.0,6.0,0.3943216960120485,0.5,24.32666416326874,55.691691588798356
1067,1342,5.0,4.0,0.4284431276458089,1.0,24.15520284056927,55.755710109692
1166,1356,5.0,5.0,0.4778922901021502,0.5,24.121636386386044,55.79786781480246
1121,47,6.0,5.0,0.5597946059266211,1.0,24.232968093586354,55.83516533294422
966,47,6.0,1.0,0.8717553793615932,0.2854322385471169,24.22466432414681,55.803059989838744
501,747,6.0,3.0,0.06666452350407877,0.1486859056107288,24.173511389492635,55.77013602423235
674,213,5.0,5.0,0.5262262469324314,1.0,24.090604379900473,55.56092544913928
179,1475,6.0,6.0,0.34887287678271606,1.0,24.069744490011963,55.77766319331089
132,739,5.0,5.0,0.591241160230706,1.0,24.09893500820862,55.889671167282316
1171,936,8.0,4.0,0.7377842942738683,0.5,24.25099291686261,55.66530748028786
1170,739,5.0,4.0,0.2845297319794335,1.0,24.087484905883798,55.86456932656581
709,1057,6.0,6.0,0.5552389884091823,0.697000141866329,24.17187780237108,55.594287758692516
21,513,5.0,1.0,0.010130453447747047,0.5,24.17156063433895,55.60635574969864
364,379,6.0,6.0,0.3359394698522956,1.0,24.30441232364431,55.643437881289174
642,516,6.0,8.0,0.27684303856492537,0.41009430981457157,24.221441144320988,55.86706402335484
1430,822,4.0,1.0,0.9269975879299649,0.5,24.167167838655327,55.739016011781956
1427,41,5.0,4.0,0.9920514252956621,0.5,24.13834848389477,55.66760982988495
422,26,3.0,3.0,0.502711857419002,0.9511474883539819,24.201712360863308,55.625641152671555
925,89,6.0,2.0,0.6896118906247384,0.5,24.149641693211684,55.763399995175156
418,162,5.0,4.0,0.45083031684896996,0.5,24.156807115070876,55.57854424172738
1136,152,6.0,5.0,0.6602754909100349,0.5,24.347908044837748,55.791978121597666
1456,274,5.0,5.0,0.3858861805422467,0.5,24.34061337783688,55.745622706243914
64,123,6.0,1.0,0.9499546312119044,0.5,24.116752352420008,55.774533508393056
1411,15,4.0,2.0,0.1542449272613093,0.5,24.120974188562247,55.71691998231177
1098,403,4.0,4.0,0.432370797941914,1.0,24.116938594373284,55.81538672552877
683,169,5.0,5.0,0.6065412214824042,0.5,24.18863481114638,55.59196103566918
937,138,5.0,5.0,0.9553723131869565,0.42171650333059685,24.3223216795908,55.88084831294166
577,533,6.0,1.0,0.7038722134083985,0.5,24.29751216916783,55.66823675101855
461,270,5.0,5.0,0.5592398141607374,1.0,24.133480305924053,55.72362865343887
102,1195,6.0,1.0,0.7197261759385474,0.5,24.319195414744673,55.78070323510767
1256,1450,6.0,2.0,0.8803431098915341,1.0,24.25174385291319,55.63787881846335
525,759,4.0,4.0,0.70337356568405,0.5,24.26025147515214,55.55660016327509
62,722,6.0,5.0,0.46828523730037297,0.5,24.330195635228016,55.80167923571858
1248,1343,5.0,2.0,0.9121535383728745,0.5305823574432803,24.327419656556657,55.80051695493772
1347,102,7.0,1.0,0.09999321216271481,0.5,24.26702041154886,55.57441709691252
1036,1324,6.0,6.0,0.5537655084164282,1.0,24.330317147716,55.843863784399694
102,1490,5.0,1.0,0.9379713248805298,0.0011306519651900215,24.316496458697838,55.780067112051626
896,1162,5.0,5.0,0.46118984072441344,0.5,24.28913343896222,55.75618342516295
307,538,7.0,4.0,0.40763507021327333,1.0,24.273982623363064,55.70005220863869
290,1427,5.0,5.0,0.41685165803451685,0.5,24.135534189052372,55.64729562747379
1494,811,5.0,5.0,0.42063724653692847,0.5,24.086634143145677,55.71124532545479
715,230,6.0,6.0,0.47769728956900936,1.0,24.128799720423505,55.76684395179395
965,1078,5.0,1.0,0.3807684703962179,0.7900772515803397,24.09830319871071,55.84973811072077
1277,452,5.0,5.0,0.39105663372880234,0.9978090653482665,24.082483462931975,55.68062621376039
1398,734,6.0,1.0,0.8398329806685294,0.03403523650319984,24.18477090503411,55.68065683615045
258,531,4.0,4.0,0.36461061419397695,1.0,24.155588090653648,55.651296662759925
1235,24,4.0,4.0,0.31509778171953445,0.3909050408573863,24.10775345817346,55.69437923679904
579,1375,6.0,4.0,0.39215224401036897,1.0,24.22690294705485,55.7154091243471
567,484,6.0,3.0,0.6070659894206429,1.0,24.213148878777226,55.59677245374754
912,1386,6.0,6.0,0.6239281786337552,1.0,24.134317773118326,55.78698037613203
865,490,6.0,4.0,0.5155200865962404,0.5,24.1758758001815,55.69298878443601
1157,808,6.0,6.0,0.5021615991180532,0.9619493478131418,24.25819283497797,55.61552965014504
789,683,4.0,3.0,0.8859890780147877,0.6466411061157749,24.087526955043217,55.83977166153186
419,921,5.0,4.0,0.4995163233301764,0.6279624017843264,24.30091226162842,55.5716199903712
1391,956,5.0,1.0,0.4378997199241889,0.5,24.162084569545982,55.69607745095087
1317,206,7.0,6.0,0.5737507754188973,1.0,24.25202651395577,55.65251261268726
257,1286,5.0,1.0,0.5932642925841404,0.5,24.17205095938471,55.84497579227892
517,988,5.0,5.0,0.5211941923028337,1.0,24.1247850277527,55.5611851029353
666,235,4.0,4.0,0.49592175888105205,0.5,24.137010652022923,55.74343543646358
1314,1058,6.0,6.0,0.5719725748601963,0.9849241103230509,24.28988719906904,55.76940480815073
952,183,5.0,5.0,0.5578642394186677,0.9054832889130189,24.318224176954818,55.59043522300676
1445,370,5.0,5.0,0.623139889057896,0.5,24.29147644516659,55.897066902746154
1088,787,5.0,3.0,0.7095749012544622,0.6231975595065502,24.17351442491568,55.80687847137584
1229,706,4.0,4.0,0.6086361520448235,1.0,24.18181088936782,55.7941447576859
544,416,8.0,2.0,0.8340893878756784,0.5,24.293956028316963,55.81266972290784
352,858,6.0,5.0,0.3783499947317244,0.5,24.21592391567711,55.838681756312106
443,707,6.0,2.0,0.6415327686465034,0.5,24.11172807510408,55.672665576644164
1315,1408,6.0,5.0,0.5961595720785466,1.0,24.235691361290893,55.69719347119368
187,623,5.0,6.0,0.02075167127844846,0.5,24.220286874429704,55.78509738644921
1129,1223,6.0,6.0,0.40937094605590907,1.0,24.308714241934958,55.65513578191004
863,1302,5.0,5.0,0.6600334068403491,0.5,24.126754157740272,55.83894338662546
1144,1484,6.0,4.0,0.5499549625896443,0.48784752421599054,24.328726312076125,55.83686341404293
548,654,6.0,4.0,0.6499958567722091,1.0,24.171903838174938,55.857694919296364
174,4,7.0,2.0,0.5771750161131237,1.0,24.079216460499975,55.58147422408004
570,1443,5.0,4.0,0.5742500573812797,1.0,24.094148092753926,55.63085503622318
809,76,6.0,1.0,0.643103861659301,0.5,24.08563717232763,55.75574493164798
84,1000,4.0,4.0,0.578106226031401,1.0,24.18559818984198,55.79757591304284
477,480,6.0,4.0,0.4623707123503475,0.9918820255386606,24.27654363925632,55.82609733716579
354,392,6.0,6.0,0.3916556950374283,0.5,24.288442493746008,55.59976773773401
458,1077,6.0,6.0,0.6246930422838447,1.0,24.084644439665063,55.79514909267612
848,805,6.0,1.0,0.9999585497766537,0.28097432886081825,24.0799713528466,55.81639416840865
119,591,4.0,4.0,0.5185278566369083,1.0,24.12684564704718,55.807480803477205
1339,1417,5.0,5.0,0.43180917607555447,1.0,24.1600947323776,55.642638016104264
792,596,7.0,4.0,0.36359803202280205,0.7815955749735863,24.318496372830943,55.565811835292216
682,1126,6.0,5.0,0.5948726281969933,0.6734715039108002,24.2193258139611,55.8707585437373
1394,1376,5.0,5.0,0.5140828778562042,1.0,24.183723635038003,55.73142332417976
1272,864,6.0,4.0,0.7123846734928512,0.5,24.086050698810137,55.835907162619606
1067,230,6.0,6.0,0.5483980764659407,1.0,24.1495916212786,55.74624737143538
364,690,7.0,5.0,0.7437807001979632,1.0,24.309052691816223,55.640980978216554
1160,512,4.0,4.0,0.5560636993136603,0.9868161150762409,24.07844883900278,55.71270656984202
1117,1443,5.0,5.0,0.5365470338199614,0.5,24.08055460450694,55.62397031365843
678,824,5.0,1.0,0.9984417852738443,0.44364356461765364,24.30920507552116,55.89286392962279
1103,237,6.0,4.0,0.7594844195470465,0.4033200397165871,24.155567456666265,55.81904634990305
1057,96,7.0,2.0,0.28288916533935804,0.5,24.325672603370023,55.55440154152069
1080,1218,4.0,4.0,0.5828793992609035,1.0,24.11057176571821,55.81100873931039
858,1096,7.0,4.0,0.5516710637913937,0.5,24.34772746500749,55.55142310868604
608,1103,6.0,5.0,0.6586811251711354,0.8391604551720264,24.288897284174745,55.89940599813968
765,1325,6.0,1.0,0.1490323157045149,0.8993307625923331,24.25372492401865,55.59028480182654
31,753,6.0,4.0,0.17243042699641914,0.5,24.27942131716654,55.807402826887895
947,414,4.0,2.0,0.686963181477457,0.6771103659403273,24.113528198709503,55.62267625623427
527,1121,6.0,1.0,0.36085626929128667,0.23606997320034262,24.310619928594875,55.6870712513561
939,1287,7.0,1.0,0.01435578735212226,0.5,24.1085596444136,55.897842113183955
1471,325,6.0,6.0,0.5513619962246098,1.0,24.21518111492325,55.67074976043485
816,1279,6.0,6.0,0.4949621583641885,0.999969598214233,24.160552197965,55.65363307836823
263,1354,6.0,5.0,0.43393109685183145,0.9113823929605177,24.20360573954066,55.75262682541947
441,440,4.0,4.0,0.4585081554903172,0.8201659481931207,24.317967380331233,55.697596789005686
952,479,6.0,6.0,0.42448191439206584,1.0,24.32547611351174,55.597854798431555
1261,1343,5.0,5.0,0.5653464882864351,1.0,24.32672255605122,55.77309898253344
1058,1296,6.0,1.0,0.16805057870316648,0.0889178152542377,24.182705464587922,55.875575620732064
1205,853,5.0,5.0,0.4552360817397631,0.5,24.200159534901843,55.841470583727045
176,772,6.0,6.0,0.38380993547649117,1.0,24.22613780318774,55.802184585550236
424,1253,4.0,4.0,0.3331890607074548,0.5,24.135689507177183,55.85316845399269
197,1321,5.0,10.0,0.9798485840352589,0.49866790413879925,24.22440170903597,55.561239447250706
553,140,5.0,5.0,0.5031750756329735,0.5,24.233252192883175,55.866002335896795
249,1350,6.0,2.0,0.007838098558297476,0.20135754816301354,24.175268179731173,55.74824687497958
726,116,6.0,4.0,0.5726757990048053,1.0,24.296718849764652,55.59872558357519
1194,702,7.0,6.0,0.25210416022259174,0.5,24.18255066248208,55.82890315051734
1045,1113,7.0,1.0,0.738215918175302,0.39501619921995534,24.192957115441786,55.66208904334955
343,91,6.0,7.0,0.9641893506369114,0.5,24.2932878384496,55.705902854930926
1107,1244,5.0,5.0,0.40209861668075214,0.5,24.092801400952137,55.82303715965986
191,1050,6.0,5.0,0.6198730182771865,1.0,24.27955591450662,55.718349295616036
721,839,5.0,5.0,0.554869034112384,1.0,24.121515965562644,55.87033939362083
199,1353,4.0,4.0,0.4759019452251667,1.0,24.112112571805717,55.653870072007116
1388,828,5.0,5.0,0.47834469640886584,0.9010013389568725,24.156922085969356,55.8155654907295
1294,58,5.0,5.0,0.546589615074052,0.5329059232343053,24.161679488417118,55.88032801091168
889,695,6.0,6.0,0.3652646432342096,1.0,24.289471366246143,55.69158598027284
1162,1351,6.0,6.0,0.33768941048794654,0.5,24.310148181736103,55.69803432592495
359,168,4.0,4.0,0.3301015309883142,0.6099674880976451,24.332214966594787,55.74848526539386
995,1267,5.0,5.0,0.4942440669645348,0.9806520985315141,24.244646081536576,55.7490672585747
267,1180,6.0,2.0,0.8183034866618297,0.5,24.078122896200345,55.61439618801206
1322,951,7.0,5.0,0.5704478974154636,1.0,24.283371491336787,55.65976171925318
798,9,4.0,4.0,0.3812989410990686,1.0,24.19863058854794,55.56643050110708
411,552,5.0,5.0,0.48131310781991604,0.4025669527342013,24.074558972436762,55.725895572797995
1241,637,6.0,2.0,0.994327670609788,0.5,24.13941202034063,55.82836723471297
737,957,5.0,4.0,0.4610863765712926,0.5,24.07424977484035,55.853862962579576
732,628,5.0,5.0,0.4109761273780824,0.9530242370203146,24.31709647768703,55.657232395555454
557,264,5.0,5.0,0.5440510070451531,1.0,24.319166238304856,55.82193192550899
690,62,6.0,2.0,0.8571504592620665,0.5,24.326314754798833,55.66318748328131
216,13,6.0,5.0,0.6218405426310194,1.0,24.33782031270397,55.797844543476614
721,528,7.0,5.0,0.47711277100143656,1.0,24.120455066646088,55.86453226766451
1204,675,5.0,5.0,0.5072135662075519,0.6982337724785916,24.279815233429062,55.881733580176196
188,126,5.0,3.0,0.43110781623937,1.0,24.112319316705577,55.614013911608716
242,485,6.0,6.0,0.47077080651472547,0.5,24.26034676927579,55.76764741098708
1304,489,5.0,5.0,0.582355504633305,0.9979805393689907,24.20225531039298,55.641274880496745
1126,1130,5.0,1.0,0.08053976473210658,0.5,24.288684391967333,55.85323941506232
764,1262,6.0,5.0,0.8194442208493267,0.2618355480283393,24.182253558044675,55.883296972674984
476,606,5.0,2.0,0.7170202057437639,0.15705441468872222,24.083138285290318,55.601570242890354
699,870,5.0,5.0,0.48880969674441294,0.5,24.348150541395835,55.77014476845327
129,982,7.0,5.0,0.7041817418452085,0.28874920175367996,24.28130466302255,55.888496081790926
1004,1091,6.0,6.0,0.571731705017673,0.5,24.186399277685187,55.77001230367379
1431,108,6.0,6.0,0.35340202273809773,1.0,24.269178466679417,55.830740730537855
1142,650,6.0,5.0,0.6014384824456234,1.0,24.14054391775365,55.662304685449925
1151,1315,5.0,5.0,0.38996965372720427,0.5,24.087229637377366,55.68120266076958
1044,1050,6.0,1.0,0.6214693480345258,0.34022560640081617,24.247380622722403,55.74161853846096
1055,777,5.0,5.0,0.39118608334519733,1.0,24.307039397116487,55.79742421997743
1327,1029,6.0,5.0,0.6212003927840859,0.5,24.224272318989616,55.67298763666294
1268,760,4.0,5.0,0.6006206420517147,0.5,24.21668207806498,55.66537551179917
543,607,6.0,6.0,0.5469023675301468,1.0,24.2669907820075,55.889681496376355
407,1101,5.0,5.0,0.56772075525344,1.0,24.311498653681376,55.80748553166991
712,634,6.0,2.0,0.3260870303158232,0.5,24.15704021345433,55.85108005535272
1034,705,5.0,5.0,0.2446596590317614,1.0,24.26931069912805,55.7632201077543
410,781,5.0,5.0,0.4816964666877243,0.8028941522255041,24.171125547873,55.589461424504286
746,184,4.0,1.0,0.9774334848975952,0.5,24.096242533855953,55.68407179175108
1148,564,5.0,2.0,0.6236339478645531,0.5,24.330352075535355,55.846112660349235
880,162,5.0,5.0,0.5428681767264875,1.0,24.169832305534207,55.58270377997537
403,439,7.0,3.0,0.7331920313423258,1.0,24.34121643651984,55.652293955941246
573,1387,4.0,2.0,0.2756514635592015,0.5,24.184661481254658,55.86963308580734
250,492,4.0,4.0,0.6869920425311237,1.0,24.2662126173437,55.58393637691803
1413,1148,6.0,2.0,0.7448352751210958,0.13934786269543625,24.27844557945859,55.83064190204435
610,1188,6.0,2.0,0.5168387386649876,0.07050953064886134,24.185033732726872,55.77302539466525
1475,1470,4.0,1.0,0.30266013667143743,0.04077358236569123,24.130070602850946,55.738546410737634
486,252,6.0,5.0,0.46028604337704176,0.5,24.175013589262758,55.733639790186295
1175,1433,5.0,5.0,0.44688041465336426,1.0,24.174704868757406,55.564798125287055
193,1226,5.0,5.0,0.5573865363468582,0.8177746212843399,24.10053675619464,55.82940768699863
1051,979,3.0,1.0,0.44799434113685277,0.5607409079963057,24.31205855668904,55.62656158944693
721,571,7.0,5.0,0.45955806595689447,1.0,24.12943395914325,55.87145224491021
219,310,5.0,5.0,0.5581847361748635,0.5,24.207294916784228,55.65863649636289
235,543,6.0,2.0,0.09427085195788762,0.24907431983193018,24.2203583719475,55.63102599039544
1065,588,5.0,5.0,0.5016507207296149,0.5887491823611806,24.2772168618564,55.7447592925134
187,756,5.0,1.0,0.8434932085173978,0.7872126239162924,24.21152848484883,55.788967507625394
1259,1274,5.0,6.0,0.7889104604823299,0.5,24.274519511460774,55.56437282849701
757,1263,6.0,4.0,0.45604746812458535,0.5,24.272366667889283,55.664764876914546
952,630,7.0,6.0,0.47288525080585625,1.0,24.322853049376146,55.58883376470473
521,105,7.0,1.0,0.019057480231490932,0.1926369214227231,24.221265436992287,55.87883439581342
1061,100,4.0,2.0,0.9999981794055812,0.5,24.099276821584606,55.56357180734649
1493,996,6.0,6.0,0.5615868056084058,1.0,24.27827526020837,55.64904732492245
461,1397,6.0,6.0,0.6193014022251352,1.0,24.13896671769209,55.71529871064379
90,551,5.0,5.0,0.62950960706051,0.9781331741731335,24.15014070018497,55.77187304432665
43,29,7.0,6.0,0.4396384624644214,1.0,24.186379464186633,55.734521623882664
572,601,7.0,5.0,0.5750364732785088,0.5,24.130023967842416,55.85787540825163
1117,786,6.0,6.0,0.6771324568394974,1.0,24.08288440595398,55.6295008541132
843,648,4.0,6.0,0.6261679178337702,0.5,24.087499455743107,55.85739168886846
1461,684,4.0,4.0,0.36859134665360216,1.0,24.114046496529564,55.811867331714076
168,50,4.0,4.0,0.45949214281732875,1.0,24.206111041656207,55.66034536544585
587,1247,6.0,5.0,0.4833567449970277,0.5,24.21147562161663,55.809165664365864
977,319,6.0,6.0,0.4564854884555928,1.0,24.27582301962646,55.764590111342905
156,1110,6.0,5.0,0.5119295577512084,1.0,24.141281557293013,55.803010174297945
1439,148,4.0,1.0,0.9684734619689161,0.5,24.255933437935,55.570350923248895
900,1227,6.0,1.0,0.7354107474338902,0.5,24.242474862880147,55.837511486930794
1195,664,6.0,6.0,0.39079484359967065,1.0,24.15615347764296,55.847641568820215
189,658,6.0,5.0,0.3351497847056757,1.0,24.283407837083764,55.86948683815451
192,633,5.0,5.0,0.4225114004419275,0.8263511906924321,24.22709411870279,55.83426288359931
1325,1179,4.0,1.0,0.34419716379055754,0.46070577622192943,24.145725698464386,55.73833371641507
142,836,7.0,6.0,0.19304700651346926,0.5,24.271558034508082,55.81896895754047
1387,661,5.0,5.0,0.5367419801065069,0.9053672744280835,24.125469731039324,55.77485214613965
663,1340,7.0,6.0,0.18346545342858397,0.5,24.270997033240313,55.71729598072628
796,1000,4.0,4.0,0.5733236743665411,0.5,24.219183463054616,55.72553372855765
1242,1378,5.0,2.0,0.34350922619318003,0.5,24.08002682886281,55.57629369306805
324,849,6.0,4.0,0.6027300406520862,0.48397031776073673,24.210110323528347,55.550325913906505
978,1497,5.0,5.0,0.5193563054970696,1.0,24.284151764382244,55.71574683076461
1078,1423,6.0,4.0,0.5409707165824627,1.0,24.131813459219615,55.5675985241067
1433,62,6.0,6.0,0.49212538224984603,1.0,24.332971903698077,55.59539441665508
530,576,6.0,6.0,0.5347782540074735,0.5,24.24499918237996,55.623192663557916
880,891,4.0,4.0,0.6052056914639036,1.0,24.170621550369997,55.586725670288516
81,1047,6.0,5.0,0.6209324732350006,0.5,24.252807663318585,55.779959595634075
418,1251,5.0,4.0,0.5195456679585897,1.0,24.157069441391354,55.58237674978314
769,1159,6.0,1.0,0.8981151925778221,0.5,24.253287438840356,55.68857650212439
717,512,4.0,1.0,0.5372108946028576,0.5,24.09218700892699,55.704356577700906
1294,886,6.0,6.0,0.4472351999236518,1.0,24.16316538681412,55.888535635082214
1287,805,6.0,5.0,0.44721030329578904,0.6337664990938701,24.11378679497146,55.82827502596557
918,899,6.0,6.0,0.5709812586954397,1.0,24.11704256414061,55.695219722230426
524,575,7.0,2.0,0.07612020602954729,1.0,24.07564734052718,55.8040470041112
1142,883,6.0,6.0,0.5609909471414193,1.0,24.142975047291287,55.655080609951035
1479,602,6.0,5.0,0.6132817239366684,0.9552375083042247,24.34874110650473,55.619450693125685
580,1335,8.0,6.0,0.5764908946384084,0.5,24.230908218985622,55.65886962097424
556,858,6.0,1.0,0.8124805878703413,0.08598577417505981,24.228240147737168,55.800619400678606
668,1001,6.0,6.0,0.5559646768280184,1.0,24.227458336796683,55.64267303948651
331,566,4.0,5.0,0.05422002905300864,0.8413924422999588,24.24415329532902,55.546987662698726
744,1325,6.0,2.0,0.9794048658595116,0.21350927104184136,24.205323353008335,55.61690199074607
981,191,4.0,3.0,0.4937650702233588,1.0,24.07305749113832,55.697065107951765
1046,963,6.0,6.0,0.6683100653574827,0.5,24.30883612827315,55.606980918640424
930,901,6.0,6.0,0.4376909334752135,0.5,24.184876369787386,55.60686778935931
753,998,7.0,6.0,0.5644163641141227,1.0,24.223118260375692,55.86209969743645
365,255,8.0,1.0,0.29878851366022974,0.7297862776726227,24.29188643242152,55.858462148578475
1207,889,5.0,5.0,0.4250110029499539,0.9961605950724259,24.134990270716504,55.575340035478774
1132,834,6.0,4.0,0.5970426059073799,0.7816164455292818,24.08846187830685,55.74200908712884
352,477,6.0,4.0,0.329224861757748,0.7779855982624239,24.20908599333275,55.842856466472305
388,1124,6.0,1.0,0.16657310419675167,1.0,24.30540153367708,55.854316351848446
816,1463,5.0,5.0,0.4907707406065087,1.0,24.154541571869157,55.648314987621426
1344,552,5.0,1.0,0.3355742385359788,0.3947969926283288,24.09875794187299,55.707131701089146
617,809,7.0,6.0,0.570529401132596,1.0,24.30630247565064,55.5951373576794
843,469,4.0,2.0,0.5492380095674472,1.0,24.083307973435907,55.849159267708785
1452,638,7.0,6.0,0.4849440168442401,0.7791827072296523,24.176073246769043,55.646559267031115
398,717,6.0,2.0,0.3669646885912652,0.22070379975533094,24.12052053815032,55.67169568653607
714,383,5.0,4.0,0.8073188957048072,0.5,24.145213425633173,55.86581876529011
422,99,7.0,4.0,0.5262373940309505,1.0,24.209221859806714,55.61854378392626
846,1070,7.0,2.0,0.7300478592679935,0.5,24.18301260938037,55.62123959125048
697,227,7.0,6.0,0.5518560832326093,1.0,24.252678306344922,55.64411975697581
1348,974,3.0,3.0,0.4428482952288186,0.5,24.117455480162032,55.82957660198889
892,508,4.0,1.0,0.996524111782566,0.5,24.318994494196577,55.8628502244832
360,820,7.0,1.0,0.3526173405652642,0.42027599144331995,24.222602885763038,55.78284682878677
1358,446,4.0,1.0,0.0028491872445419023,0.5,24.109564528429598,55.58862990692022
159,163,7.0,6.0,0.5272343441455178,0.5,24.128835311735216,55.857546021071734
912,1358,6.0,6.0,0.5128597447253572,1.0,24.131723071166075,55.79526097762917
855,192,4.0,4.0,0.4370665287728281,0.5,24.153480951653847,55.83043012390731
1176,52,4.0,4.0,0.5698841692887254,0.5,24.303367264016334,55.81776071835868
1353,492,4.0,3.0,0.586247811303321,0.5,24.231130195774508,55.619877794184355
1090,1450,6.0,5.0,0.5217462396370419,0.5,24.258688706145957,55.66306867328676
975,1177,4.0,1.0,0.9802402453809651,0.271509743996771,24.287611593211533,55.64069169497035
992,721,6.0,3.0,0.29297421233023024,1.0,24.118585624153067,55.7050243506246
775,226,4.0,4.0,0.5883064331632156,0.5,24.25845439490388,55.63946344508473
1271,298,6.0,6.0,0.47152690300581596,1.0,24.147689270148575,55.57660470253971
1107,275,5.0,4.0,0.5502501664364502,0.9676140119351693,24.087897484252927,55.81334486050078
1318,1134,5.0,2.0,0.8906782070078887,0.5230504263864204,24.12780919748224,55.88521874827264
1373,1395,5.0,5.0,0.5400321861871098,1.0,24.086325840826962,55.61169559710671
993,290,6.0,1.0,0.9988582818489149,0.12885026277364053,24.187022976762588,55.65377390206213
65,696,6.0,6.0,0.6415211213702199,0.5,24.1477805777625,55.66817764936772
1431,199,6.0,5.0,0.501642692843335,1.0,24.275077099739757,55.82340684421534
1326,74,6.0,1.0,0.03838952086984238,0.5,24.338774980068635,55.84704240678563
388,68,6.0,1.0,0.211742685714625,0.3964144478689948,24.30222356370303,55.862956908119365
596,993,5.0,5.0,0.6430269692201498,0.5,24.114475755754896,55.796030660965165
1492,699,7.0,1.0,0.059239879143588574,0.028087723988262647,24.27029831963884,55.670854807652255
1373,572,5.0,5.0,0.5697624074611476,1.0,24.087572506601923,55.61733493313864
1263,1457,6.0,3.0,0.04900493571305278,0.5,24.31895084944797,55.69840342430419
494,1276,4.0,4.0,0.40264499169955736,1.0,24.290664533992246,55.67582349506863
392,909,5.0,5.0,0.6109508916443105,1.0,24.187558365354235,55.8274105656606
1233,381,5.0,5.0,0.41623728853166914,0.9554800450347604,24.173242505889736,55.80939991897558
254,1078,5.0,1.0,0.7706235902135232,0.5,24.126743118420602,55.83304787538189
1032,1259,4.0,4.0,0.5511586358423384,0.8701950376310789,24.110514868648263,55.832456760804426
216,42,5.0,5.0,0.5175015176981044,1.0,24.343219489465955,55.80719979977188
1254,405,6.0,5.0,0.4518983186987678,0.7074167888040432,24.278679086916163,55.702956721852395
411,263,5.0,4.0,0.5357406792223699,1.0,24.06944295004545,55.7186072386232
1404,1460,5.0,5.0,0.6807441110877149,0.5073184115701728,24.093188397023255,55.59038278962664
1193,249,6.0,1.0,0.9776825454805947,0.23284246185221313,24.088665616725873,55.746490280437925
772,1481,6.0,5.0,0.6440119798431581,0.5,24.316887056410955,55.69169646931815
1381,1195,6.0,3.0,0.9973624119732959,0.04324336880041407,24.333668308497497,55.8416992960483
419,630,7.0,7.0,0.6002228636464699,1.0,24.2996378551671,55.56439607166962
81,485,6.0,6.0,0.48346557741604784,0.7690304847554991,24.24903899130597,55.77579921477257
96,703,4.0,4.0,0.27254561949839656,1.0,24.322423509689937,55.65971724291357
1209,28,6.0,4.0,0.461558355732467,1.0,24.25674768946303,55.72239982725241
583,1273,6.0,6.0,0.5420826661380398,1.0,24.08897047008046,55.60965413896912
394,863,5.0,1.0,0.9912818212422624,0.4650666622397482,24.193359160618513,55.708792277850684
298,1489,5.0,5.0,0.5137210228863482,1.0,24.324581193432714,55.755641111511245
173,967,5.0,1.0,0.1933073985273924,0.5,24.134387482546643,55.695463176577825
990,436,7.0,5.0,0.42417329200201515,0.5,24.326692836083033,55.663113367232086
982,983,6.0,6.0,0.45640395287594665,1.0,24.071874567924734,55.833682378699834
1243,1240,5.0,4.0,0.4675871191363693,1.0,24.276740543257752,55.83629772753814
75,458,6.0,6.0,0.45404843796925043,0.5734564784247334,24.23714218849013,55.738591132123915
1187,1468,5.0,4.0,0.3722806948575236,0.9100387131034571,24.268539048930062,55.880836318293134
1266,356,5.0,5.0,0.6443822941737943,1.0,24.193733683799728,55.8200723701226
1494,1320,5.0,5.0,0.40699202682496743,0.9880200041287148,24.081576382907404,55.70853383483135
622,466,6.0,1.0,0.945796684659072,0.015038403839908732,24.20864365734684,55.81511633774103
1235,180,6.0,1.0,0.6361711586433642,0.7734509126171312,24.10644099587642,55.69361068342762
1407,417,6.0,4.0,0.43059938963210465,0.5,24.269696997301903,55.86503234995884
768,995,4.0,4.0,0.561094242511086,0.5,24.19662730750317,55.81303197559207
35,1177,4.0,4.0,0.43927941895062267,1.0,24.297623123857903,55.61812717475674
450,1371,6.0,4.0,0.5725381105749819,0.5,24.34011006952536,55.68058091298244
1328,778,5.0,4.0,0.9752109158338963,0.5,24.09991442956811,55.608370481442535
1057,630,7.0,3.0,0.6364050931733349,0.13352318670253172,24.317169162500218,55.562846860011895
1407,140,5.0,4.0,0.4479378606404554,0.6590719712269204,24.26476822426309,55.86459511269821
1354,960,6.0,6.0,0.5009537568946099,1.0,24.248987136705328,55.68716693464783
1235,39,6.0,1.0,0.06758490327132101,0.3618911225627389,24.111530470254298,55.702801827751
962,400,4.0,3.0,0.9695756207345664,1.0,24.20653141587997,55.64050783677958
847,226,4.0,1.0,0.531325921772176,0.5,24.24380247210292,55.576743138717525
227,682,5.0,5.0,0.36639044069403215,0.5,24.29979547817467,55.58401798888729
815,1205,6.0,5.0,0.7766098679254536,0.5,24.085831475299894,55.85530817074119
804,1146,5.0,5.0,0.5795412140889421,1.0,24.176957282426443,55.81612091249718
788,620,6.0,6.0,0.5151757733580195,1.0,24.081125407485015,55.66484093482843
1286,292,6.0,1.0,0.45476205799700004,0.5,24.238029445340263,55.76356517756728
288,441,6.0,5.0,0.5937765383549979,1.0,24.169052420674912,55.68171156331403
174,778,5.0,1.0,0.857222720870366,0.7638560270933461,24.070869417407238,55.57153078305852
382,1186,5.0,5.0,0.42953156657100056,0.5,24.15871058651561,55.70934144773578
267,598,5.0,4.0,0.8515614170153689,0.07071937473018369,24.074207397332135,55.604841991208716
444,1153,7.0,6.0,0.3921902632846414,0.5,24.245966420006496,55.849313966771156
702,1408,6.0,1.0,0.9841969373380545,0.5,24.258505031821404,55.6837729895315
1014,271,6.0,6.0,0.46045814578614047,0.8216480647425849,24.287066157513067,55.81171848417752
1440,1102,5.0,5.0,0.38557680455976273,1.0,24.14113539243967,55.728767853020244
1178,170,5.0,2.0,0.7951327717693957,0.5,24.241845304380174,55.662039485861065
864,197,5.0,5.0,0.597932586379225,0.5,24.31741729021986,55.62201273216683
1278,552,5.0,5.0,0.6864960269656463,0.5,24.08788286660238,55.764602134835776
1166,1499,4.0,4.0,0.5829339112512409,1.0,24.130329854354,55.79852094729561
7,517,6.0,1.0,0.07876686650758825,0.8487526796313491,24.19391659457469,55.72075618648187
631,1082,5.0,1.0,0.9991202844593011,0.5,24.127898716510437,55.64625023856466
143,89,6.0,5.0,0.39338316837685755,1.0,24.18543247878203,55.776465293926485
580,64,6.0,6.0,0.709757518714774,0.7302348486677562,24.22158076361396,55.66218973399279
56,217,4.0,2.0,0.04606006418208081,0.5,24.29027486942253,55.80508338206303
91,442,5.0,5.0,0.3080890490649887,0.9192988670626209,24.23943044617141,55.82710491409597
879,1420,6.0,6.0,0.5227621811132701,0.5,24.27675625076768,55.819701015586666
4,1419,6.0,6.0,0.483497111403523,0.5,24.328499745620526,55.60948031440763
517,172,5.0,5.0,0.6029907825653469,1.0,24.132260959025647,55.55327146403772
858,1388,6.0,6.0,0.5806875805822045,0.8074613961583961,24.348957627361933,55.54326521697379
914,730,4.0,4.0,0.5029174812724403,0.9335969935072512,24.097619647660647,55.69896037685146
528,60,7.0,4.0,0.4969550451875339,1.0,24.305499130083913,55.757198882806605
1296,84,6.0,1.0,0.6327077563782809,0.7800371116166226,24.312943667252195,55.64323550724872
378,1443,5.0,5.0,0.5216532349953928,1.0,24.103377671426454,55.60888118606114
130,233,6.0,5.0,0.4057236031431708,1.0,24.08808739668765,55.83449904931984
934,441,6.0,1.0,0.0926467514810611,0.16012787421428953,24.15124004511371,55.698281969642714
583,1258,7.0,5.0,0.4981396962942059,1.0,24.083834346810917,55.61269121631351
576,298,6.0,6.0,0.5337118133802523,0.5,24.089641725926036,55.6197104517062
1349,646,5.0,5.0,0.32601164307374086,1.0,24.352219948657257,55.84010806257997
201,561,4.0,4.0,0.4156444414310494,1.0,24.239074458647835,55.627445517253605
1466,885,5.0,1.0,0.9256758825977286,0.08555887878526458,24.285624519683548,55.66036260371237
6,94,6.0,5.0,0.5335010916117051,1.0,24.32184823898159,55.7994649824943
1264,957,5.0,1.0,0.317384737125994,0.5,24.105405704004916,55.87628519480376
163,1030,6.0,5.0,0.47116383859818023,1.0,24.290692537197987,55.597856898900396
575,660,4.0,4.0,0.40428850048052845,0.5,24.277994934056046,55.55202863743615
1223,451,6.0,2.0,0.3401184756797198,0.5,24.1366590071924,55.63436162681996
1495,1423,6.0,1.0,0.8958922149712413,0.5,24.14802865294124,55.60381018291965
294,687,3.0,1.0,0.7129236046461722,0.5,24.163623921525183,55.68883132475939
886,846,5.0,5.0,0.49853478540124213,0.5,24.143270733463286,55.8038544107451
210,256,6.0,5.0,0.6984236241838466,1.0,24.12325181023996,55.87437305143616
1338,523,5.0,5.0,0.5929817247722918,1.0,24.343136140268648,55.80068680574337
144,393,5.0,5.0,0.48868121414467014,1.0,24.196153559826207,55.695998588513945
1397,1296,6.0,6.0,0.5484621367992357,1.0,24.207030865354692,55.85489342324193
150,1101,5.0,5.0,0.5021417369372658,0.9293317667025338,24.34418789821022,55.743726836680246
1171,1322,7.0,3.0,0.30315936648027775,0.31550214371007745,24.249246484656254,55.666721159821286
627,293,6.0,2.0,0.9657703807577983,0.20518446485274605,24.15540753932128,55.77061348176362
614,1204,6.0,5.0,0.4743389965068443,0.5,24.13383655794926,55.80271185048529
20,1187,5.0,5.0,0.49044818006226926,0.6448669631934658,24.34035049333397,55.768002690526245
1464,623,5.0,3.0,0.24468823280400356,0.1577201855545603,24.22634248946635,55.721082911353164
1298,678,6.0,1.0,0.7312891162935324,0.04753836023084668,24.24130437235044,55.736192156396456
1452,1368,5.0,5.0,0.594286315217876,1.0,24.16984106228885,55.65429122278149
1391,792,5.0,2.0,0.875469127022052,0.43600843632437986,24.16396867122591,55.69560819099535
1100,1426,6.0,5.0,0.5380500820524532,0.5,24.240656850728374,55.84691683226919
1332,1377,6.0,5.0,0.49303095592956386,1.0,24.087300066895963,55.7862667627284
859,650,6.0,6.0,0.576029480801454,0.9581456498227625,24.160933255924547,55.72395465875439
201,1158,5.0,5.0,0.49115749943918646,1.0,24.240914973139674,55.61939292043202
871,87,6.0,6.0,0.3890329510289271,0.5,24.22447466457531,55.868715541345644
901,58,5.0,5.0,0.5142500572472453,1.0,24.13046346548745,55.85459816289332
1179,810,5.0,5.0,0.42405711309046557,1.0,24.336543705729763,55.864412989429674
1285,837,5.0,4.0,0.11916992908430508,0.5,24.215857911478068,55.83792833765259
572,1173,7.0,7.0,0.6799669345125237,0.6960382509588028,24.136210436357683,55.85045898010586
42,424,6.0,5.0,0.4348500907636369,0.9030376209716754,24.210790393806548,55.76495299948021
983,1035,5.0,5.0,0.5017296020933657,1.0,24.27350319859297,55.770049223200466
1249,118,6.0,6.0,0.49381414577928623,0.5,24.073758772285135,55.752113381475866
78,394,4.0,4.0,0.44928357419756093,1.0,24.116897727549397,55.574658676540565
612,496,8.0,1.0,0.4976941896527928,0.5,24.31997254776262,55.802807506507044
715,819,7.0,6.0,0.6377858753456782,1.0,24.12737803024922,55.759449563205614
354,986,5.0,5.0,0.5971226045760696,0.9576430631713797,24.291811003485627,55.59860790143431
338,1421,6.0,6.0,0.5382578071761674,1.0,24.147446239810247,55.87151214208509
202,831,5.0,5.0,0.47706735746668183,1.0,24.072861714072236,55.54866736484481
511,891,4.0,4.0,0.5051208733373242,0.5,24.151036854209522,55.568717656926914
910,545,4.0,5.0,0.09027780485664054,0.04459262899015648,24.107017697147832,55.76090492338919
960,1193,6.0,6.0,0.32950697488361935,1.0,24.097690251704087,55.78509612338205
1437,51,7.0,5.0,0.5234239481904165,0.9431969433938667,24.118106399615083,55.84696618847877
825,747,6.0,5.0,0.36007973979119223,0.9462636427809485,24.13780847971037,55.741082442390265
81,1465,5.0,5.0,0.46063040106768516,1.0,24.257799518207726,55.76819220857964
855,672,6.0,5.0,0.5254227310597014,1.0,24.145070723098616,55.831845200965724
1270,308,4.0,4.0,0.46086066792850894,1.0,24.108085161940704,55.76987576788211
290,1016,5.0,5.0,0.5854113243105697,0.984206922506734,24.12619189479401,55.645248360271964
1121,1148,6.0,6.0,0.519958827789351,1.0,24.235625900202987,55.83949747016762
1361,796,7.0,7.0,0.38996413227510823,1.0,24.17548398478218,55.754279928234546
855,356,5.0,4.0,0.37901225931887095,1.0,24.148146527539254,55.82605018348744
683,807,5.0,5.0,0.3789452250653105,0.9470330718725452,24.180437342139545,55.59460815700471
681,1398,6.0,6.0,0.40046715277139305,0.9103965026284405,24.24852114014408,55.90613141774747
1472,114,4.0,1.0,0.13442315293329418,0.2212242912376189,24.282574296534385,55.695655670896095
1421,698,5.0,4.0,0.6627450131783907,1.0,24.189934711585163,55.771418155667895
826,259,5.0,4.0,0.8936056995083796,0.5,24.301404642617857,55.73832403409122
1115,1166,5.0,5.0,0.5383469739828272,1.0,24.22770854719213,55.69817030099175
397,400,4.0,4.0,0.5127710324803847,1.0,24.15366274351369,55.62293207302687
1187,46,4.0,4.0,0.48389004301248667,1.0,24.262069148808227,55.88877059461784
863,828,5.0,5.0,0.41646737919100396,0.8951521968505999,24.125026889283472,55.831113190546624
671,774,5.0,5.0,0.4157370300746673,1.0,24.22160710362144,55.707165077441125
469,141,8.0,3.0,0.8295896235968324,0.8376171173467718,24.06830201665828,55.792665920671304
824,1350,6.0,1.0,0.08729377607172455,0.5312513055924506,24.173788391779485,55.723609950660936
1323,1146,5.0,5.0,0.43219770451362854,1.0,24.160878028849314,55.747625024727476
1431,277,3.0,3.0,0.3506783647878753,1.0,24.274324309865378,55.81831922260157
1132,1093,6.0,5.0,0.48300240736708827,0.908193284283684,24.08232770095318,55.7517207218562
1195,928,6.0,6.0,0.48326424328835227,1.0,24.14764737071552,55.855732737653405
289,609,5.0,1.0,0.37140798603021685,0.5,24.274528307064422,55.585724192814816
847,759,4.0,3.0,0.14404563662730346,0.491773632974676,24.250802033045268,55.575064905651
710,963,6.0,6.0,0.4923686954493663,0.5,24.31741209249885,55.60760766718847
977,189,4.0,4.0,0.5393725410722165,1.0,24.272072338445927,55.77262475777404
63,122,5.0,5.0,0.5976587104023046,1.0,24.203728229750148,55.715825552193245
408,743,7.0,1.0,0.05074734583179527,0.5,24.33499452882926,55.58681437454172
708,149,6.0,5.0,0.5694277444437634,0.5,24.1365068348163,55.61267915470686
785,1355,6.0,6.0,0.5368875477964864,1.0,24.13961707021253,55.60138601661278
1297,63,4.0,4.0,0.4005023716984886,0.5,24.25191477046273,55.704693298176565
192,1338,6.0,5.0,0.4961385762664371,1.0,24.21757399251626,55.82682491933623
334,676,6.0,2.0,0.999750711404394,0.42176318284585773,24.244998772399523,55.88779438497098
1411,235,4.0,1.0,0.9510907215865121,0.22274183724949326,24.115062584584187,55.7152501318143
1127,531,4.0,2.0,0.918225308026504,0.5,24.096280133260407,55.70604156558227
825,154,6.0,4.0,0.6211071830338544,1.0,24.139152893494884,55.74686381389801
867,118,6.0,6.0,0.5671100128613633,1.0,24.10211704105136,55.78004228149409
63,1039,6.0,6.0,0.6025110678298471,1.0,24.21014552055617,55.72139542290933
292,1060,5.0,5.0,0.5895596054211303,0.9073956543369579,24.094929483353443,55.68758238642639
494,351,5.0,5.0,0.6339828419179843,1.0,24.29142257006443,55.67824328720094
745,1145,5.0,4.0,0.4261081992143287,1.0,24.072259716931487,55.64949269383465
372,1269,7.0,6.0,0.4820728326322257,1.0,24.192368075870274,55.55197278939514
436,1103,6.0,6.0,0.3857575610778929,1.0,24.337039758688388,55.884552442791545
531,1482,6.0,5.0,0.4555313081707553,0.9362535931169836,24.247243632846196,55.889659063857295
1234,254,6.0,1.0,0.3905152860723118,0.7808590248145919,24.215472229393786,55.65154968679998
613,1495,6.0,4.0,0.5967312784527413,1.0,24.079889464181345,55.804569630663956
321,634,6.0,3.0,0.4405256887328283,0.5,24.146799025548866,55.79574099135685
1364,337,5.0,5.0,0.4866836946689171,0.9124733882874815,24.22304224961287,55.77421354188271
345,343,5.0,1.0,0.0005599418115669945,0.5,24.283516128667486,55.658440703602224
1393,736,7.0,6.0,0.4364115395081328,1.0,24.276516931770903,55.65952605516513
514,7,6.0,6.0,0.3548485916441918,0.5,24.290108356081806,55.84914018757761
684,624,6.0,6.0,0.3882237544403841,0.8680376549788086,24.32078089107959,55.704923747444276
1070,884,6.0,4.0,0.6366491502000662,1.0,24.077536216986996,55.84518055230011
1051,334,7.0,1.0,0.0017284230391183162,0.6320070782908609,24.309512632551538,55.631368675248765
741,921,5.0,5.0,0.5985135284721991,1.0,24.251746517361347,55.62226055101557
410,475,6.0,6.0,0.625365194701967,1.0,24.164562024238244,55.590279009245585
162,394,4.0,4.0,0.23195734448043154,0.9174801935944199,24.110282529271792,55.57380366432041
1267,545,4.0,1.0,0.0011740185544594696,0.5,24.092911678040412,55.76777265624354
1018,827,4.0,4.0,0.5112441273138006,1.0,24.279304966567306,55.725166552738365
435,865,6.0,3.0,0.5099585427617578,0.5,24.094605615078027,55.65935197004631
1325,803,7.0,2.0,0.9064565842832177,0.11824832644276867,24.154755970113825,55.73522606121545
488,27,5.0,2.0,0.851832869443941,0.5,24.348612668939754,55.738557760858264
265,1054,7.0,6.0,0.4397782166850551,0.9133006054094379,24.260045529151075,55.80712373785949
1367,445,6.0,4.0,0.516957101323279,0.5,24.346641314617546,55.72071533471363
1379,951,7.0,3.0,0.35301294755925394,0.5,24.30059304248381,55.688552057477395
1125,1328,5.0,2.0,0.22358613318196308,0.21084635927578532,24.274438706752644,55.767805201902966
1425,264,5.0,2.0,0.7231797929963666,0.01593868597116177,24.345451043006943,55.80420203107702
489,221,5.0,3.0,0.032204295416378134,0.08964059990084705,24.191572635820695,55.57485015226297
853,483,7.0,1.0,0.7279219015382288,0.5,24.212609719721964,55.60483513188489
55,84,6.0,4.0,0.7082061393016299,1.0,24.326973289961288,55.60236066380528
1243,1148,6.0,6.0,0.6877099775419953,1.0,24.276992469104627,55.82970091416194
842,677,4.0,4.0,0.567035998728142,1.0,24.28707490040854,55.86462582755047
7,1139,4.0,6.0,0.0927422158910401,0.15488853078579234,24.187152828791326,55.7198964374609
861,979,3.0,3.0,0.33100498894680064,0.9045408582252946,24.353126991252918,55.651124366740355
1245,1017,5.0,5.0,0.663132173158725,0.5,24.155052326839304,55.763008348903924
213,1223,6.0,6.0,0.3694543795257007,1.0,24.286543866376306,55.59873552773947
962,150,4.0,3.0,0.8377109392568295,0.8387199920143886,24.202175641274245,55.63504658854464
752,807,5.0,5.0,0.3971828956485336,0.5,24.126882732952875,55.59476511592466
67,901,6.0,5.0,0.38373045040084686,0.5,24.12317012294239,55.60694818386152
1004,898,5.0,5.0,0.5953269509509334,0.9845754644217485,24.186223147528764,55.76336590681665
1266,632,7.0,6.0,0.24256361313057595,1.0,24.195582330112426,55.814887776046675
914,1397,6.0,5.0,0.5836082367129065,1.0,24.10443731944116,55.70668035045477
912,1449,7.0,6.0,0.21540007187629095,1.0,24.12687467552521,55.79263392145173
437,894,5.0,5.0,0.4512926966475263,1.0,24.278101021027222,55.7582071952473
328,585,7.0,1.0,0.35132996106346864,0.2408714718491527,24.09585382597905,55.602116898830474
1321,1223,6.0,5.0,0.4477987527314406,0.9590328625789784,24.301863951378948,55.63929498965565
829,1222,6.0,2.0,0.628494487879117,0.5,24.326739850976942,55.72508623936814
638,1,4.0,4.0,0.5369581764097309,1.0,24.258504601580405,55.615880118430084
548,231,5.0,5.0,0.49729379715135735,1.0,24.16297722038519,55.85825638562456
1310,1467,7.0,6.0,0.4039714251357497,1.0,24.217538888171905,55.64282499747449
425,219,3.0,3.0,0.5268985543463851,1.0,24.175891993076334,55.600508181343706
1102,1131,5.0,1.0,0.9599535122803503,0.6657936384732519,24.245604921964,55.58939750669623
1004,293,6.0,3.0,0.6289656667399759,1.0,24.185527437041056,55.75894897232252
1440,822,4.0,4.0,0.3590459992308166,1.0,24.144701436443917,55.73340757542274
30,1084,4.0,4.0,0.4874874041139294,1.0,24.15357981854252,55.89246808838952
751,1272,7.0,2.0,0.5120858853175589,0.23937403206549673,24.353567874584915,55.73989381431424
581,1124,6.0,3.0,0.88452550056739,0.5,24.292670240625565,55.82555275920126
1279,378,3.0,3.0,0.2903966691628693,1.0,24.34395596687856,55.66127431490369
1099,802,5.0,5.0,0.4126000999788327,1.0,24.082539325142637,55.79319577002396
505,688,6.0,5.0,0.9999821709897024,0.2849904324241274,24.23334438252027,55.61519276533618
1085,786,6.0,5.0,0.5309472518888848,1.0,24.113467312638285,55.620325752474606
142,417,6.0,1.0,0.9999958328625979,0.6137130281462758,24.26704083373608,55.82081098863896
1064,1432,5.0,1.0,0.3818698878408456,0.16295314211366296,24.345955751021364,55.557035247882155
243,851,6.0,1.0,0.7775824553315296,0.5,24.26961578072775,55.65724416169111
491,421,5.0,4.0,0.4706692940177014,1.0,24.176426592962486,55.66350558469106
929,505,6.0,6.0,0.5331111648046892,0.5,24.211418430226313,55.56185112004708
286,1186,5.0,4.0,0.430145964800813,1.0,24.108681286402774,55.68483236174909
83,46,4.0,4.0,0.5398915627718481,1.0,24.29981226553711,55.83463291953578
905,949,4.0,4.0,0.6252728726208208,0.8928394685483911,24.238318845205637,55.57684250557513
1182,443,6.0,5.0,0.5869222666285503,1.0,24.268748005354073,55.86575226405088
199,3,4.0,4.0,0.40242548245638116,1.0,24.115830782716472,55.661388549426526
1342,1277,5.0,5.0,0.4650496068078497,1.0,24.138865979068044,55.757706007220285
1246,1054,7.0,6.0,0.3475917957778245,0.5,24.22891782720687,55.81127898743319
1027,1039,6.0,1.0,0.8353376460536353,0.8376120558383479,24.20712042606171,55.692993968952585
784,93,5.0,4.0,0.3717581248962757,0.5,24.208337709085527,55.60523213657829
28,1386,6.0,1.0,0.09679666699263105,0.2970726744562635,24.167663073024706,55.737654310689244
206,1053,6.0,6.0,0.6878510160164509,0.5,24.08353981639131,55.770552716930624
1299,53,5.0,5.0,0.5046502334342564,0.5,24.31934565350531,55.69945845485177
1458,1199,6.0,6.0,0.38946733242975334,0.5,24.0765272471253,55.57873195454028
1245,424,6.0,6.0,0.48142708961924613,0.8949546103571485,24.160711761881917,55.76686517923463
650,362,5.0,4.0,0.31294007727461637,0.5,24.212067929903352,55.852576738488736
469,316,5.0,4.0,0.2961302094386489,0.44173455286086794,24.060796668008177,55.78602510441654
424,163,7.0,4.0,0.6110057979130222,0.8988652404445208,24.13953881283528,55.85711370033763
155,817,5.0,5.0,0.5559822618876493,0.4039745770422669,24.2817403646197,55.5772557988077
1218,780,4.0,4.0,0.590328385363166,1.0,24.311758134020504,55.72994313289372
1080,1302,5.0,5.0,0.5601681743873932,1.0,24.118815270800642,55.81714646755909
864,114,4.0,4.0,0.6568403965145012,0.9611379132649794,24.312480547289937,55.62290706568723
199,125,7.0,7.0,0.48656795057193586,1.0,24.1231135092936,55.6688920521004
861,524,5.0,5.0,0.46840629499750747,1.0,24.350266803185626,55.64197692207809
914,685,6.0,5.0,0.3955936545247722,1.0,24.10505029708954,55.70507756874091
513,1445,3.0,3.0,0.5468832530917523,0.8602492166822278,24.06340429995062,55.67972637925176
586,142,6.0,5.0,0.6761151100134615,0.10555847320765466,24.304183458659217,55.657386496304035
274,896,6.0,1.0,0.92647295730195,0.5,24.17998850234833,55.82271318655683
506,1030,6.0,1.0,0.11248102811271377,0.5,24.309381494357076,55.560662282484934
610,1068,6.0,1.0,0.3501100350648452,0.14873640756771006,24.19437535354069,55.77126790966731
962,56,7.0,3.0,0.9542987801090216,0.8092014813491419,24.207758055306897,55.62788597636746
1239,613,7.0,7.0,0.5477973434699858,1.0,24.33255176665208,55.57055671598032
1494,230,6.0,6.0,0.577615136043957,1.0,24.088540863629547,55.70364450913501
767,1116,6.0,3.0,0.679495813143618,1.0,24.260771366696535,55.596752555075774
422,1467,7.0,5.0,0.5132252124106476,1.0,24.2182842883118,55.617180400626914
183,123,6.0,6.0,0.49070656292040604,0.9075943625434889,24.07213302357807,55.760357015468486
306,934,8.0,2.0,0.6081368943290135,0.5333908875627931,24.107527077991442,55.58188625401219
978,960,6.0,6.0,0.5061896313305893,1.0,24.283988364957388,55.722310240222996
303,251,7.0,1.0,0.2963853268129888,0.5,24.124580843556366,55.793709379350545
307,1466,6.0,6.0,0.4907675564485874,1.0,24.26461915996902,55.69798207859826
821,1188,6.0,1.0,0.9651102406926206,0.13854404469395087,24.21968740912912,55.77376957457413
146,753,6.0,5.0,0.4526165786607763,0.5,24.28198569935206,55.74879529273522
1479,605,4.0,4.0,0.4875603797215806,1.0,24.35460963896321,55.623889945590285
326,658,6.0,6.0,0.5833879334920018,1.0,24.23608094507491,55.842963358703024
473,342,4.0,4.0,0.5449562559916853,0.5,24.170179793499795,55.667809669962516
26,745,5.0,5.0,0.5668528307280192,0.5,24.3498729107538,55.56144565844323
745,196,7.0,7.0,0.5560757138690247,1.0,24.08144647066706,55.640997686056096
732,398,6.0,6.0,0.42900049333866436,1.0,24.316598502188175,55.65886986541898
859,721,6.0,5.0,0.5814784064424334,1.0,24.159290144486754,55.71597352245434
916,719,7.0,2.0,0.9201175452077769,0.5,24.17954611690847,55.757328310928024
219,1346,6.0,6.0,0.43738000326549875,0.9982560278502752,24.201851615155533,55.66010780640588
113,707,6.0,5.0,0.45602714836862396,0.5,24.095196410169187,55.60675423420079
1165,1436,5.0,5.0,0.5774137297607953,1.0,24.097159938477514,55.598213526446465
1280,836,7.0,2.0,0.9765597193089828,0.5,24.298834415111596,55.80244674272318
920,434,7.0,3.0,0.7133403174705497,0.7714508426785224,24.318423830358576,55.8314114090477
698,1086,7.0,5.0,0.3664108386068475,0.5,24.31953697219874,55.76145617484336
1287,500,5.0,5.0,0.38436799000756744,1.0,24.123062434776976,55.83006140922461
126,1128,5.0,5.0,0.35479754949351916,1.0,24.115041327222023,55.731764726993596
742,919,6.0,6.0,0.5016252371679574,1.0,24.256666813464236,55.57178684103676
310,1033,5.0,3.0,0.47194928841506756,1.0,24.283033426059504,55.596040422753276
20,700,4.0,4.0,0.4793474426941089,1.0,24.34561376934125,55.77488506682519
562,1414,9.0,1.0,0.6614151034210306,0.5829852054446558,24.320991047458733,55.615163482512145
1183,770,6.0,6.0,0.48913000268527623,0.9731033435508772,24.069542805606826,55.77396924034677
1300,1442,5.0,1.0,0.13698037016247083,0.581397683631137,24.227252651461086,55.86568566714523
665,729,4.0,4.0,0.4078838304977894,1.0,24.24635739203235,55.75150499421917
910,1178,6.0,2.0,0.7844916845616305,0.4449007913651239,24.112784664130224,55.75263429251767
1417,1048,6.0,6.0,0.5026217942459574,1.0,24.259614302255265,55.79401498297541
942,675,5.0,4.0,0.5160918403809086,0.5,24.333111719539946,55.86343214979655
1150,1417,5.0,5.0,0.47145721344714897,1.0,24.135677832625724,55.59207201453327
676,1022,7.0,2.0,0.0220808210949386,0.023590245290660672,24.147610838470705,55.645888996339835
1393,114,4.0,3.0,0.31977161736078175,1.0,24.26897173612793,55.668504122729765
752,1046,5.0,5.0,0.5632965043439763,0.9577222923910041,24.118781004530025,55.592267902574015
1423,1219,8.0,4.0,0.5037454032865145,1.0,24.132449495399683,55.72007051603179
868,275,5.0,4.0,0.44173314073885067,1.0,24.15729992061201,55.815373869619215
109,242,7.0,6.0,0.3734852107143325,0.8498733217199707,24.319467746279813,55.78925381068371
6,615,6.0,6.0,0.37984905710998995,1.0,24.327875856440695,55.80359037005636
186,1445,3.0,3.0,0.38466278014563404,1.0,24.088658095764828,55.76303892412135
793,1448,6.0,1.0,0.8981347541404006,0.30660920418280624,24.327943922696928,55.733348945071405
1404,1100,4.0,4.0,0.5130348482175238,0.8837034183078082,24.098824989057732,55.590098394311006
1354,301,6.0,5.0,0.5153705407571563,1.0,24.252752363652736,55.67862014746221
1145,503,7.0,6.0,0.49194385635073024,0.9543054459818296,24.339064521722015,55.8493985998026
543,307,5.0,5.0,0.545112239894622,1.0,24.276693951893826,55.89856842610471
635,920,5.0,2.0,0.01156508154275714,0.40366918384856404,24.22318975900092,55.59517214247743
1396,1193,6.0,2.0,0.7372224452662929,0.5,24.132997542127757,55.74462181827661
1457,1193,6.0,1.0,0.8402530083005625,0.5,24.117233027099626,55.80872591884749
816,1061,4.0,4.0,0.5374396237452401,1.0,24.162861001133365,55.64003859288584
830,907,4.0,2.0,0.048581765726158854,0.5,24.124779004629133,55.637679255896906
265,442,5.0,5.0,0.51963349147816,1.0,24.26122284947452,55.812951398121605
338,288,5.0,4.0,0.42522593761793454,1.0,24.151529393702518,55.88108438405363
696,460,5.0,5.0,0.4735380800565063,1.0,24.200142600153843,55.58820255151602
879,559,5.0,3.0,0.38619483025636564,1.0,24.26955488533799,55.821745690172314
607,1150,5.0,5.0,0.5165239069070013,0.9042865788398671,24.138836613545323,55.733226844272586
73,1398,6.0,1.0,0.7483432144811003,0.5,24.23170192615879,55.853709804891764
26,232,5.0,5.0,0.5288854367612018,0.9919909114354477,24.346836486425843,55.55717901497688
136,1481,6.0,4.0,0.5515200867521162,0.5,24.329552135986088,55.678505748524124
983,189,4.0,4.0,0.430444539497556,1.0,24.272487558280453,55.77092031429494
582,1163,6.0,6.0,0.447909908391755,0.5,24.1519210609493,55.581251795945
189,751,4.0,3.0,0.7047947241935968,1.0,24.28821565589746,55.879056703471356
652,732,5.0,5.0,0.5783545652068461,0.9005968758730933,24.22323257555709,55.56185394845709
523,355,4.0,4.0,0.3599682668683299,1.0,24.218489965322764,55.86889853282275
812,827,4.0,4.0,0.43925486477195463,0.9607769775731794,24.343169482936162,55.75353540234714
74,567,5.0,5.0,0.5583739415524687,1.0,24.19872152726371,55.68101868405495
1138,984,5.0,5.0,0.6224726598168141,1.0,24.169445687715292,55.73560809285881
179,763,4.0,4.0,0.6981216722971781,1.0,24.0671520475434,55.787482253645386
414,310,5.0,5.0,0.4600159434422834,1.0,24.1820695197631,55.63017881419156
61,574,5.0,5.0,0.5920979135075837,1.0,24.11673176597441,55.59818903854788
432,1072,5.0,5.0,0.3784638294654762,0.5344086600761742,24.186668524172237,55.719300199627895
1348,911,6.0,5.0,0.44732568609127127,1.0,24.11345792609605,55.83508373548671
739,674,5.0,5.0,0.4340838934932767,0.9577501722674622,24.115326008205873,55.86888010753615
1017,996,6.0,6.0,0.4890387593060608,0.9961130902691735,24.331442621800228,55.610795522969546
366,310,5.0,3.0,0.749649683503262,0.5,24.189273249629665,55.627070974884866
1432,248,5.0,2.0,0.32542240415425966,0.5,24.328234588389044,55.72881932827849
545,78,6.0,5.0,0.4208434836668891,0.5,24.329750386668362,55.87781884366235
573,617,5.0,1.0,0.9423986086352808,0.3397868598908028,24.184693661983868,55.87443023860499
1133,698,5.0,1.0,0.28184107330932545,0.5,24.2031208648074,55.768365242312775
1380,672,6.0,1.0,0.14250640687007685,0.5,24.117712465308873,55.868042418888145
716,1353,4.0,1.0,0.04394448249286855,0.5,24.14758105155398,55.589657125921974
1441,415,4.0,1.0,0.8555000788304563,0.5,24.221388937070085,55.76834358361177
39,458,6.0,6.0,0.34391689815699517,0.5,24.270536473943018,55.67023527614857
395,335,5.0,5.0,0.5452401712132877,0.8790654634380951,24.178798573662895,55.89260438887925
1066,461,6.0,3.0,0.46887670243290014,0.9709222049568187,24.336173992038706,55.7066234789276
752,1232,5.0,5.0,0.49450114706568565,1.0,24.12737589768961,55.585045591055575
908,107,3.0,1.0,0.6109746623786457,0.5,24.296433592709256,55.75949105806384
1404,907,4.0,4.0,0.4848171222831874,1.0,24.1039302434117,55.581644979789544
820,218,5.0,6.0,0.022874323885185253,0.004517264624399275,24.26081222172099,55.749221181656665
740,547,6.0,1.0,0.9630200095314486,0.5,24.235045451699833,55.87668615975305
1470,454,5.0,4.0,0.5620410333321959,0.9630740960656273,24.1673560882879,55.779199571875296
216,74,6.0,5.0,0.6715863871714369,1.0,24.33360240416381,55.809440259375286
1218,481,6.0,6.0,0.37692602802461256,1.0,24.31231575194097,55.731893402550384
96,331,6.0,5.0,0.7228525758410992,1.0,24.31889272689641,55.65443046253972
842,510,4.0,4.0,0.5704702507389767,1.0,24.293013854601973,55.856459849050374
379,175,5.0,5.0,0.3482746073562176,0.5,24.32412608743964,55.56039166227062
543,1063,4.0,4.0,0.46221310760016077,1.0,24.274215343550125,55.90282311908423
223,1111,6.0,5.0,0.4850399981342345,0.9175816878913727,24.1962454752593,55.829476591224044
522,524,5.0,1.0,0.5816115337856255,0.3360324354837534,24.314089986432027,55.578627296312746
473,11,7.0,6.0,0.3699555789873067,1.0,24.174758169991453,55.67016933616285
838,658,6.0,5.0,0.5763259362735041,0.5,24.23684829997323,55.80336167666573
1279,859,6.0,6.0,0.5321801591993556,1.0,24.344360542801294,55.66438635260551
374,1106,7.0,2.0,0.16013507010974362,0.5,24.321928472966835,55.834325734192475
1256,649,5.0,3.0,0.615672635024543,0.5074452993837266,24.24623401994983,55.64035517380437
456,220,4.0,4.0,0.19791585125283717,0.8137129372701446,24.344729548754252,55.64719507631733
1055,496,8.0,6.0,0.5778415999336676,1.0,24.30700304978168,55.7890515192091
901,619,6.0,5.0,0.6215162966427346,1.0,24.12356366322111,55.84704654741633
714,839,5.0,1.0,0.18191568415583967,0.5493672039756518,24.151629542820316,55.85758271949711
1171,699,7.0,5.0,0.7455648382110347,0.10760382644511107,24.24978277317313,55.674050024291
638,592,6.0,6.0,0.5842839424302104,1.0,24.257344899047403,55.62559539455704
1209,1282,5.0,5.0,0.42350518200793896,1.0,24.25128471972957,55.73059906980239
767,1255,8.0,6.0,0.44942288105704586,0.8792053272222462,24.257121928560746,55.58706816010497
983,1497,5.0,5.0,0.3820401863111674,1.0,24.276492571032875,55.76767200796534
1308,420,5.0,5.0,0.550904656168467,0.5,24.272682370787386,55.89083010360028
77,286,6.0,4.0,0.4425265109236867,0.5,24.293062846911994,55.8359334919803
518,485,6.0,6.0,0.4839022267497484,0.5,24.23890277540107,55.73550928028251
732,259,5.0,5.0,0.5717610592948613,1.0,24.31768734548536,55.65785491698459
352,1472,6.0,6.0,0.5761775015933757,0.8368579309823394,24.20560086057581,55.84681808411577
256,1456,7.0,7.0,0.4006418312597321,0.5,24.223273182800725,55.85977436556065
378,1107,6.0,6.0,0.45199353987836133,1.0,24.097668265847407,55.61766336951417
1094,1018,5.0,4.0,0.683033476335549,1.0,24.078783482494227,55.67067654708407
387,877,5.0,5.0,0.35183625333688684,0.9904418758202809,24.177271732898543,55.805389863953664
997,584,7.0,1.0,0.9676187425368131,0.12541048396699672,24.329288337838232,55.69709096930013
362,1113,7.0,4.0,0.47421727591633367,0.5,24.14953571019719,55.6465404075195
1019,382,6.0,1.0,0.5615281399325425,0.5,24.203390825597275,55.88992137510942
1201,212,5.0,5.0,0.4204850537964426,1.0,24.07620832068163,55.836748523755695
42,204,6.0,6.0,0.4926697271134978,1.0,24.209087983859913,55.764184505311675
1285,137,5.0,2.0,0.8356294484361887,0.4792714916918965,24.219771451744265,55.84677156538108
1445,480,6.0,5.0,0.552990062230012,0.9318166987556229,24.29170781006808,55.88716807233167
863,1391,6.0,5.0,0.4847015554578424,1.0,24.119824525105383,55.82513290774583
220,630,7.0,2.0,0.9774936313563936,0.32328888766429265,24.30738237517353,55.572090012042715
1296,628,5.0,3.0,0.11024657651374706,0.37312233567635467,24.311336763033573,55.64353383272574
659,906,7.0,1.0,0.8529851843953633,0.08765504865518192,24.123133541573306,55.717653081840844
931,1013,5.0,5.0,0.4694198258350132,0.5,24.260817458013236,55.86779317781311
797,813,5.0,5.0,0.7325902254819447,1.0,24.292946249478575,55.708210027104165
812,1062,5.0,4.0,0.5137366100288905,1.0,24.3355836937032,55.76310931245479
985,182,4.0,2.0,0.605712856093797,0.5,24.26776032743578,55.78536510757553
1493,626,6.0,6.0,0.5459230346010098,1.0,24.278724681264503,55.644319043146886
965,679,8.0,2.0,0.7478486325384879,0.4382736408032506,24.10573290851894,55.85902181031793
1212,1341,5.0,5.0,0.36553744289508283,1.0,24.167973082397385,55.54685581149265
942,215,7.0,6.0,0.4023110679657473,1.0,24.340407000279768,55.856795676445245
424,1196,6.0,6.0,0.6129941645971102,0.9175268818568362,24.13471869966427,55.857010993909
880,832,7.0,6.0,0.41437557514456214,1.0,24.17429034022829,55.59226293674918
359,1222,6.0,6.0,0.5733928491439856,1.0,24.32812406914977,55.74079028373386
1470,747,6.0,6.0,0.5384287958588545,1.0,24.169695029606125,55.770346265518356
590,130,5.0,1.0,0.5766727876140598,0.9554823368433696,24.182561375170312,55.63749066906487
899,744,8.0,6.0,0.5725250002913282,1.0,24.178178518253855,55.65014407446057
237,1054,7.0,2.0,0.6348835796932084,0.5,24.26797803080702,55.79290550745471
1147,627,6.0,6.0,0.6040072352924041,0.9137703013453066,24.25544997399512,55.65708465608809
576,265,6.0,5.0,0.44106473972111016,1.0,24.08483892017972,55.62927687002976
1208,614,6.0,6.0,0.2931626328962077,0.749300249788614,24.147803705040687,55.85721564105699
880,357,6.0,4.0,0.5877230990395219,1.0,24.18310923256355,55.5989993428073
1119,1080,7.0,4.0,0.19987852897302633,0.5,24.202244057962965,55.55279314898622
488,258,5.0,4.0,0.11247493288161818,0.10645779346429174,24.34112803405555,55.74173822605573
312,1308,4.0,4.0,0.6584175080472664,1.0,24.18289927533349,55.80355948880124
200,117,5.0,5.0,0.4907982066987179,0.8182211120315659,24.23823239044187,55.880516905145164
1069,716,3.0,1.0,0.21907470855641392,0.29366738804987275,24.15627756633448,55.711789392041226
723,897,5.0,3.0,0.8128346552367236,0.07737133321784428,24.344108062959574,55.80819407142367
564,1304,5.0,5.0,0.35332350670090257,1.0,24.187613432298928,55.70366964899664
636,1032,7.0,1.0,0.09801821707906022,0.07465000547035572,24.252170791013693,55.74190207536527
1286,753,6.0,3.0,0.08396038036494533,0.4057260312245858,24.246914042145303,55.76935396707243
669,475,6.0,5.0,0.5555222654311103,0.5,24.198554347311223,55.59455614397095
1094,374,7.0,5.0,0.35682415663788536,1.0,24.08550190761189,55.66975748920101
405,371,5.0,1.0,0.2320602875830774,0.5,24.25504431432811,55.74700849794919
540,519,3.0,1.0,0.030095331790943643,0.5,24.320462716887132,55.89588382449003
581,74,6.0,4.0,0.10067510445965204,0.1736000308825455,24.30062127683414,55.830167826641976
339,674,5.0,5.0,0.3327305936293298,1.0,24.078555247218045,55.868901326660186
1362,1261,6.0,2.0,0.5074882966826377,0.5,24.110926581836424,55.886219847860424
239,1059,4.0,4.0,0.37214038012886563,0.5,24.269474082822637,55.83937806144221
1115,1369,6.0,5.0,0.538048783045846,1.0,24.2256847345159,55.70418142343607
865,1463,5.0,5.0,0.46184821079240523,0.9112002849873959,24.175146225549458,55.69284362953972
1310,425,5.0,5.0,0.6009189569778546,1.0,24.22245940916653,55.648097300948805
226,1127,6.0,6.0,0.55862408755154,1.0,24.34408311104614,55.64529351196651
323,972,6.0,6.0,0.33079607667874716,0.5,24.271341110125448,55.87589634281221
343,793,6.0,1.0,0.6274534325185903,0.758312298456974,24.300414559064148,55.70397886331351
372,625,5.0,5.0,0.494036434967933,1.0,24.201497036858843,55.55062494569906
866,397,5.0,5.0,0.49142983813691427,1.0,24.193522202036984,55.58103977930765
1273,1227,6.0,5.0,0.6799035210154859,1.0,24.224213304222562,55.87420324670741
1020,734,6.0,5.0,0.6395923313651477,0.5,24.194528172093506,55.67570007062222
1461,123,6.0,5.0,0.5769384575294096,1.0,24.106933921145377,55.817519417925865
1092,143,6.0,5.0,0.4877022160533166,0.9095796705581745,24.21367276596784,55.65113499241556
1132,230,6.0,6.0,0.6884668771677986,1.0,24.08338770382908,55.750474994445995
9,1323,5.0,4.0,0.45236144967637554,1.0,24.281941615192647,55.855011588701956
846,353,7.0,2.0,0.3296964156145214,0.11247756910461304,24.17398054317633,55.6229167885881
94,32,8.0,1.0,0.3479156250731294,0.5,24.23757865719648,55.71433641590665
542,122,5.0,2.0,0.4422388193199459,0.5,24.207141994793552,55.718672756472294
1484,1420,6.0,6.0,0.30225587320997926,1.0,24.29775973696941,55.777621052726246
954,63,4.0,4.0,0.48320544757972245,1.0,24.25035288595375,55.72516527180848
1279,1168,5.0,5.0,0.3314265576596316,1.0,24.34598733395164,55.65598359247744
267,903,4.0,3.0,0.980298420325752,0.07790281201605448,24.07838438163,55.611183443734454
242,363,7.0,6.0,0.3440831839442309,1.0,24.25364460482794,55.760181936613954
217,1059,4.0,4.0,0.46579289772073346,1.0,24.269290316007233,55.837704395317374
1076,597,4.0,4.0,0.42201180570623575,1.0,24.242634913974463,55.56342637844504
1320,1302,5.0,1.0,0.23563187101644487,0.0014710870457416703,24.12404513985629,55.79671227037496
790,1458,6.0,6.0,0.359628979723706,0.5,24.310203626544123,55.77465303509623
193,1356,5.0,5.0,0.4893788749551497,1.0,24.103992650876048,55.82186352879998
58,464,6.0,4.0,0.3511656804843363,0.6782130396167103,24.216452730916796,55.830339956147874
484,1378,5.0,1.0,0.0258704184348611,0.5,24.1399975290706,55.57065309325704
145,1358,6.0,5.0,0.5737556052876013,0.5,24.20386078968115,55.78762267039216
989,659,5.0,2.0,0.29742347334459707,0.5,24.336638220671436,55.74484711194074
823,300,5.0,1.0,0.5952341516047457,1.0,24.15410474768411,55.62106381983549
65,1260,7.0,4.0,0.5622785445347216,0.9161305542022397,24.150800307187247,55.67638248182198
663,538,7.0,1.0,0.04487433898111035,0.6042776060474578,24.261522683406568,55.71455292818564
1164,539,6.0,1.0,0.7632208870043359,0.5,24.091458743537803,55.852243627557
1467,844,6.0,5.0,0.3054653161465889,0.5,24.342305373912698,55.80142549661129
706,1119,5.0,5.0,1.187917862745574e-05,0.6378451568533348,24.21296749511731,55.68599101983038
813,87,6.0,4.0,0.6649648062459274,1.0,24.173153241140643,55.84992931632672
1049,490,6.0,5.0,0.5387272421442711,1.0,24.115787506204722,55.6500756851818
1118,1384,5.0,5.0,0.4944124724136629,1.0,24.19083321707778,55.62113363152233
219,1119,5.0,3.0,0.5581436996033712,1.0,24.209628350935667,55.66553260469948
587,720,5.0,4.0,0.5290712434311555,1.0,24.21587526927351,55.81713968627113
841,999,5.0,5.0,0.508214047295979,0.9682729228638651,24.17127120835118,55.762939655641084
369,499,5.0,1.0,0.15079276118034418,0.004111927862836151,24.18676404583602,55.67167524100602
75,774,5.0,5.0,0.47712336553063056,1.0,24.228560257708228,55.73736125674708
927,225,6.0,6.0,0.30516989677790485,1.0,24.238155126734167,55.58330972215142
132,1149,5.0,4.0,0.6149882256707067,1.0,24.09267487568619,55.897745416125254
1461,896,6.0,6.0,0.4514384161128426,1.0,24.105142903220692,55.8274764669687
1332,1475,6.0,5.0,0.6426770820394456,1.0,24.07799656140361,55.783639546717495
11,580,5.0,5.0,0.49002868790875,0.914886251174813,24.114393215936758,55.64727191753014
925,771,5.0,1.0,0.8857587703521227,0.19718856823287473,24.140165339560646,55.75349313220355
930,579,6.0,6.0,0.5422802737418553,1.0,24.190614296615188,55.59977560812112
1374,1210,4.0,4.0,0.3743383716116355,1.0,24.166562231284548,55.87450053055298
860,76,6.0,2.0,0.932656277089456,0.5,24.115068615057744,55.75474837021688
1373,620,6.0,6.0,0.5057532576159334,1.0,24.07952926188741,55.626910216515626
967,1026,5.0,5.0,0.34088053334825374,0.5,24.342296470459086,55.577994296785974
191,1409,5.0,5.0,0.5769240517475591,1.0,24.284270969449057,55.72129152781242
992,1002,6.0,5.0,0.40525011350100654,0.8557001177000503,24.117095540976695,55.704363864289235
1172,1379,6.0,3.0,0.5736281476020663,0.217964771155588,24.088214937696048,55.62000839099517
1030,555,7.0,6.0,0.6831330760357027,0.31396352900253444,24.32538660978895,55.86175886766027
1273,186,6.0,5.0,0.6293762146370202,1.0,24.230441291278762,55.874667139749114
487,568,5.0,2.0,0.8224652359126862,0.5,24.07000244525928,55.884444525876
370,1232,5.0,4.0,0.4026189719574458,1.0,24.115249448429687,55.56612298582409
296,269,6.0,6.0,0.48080577490208165,0.5,24.132545993450528,55.74325123684524
1270,526,4.0,4.0,0.5721573983305273,1.0,24.115381982792183,55.778657974561675
784,1325,6.0,6.0,0.5076732875645584,0.7315569656935097,24.20870296356344,55.60049566211286
69,174,6.0,2.0,0.06661149380033195,0.5,24.239790642899894,55.71878666452817
772,628,5.0,5.0,0.4493647349889643,0.7468202779047217,24.317531497566556,55.69958637114153
1075,796,7.0,1.0,0.22849084818128088,0.5,24.1542544990431,55.749174202553036
50,439,7.0,5.0,0.5577084109916762,0.5,24.313279631822393,55.59893618472971
1458,1161,6.0,5.0,0.4959186081226132,0.9494128518855518,24.080159714996448,55.57392658548626
1013,1322,7.0,3.0,0.9756922996519254,0.5,24.20297266073567,55.65859497540308
423,520,5.0,1.0,0.9725729053317951,0.5,24.33863549703085,55.86770978091958
421,380,6.0,1.0,0.6128554968518377,0.5,24.164499977978494,55.75633691208205
1330,841,6.0,5.0,0.4921219272020391,1.0,24.253365936246922,55.71335839748213
985,705,5.0,1.0,0.9886018799671095,0.4531175534639774,24.258944797448056,55.77718460901301
557,1212,5.0,5.0,0.5316239020149356,1.0,24.312670714748215,55.81807449516679
1243,1420,6.0,6.0,0.5183141843666665,1.0,24.280182957766453,55.83202895488994
1200,1326,4.0,4.0,0.6593184420901478,0.8862160329075153,24.261135399416705,55.76812807818186
339,1202,7.0,6.0,0.45211284203163976,1.0,24.085227973457474,55.87551980710994
252,188,5.0,5.0,0.4619868824798518,0.995031692780574,24.091774491012217,55.606590626455365
252,1087,5.0,5.0,0.41576192687826485,1.0,24.09573346573866,55.60342897888706
83,1345,5.0,5.0,0.2252505230576639,1.0,24.306323777271373,55.831930768619735
314,366,6.0,2.0,0.005945220764068717,0.11690479209883331,24.167570159756714,55.65717532403385
93,1351,6.0,3.0,0.6259503890662693,1.0,24.262082652690694,55.72358863126945
734,83,6.0,5.0,0.45451486048854334,1.0,24.248732754340413,55.8319053402645
868,911,6.0,5.0,0.4248505013243057,1.0,24.165067482551112,55.819610963280695
1143,1090,5.0,5.0,0.4017355404178222,1.0,24.35249463332932,55.80229348855121
1178,561,4.0,1.0,0.18854197722136495,0.163899516347342,24.242286476019096,55.66664326731084
1437,1049,5.0,5.0,0.5780178797649074,1.0,24.1081359207931,55.85418882344397
729,931,6.0,1.0,0.023549291111457236,0.7826846758028687,24.19301245410283,55.69212582712881
437,1448,6.0,5.0,0.5737171362647023,1.0,24.278545504571035,55.766350240159404
179,76,6.0,6.0,0.4973306254518875,1.0,24.072282327532886,55.79410236936687
1169,1152,6.0,4.0,0.4761234712815039,0.7131852363618734,24.220506504166398,55.81851773957264
282,1238,6.0,6.0,0.43663250308892776,0.4001738036069421,24.28162634025076,55.70363789463112
1215,1006,3.0,3.0,0.4412115215951301,0.5,24.147647155496315,55.6713611658404
913,1350,6.0,5.0,0.5203717795081614,1.0,24.170978325130687,55.70806908621195
522,479,6.0,3.0,0.2612128519629467,0.01296705331556719,24.317770268263263,55.586088472367145
1485,477,6.0,6.0,0.5796819322976037,1.0,24.13165483141505,55.84153704737783
199,1231,4.0,4.0,0.4519082966431922,1.0,24.125082755285458,55.66145176160381
894,968,6.0,4.0,0.5173086737624623,1.0,24.220718585115275,55.72800502833496
698,694,7.0,5.0,0.34647360591522436,0.6393657759197745,24.322588273558473,55.77138882032457
792,963,6.0,6.0,0.4006431964325051,0.7823339250335298,24.319876237336153,55.563273863135485
1182,117,5.0,5.0,0.40212012814752257,1.0,24.259519710480706,55.869478295546024
97,1032,7.0,4.0,0.49626854327247777,1.0,24.226320613833202,55.7404671347007
132,1196,6.0,6.0,0.4902835080552454,1.0,24.084112027765226,55.89597716713487
572,1196,6.0,4.0,0.3254053845928636,1.0,24.13452223339841,55.85148213132919
647,1069,6.0,6.0,0.29757758721003347,0.5,24.131829366963917,55.61457858576198
202,990,6.0,6.0,0.5295629889962549,1.0,24.069267906317112,55.54976897925671
1080,714,7.0,6.0,0.48329981317882015,1.0,24.12282705914437,55.82589196578061
296,710,4.0,4.0,0.5174968325107344,1.0,24.127138292852468,55.738872717662204
1382,1396,6.0,3.0,0.48881061942447696,1.0,24.18506111060005,55.680898817384474
451,1259,4.0,4.0,0.4202683885974646,0.7485097249876436,24.15855282838651,55.76902984124997
90,1377,6.0,6.0,0.438104137822644,1.0,24.141663693992665,55.762145744734404
922,1120,5.0,5.0,0.470871057902209,0.5,24.189322313885214,55.76318041938698
575,102,7.0,5.0,0.43128571571190993,0.9650266296315015,24.2713802110154,55.54946419000493
3,1204,6.0,5.0,0.586231300804354,0.5,24.146215379175334,55.84577386991301
392,764,7.0,5.0,0.4801654255920412,1.0,24.186407781039353,55.82661046581874
1271,462,5.0,5.0,0.5292166575077302,1.0,24.14166669531149,55.569807275024004
1094,452,5.0,5.0,0.43508897060209806,1.0,24.090158373161056,55.67910614043035
226,378,3.0,3.0,0.4511199803879225,1.0,24.345526778599034,55.64888034808142
1418,729,4.0,4.0,0.461228289219783,1.0,24.218601441686385,55.78922702155227
798,483,7.0,5.0,0.2944761483601774,1.0,24.19373692945837,55.56979878810412
652,1131,5.0,5.0,0.43367759841597453,1.0,24.21775030390565,55.56104209398642
913,1231,4.0,4.0,0.4647171760992804,1.0,24.16499451271199,55.70084175035724
580,234,3.0,3.0,0.6734129276432737,1.0,24.215027574849042,55.67053567307434
1470,706,4.0,4.0,0.491653661537227,1.0,24.168675773785548,55.76645913361162
759,24,4.0,4.0,0.49062819390854756,1.0,24.090183701873706,55.653274754641565
139,336,6.0,3.0,0.007867898726883801,0.5,24.32908261334233,55.875674872973356
947,726,7.0,1.0,0.8246340024202667,0.5463856459377215,24.117512067489866,55.63197133518912
1188,328,5.0,5.0,0.41404063422624443,0.5,24.157849021752757,55.59137395664474
1406,801,5.0,5.0,0.3943906316957107,1.0,24.33342657611196,55.608737361677136
1018,1478,6.0,5.0,0.42273093313475774,1.0,24.2846651737549,55.72827720709428
940,1207,7.0,4.0,0.49730142599562666,1.0,24.196669699663097,55.70475110132267
841,581,6.0,6.0,0.5888279881081435,1.0,24.164608315006063,55.76035372048844
373,804,4.0,4.0,0.45384496715195427,0.5,24.179474195820685,55.6904277169114
322,251,7.0,1.0,0.9979722101249089,0.4978522229884753,24.128208327053002,55.801509693097366
1397,928,6.0,5.0,0.5202951808481462,1.0,24.202322332170425,55.85535528077971
1433,745,5.0,5.0,0.5126358297475315,1.0,24.328078685529082,55.593371226907664
661,521,7.0,2.0,0.966727868120838,0.5,24.18962824790723,55.88111356567209
465,1427,5.0,5.0,0.5609605233065191,1.0,24.15071128269982,55.686810415510095
1382,1174,5.0,5.0,0.3722441973130859,1.0,24.17801571525371,55.67713272205624
364,1434,7.0,6.0,0.5253248233864561,1.0,24.306055906964726,55.64977351706327
614,1344,6.0,6.0,0.6577933763866548,1.0,24.14339687808288,55.81059952739344
909,573,5.0,5.0,0.6335041452233944,0.5,24.239046407841297,55.83793352465323
710,84,6.0,5.0,0.569988753817233,1.0,24.31645272093479,55.61721697802928
1437,1488,5.0,5.0,0.5007142469753448,1.0,24.105010584898572,55.847305292607444
141,635,5.0,1.0,0.4953367855096915,1.0,24.327624570178426,55.7529192247377
353,231,5.0,5.0,0.44078696189873845,1.0,24.15672719397538,55.849229452225124
113,831,5.0,5.0,0.45849315422068143,1.0,24.096340748576477,55.6013845580415
652,229,5.0,5.0,0.46895425041789035,1.0,24.224272852346324,55.56780806126244
1359,1157,5.0,3.0,0.4171884958707579,0.5,24.20359030665202,55.88090735199526
1149,1378,5.0,5.0,0.5666818015346585,0.7781930058132593,24.138017607272715,55.621150127276046
1000,1053,6.0,3.0,0.3156018760805628,0.5,24.11542611155777,55.7623321381267
219,1383,6.0,6.0,0.5754300827101061,1.0,24.213014443040322,55.67507195366737
1027,1031,4.0,3.0,0.8304344117269715,0.22757678468147513,24.2033952517607,55.69720971570449
1128,818,6.0,6.0,0.6547111512645135,1.0,24.240022931675405,55.77502982495914
765,211,5.0,2.0,0.773333560084911,0.2799497489333753,24.24381026111614,55.592552896690485
674,671,4.0,4.0,0.48585372380176856,1.0,24.085214050077557,55.552391964827464
1275,784,5.0,4.0,0.3580566789142104,0.5,24.347520542978007,55.611512569674375
783,325,6.0,1.0,0.02357984173611303,0.43865442334686844,24.237342776103542,55.6102574286992
1137,599,6.0,1.0,0.18599419021280855,0.5,24.07734441534357,55.58415968643541
928,234,3.0,3.0,0.48063884754881614,0.5,24.271966611989182,55.68203075902406
1225,99,7.0,1.0,0.7863724668716684,0.7293248890067237,24.160000351000864,55.57573937443716
1443,633,5.0,5.0,0.48489429123899885,0.7274348490194252,24.296439504204287,55.85807011564435
424,1261,6.0,5.0,0.43917474509597526,1.0,24.1299064627994,55.85088814341694
1176,1063,4.0,4.0,0.5098684915954542,0.9868887114268101,24.300895525401298,55.822711309229334
761,1175,6.0,6.0,0.6342338052441584,1.0,24.20279370361481,55.88333778418223
1246,1420,6.0,6.0,0.5523598214997794,0.764627724848774,24.234416967219126,55.80705387316667
940,669,7.0,7.0,0.45122443104693166,1.0,24.196385275131565,55.699161879163874
904,1225,6.0,6.0,0.49895363661025033,0.5,24.149073696694643,55.777055535700484
96,875,7.0,5.0,0.6221136279902346,1.0,24.320506746283495,55.649562902412946
1005,185,6.0,3.0,0.267047750198697,0.9963199604331701,24.170434713050078,55.56712674740271
1463,1080,7.0,5.0,0.42146819399877616,1.0,24.209635955799286,55.54014980425301
319,367,5.0,5.0,0.6161936270467114,1.0,24.235121581110587,55.73766591403664
893,439,7.0,3.0,0.012333152773706496,0.5,24.33306667209509,55.589030188820246
520,1358,6.0,5.0,0.39092189435918334,1.0,24.165075219093325,55.81866994143256
1333,223,6.0,4.0,0.41612399439459896,1.0,24.22274145202761,55.551831235263265
33,1089,6.0,2.0,0.62202932187299,0.5,24.219138152565357,55.7703005579412
551,1481,6.0,6.0,0.36076541913780025,1.0,24.29541202346151,55.68124719796748
764,1472,6.0,1.0,0.03005895184806764,0.331787317664627,24.18957576192382,55.886177957710146
186,1356,5.0,5.0,0.4386201369496588,1.0,24.090923006119933,55.76078902378134
687,1436,5.0,5.0,0.3746955338523692,1.0,24.10967209293357,55.624866826379225
1417,1257,7.0,5.0,0.563203370030391,1.0,24.256413795986482,55.802028780877095
208,1162,5.0,5.0,0.33654191937862166,1.0,24.23714670479351,55.81817608885025
920,1195,6.0,3.0,0.19838447143130036,0.5460507501020917,24.319050971818385,55.828522761091016
513,902,5.0,5.0,0.5903943365805875,1.0,24.067255455806258,55.67956937451954
9,464,6.0,5.0,0.4235672242206697,1.0,24.272415160891498,55.85001252852746
809,1102,5.0,3.0,0.8998809529752744,0.07898784604734665,24.091600725760173,55.75083518948142
1307,1278,7.0,6.0,0.45263005175280563,1.0,24.26944033908052,55.70729610263384
1323,747,6.0,5.0,0.4699354898215809,1.0,24.153221504537363,55.75247515256465
39,1282,5.0,5.0,0.5862521586732306,0.9029344455240906,24.27833054683683,55.67143057280475
406,1211,4.0,2.0,0.323785237948234,0.15204324986386397,24.286644012716373,55.85566907152082
826,292,6.0,4.0,0.1317790812328687,0.4650574585375542,24.30253168513047,55.74581254919581
1455,836,7.0,5.0,0.5432217564497815,0.22155856624260778,24.28291374099704,55.8225934822822
1183,403,4.0,4.0,0.5028870878260034,1.0,24.061186844434744,55.78147152601419
165,1349,7.0,5.0,0.4444668973654227,1.0,24.20119764652949,55.56740875796814
1020,922,3.0,3.0,0.5861527235367304,0.7514882023248264,24.196705290687472,55.6729932074149
618,932,7.0,5.0,0.4792329346516858,0.5,24.28647697279201,55.573894456023176
1130,1462,5.0,5.0,0.5060736794795141,0.5,24.327879187165195,55.87496177043278
128,341,3.0,3.0,0.46443440443597,0.9715165199768223,24.29783023263157,55.718317552227276
954,1435,6.0,6.0,0.4241442144874203,1.0,24.248496394836454,55.727551543629076
44,685,6.0,2.0,0.9932136882336348,0.5,24.08706194859852,55.65942849671924
403,479,6.0,3.0,0.7239067073039724,0.7519493699440829,24.34753755859918,55.649141290474645
909,501,5.0,5.0,0.5602720270879781,0.9228297752367073,24.248749113839008,55.84467283701177
317,819,7.0,3.0,0.4189929632454015,0.5,24.09803316852124,55.77347326249731
1205,637,6.0,5.0,0.4804362891561503,1.0,24.1909523785963,55.848269494387225
1368,682,5.0,5.0,0.5703725956187384,0.5,24.33697081046073,55.63482522225016
486,1039,6.0,6.0,0.5353669455201957,1.0,24.17758586174358,55.72939654218948
256,972,6.0,5.0,0.5349618666385926,0.9595213030103931,24.231298001209442,55.85302901406916
807,555,7.0,6.0,0.46940619640324455,1.0,24.318889391097088,55.84087295788702
141,975,5.0,7.0,0.662428132963458,0.9492102336256713,24.321253615560273,55.75704658028232
264,112,5.0,1.0,0.012217907932537233,0.519822534214483,24.106695388172188,55.63966433286286
210,237,6.0,5.0,0.508301084765134,1.0,24.12700039557124,55.87354911695933
185,364,4.0,4.0,0.39959699382872205,1.0,24.117412833739692,55.66711702457237
1331,1190,5.0,5.0,0.6407254447993292,1.0,24.276047716193876,55.60838121545907
1370,376,5.0,3.0,0.37137439546207485,0.5,24.10249774320583,55.89745561584459
1035,62,6.0,6.0,0.4200617382679967,1.0,24.314543819568666,55.606931896867316
183,304,6.0,6.0,0.5813884948554411,1.0,24.07673593150788,55.75939236473252
421,1444,5.0,1.0,0.7698707104680012,0.11114428532444376,24.16873101967538,55.76464941374772
817,938,5.0,5.0,0.5408447042842816,1.0,24.099201092039085,55.851621738696736
323,1153,7.0,6.0,0.35050847097979415,0.8900101108293431,24.271525981434454,55.877668126444576
537,1106,7.0,5.0,0.519130637028222,0.9090200048872947,24.33549548468635,55.88045820856662
650,105,7.0,5.0,0.5293189481281555,0.6729625529632859,24.21519198294346,55.85407732304478
221,233,6.0,6.0,0.49911538074951134,1.0,24.106573920445886,55.85645298926476
835,1032,7.0,7.0,0.5973447778439871,0.5,24.206929543229542,55.717399935886235
1008,1471,6.0,6.0,0.47743297508939025,1.0,24.249093867996308,55.63058204166946
1294,1081,5.0,5.0,0.4503454559822401,1.0,24.162247813180546,55.89320092408719
433,1375,6.0,1.0,0.319178057736884,0.2724570714099472,24.220417415435655,55.76857306637704
466,469,4.0,4.0,0.6906776671951858,0.967407973069229,24.094642916261947,55.83608914229891
195,1295,6.0,1.0,0.6589258149898806,0.5,24.308647794689985,55.69399599507479
395,634,6.0,5.0,0.5291757142269503,1.0,24.179216347044242,55.88407774312043
1361,1277,5.0,5.0,0.507961236399603,1.0,24.17174191748328,55.75726924761583
651,50,4.0,2.0,0.6579711590051694,0.4737249365981179,24.201593543471198,55.72384437949308
326,0,6.0,5.0,0.4743210895958645,1.0,24.24533191888889,55.83980048637315
201,1337,3.0,3.0,0.6728666529280491,1.0,24.239784398954015,55.622382597983545
0,368,6.0,1.0,0.23720833998822674,1.0,24.265874631494867,55.84429706824635
1293,921,5.0,4.0,0.58015995624037,0.5,24.266169637132588,55.612475284813655
878,1431,4.0,4.0,0.6015974621614104,0.8376615328670122,24.186875672109434,55.67935678463159
1231,566,4.0,1.0,0.18547523070414235,0.5,24.207871856486435,55.56953793393338
1385,780,4.0,5.0,0.9452471122473066,0.22967137300903384,24.33343775365209,55.66670564568383
520,113,6.0,6.0,0.5337113814366495,1.0,24.159822483564284,55.81506522559918
1094,806,5.0,5.0,0.5117087963622088,1.0,24.092227448165797,55.68104171688336
253,257,6.0,6.0,0.4726423100728375,0.5,24.29862544762656,55.685572594724434
1067,639,5.0,5.0,0.5312633519866675,1.0,24.1483111350712,55.73743531476472
1187,607,6.0,5.0,0.3715082205953606,1.0,24.26148850760668,55.88526706373211
915,916,5.0,5.0,0.7195709571918661,0.9946262930309372,24.268707035970966,55.70230905924023
971,1393,5.0,5.0,0.45123684463233116,0.987025190923872,24.282135372158816,55.65945541177245
805,203,5.0,5.0,0.5624424986128849,0.8692526691213007,24.099706381790238,55.81768474186179
402,346,7.0,5.0,0.3821321262752452,1.0,24.287372733604787,55.64378537171518
442,1078,5.0,5.0,0.4094387979875923,0.7212956190353621,24.114945327017708,55.88412293741507
1205,45,5.0,5.0,0.4077361047325475,1.0,24.18269516487618,55.85635777454425
223,1246,5.0,4.0,0.41674153754158466,1.0,24.186924766455277,55.838510277905144
1486,652,6.0,3.0,0.26933295109271715,0.5,24.269849668492252,55.61260291550873
231,881,7.0,4.0,0.4272131774287903,1.0,24.152096812206437,55.75398293930462
693,57,6.0,1.0,0.052386892438848816,0.5,24.171800703931336,55.85997853479854
607,1024,7.0,6.0,0.4703439290981541,1.0,24.133514371995215,55.73808942623177
1115,829,6.0,6.0,0.4778889550945191,1.0,24.222457080515024,55.701136395774355
1175,99,7.0,4.0,0.4732659279312948,1.0,24.183829702181672,55.56815799725144
969,331,6.0,4.0,0.6237639674994695,0.36831921120575156,24.348971652736598,55.6516420536018
152,1195,6.0,6.0,0.604278344950276,1.0,24.317850004693852,55.791828251895474
1209,1409,5.0,5.0,0.6506018889998674,1.0,24.25661437816756,55.72763079595703
1329,1294,5.0,1.0,0.03882855043046623,0.15499386111196484,24.260948262036944,55.81537546355545
265,972,6.0,6.0,0.6153037154719485,1.0,24.25577911176255,55.81469332331365
281,924,6.0,2.0,0.9991657186446956,0.5,24.103507003206,55.834473041722624
1410,221,5.0,1.0,0.710133855985205,0.5,24.187505260800126,55.57004946705244
1373,1203,5.0,5.0,0.5831518652675474,1.0,24.07309754446993,55.63039622901556
782,689,4.0,1.0,0.9665437996578108,0.5,24.17860889449977,55.833772542006294
339,376,5.0,5.0,0.4273856786458874,1.0,24.094041637186425,55.88288634812208
1437,239,7.0,7.0,0.4915741694896684,1.0,24.114127690694453,55.845720551013464
674,606,5.0,5.0,0.6165836691908709,1.0,24.08636183820948,55.55069837560573
574,1376,5.0,1.0,0.39684563436722065,0.5,24.155479443856212,55.68232858176023
969,628,5.0,5.0,0.4937696404667503,0.4663629199526444,24.35158615276655,55.642299874406106
718,616,5.0,5.0,0.465058106181096,1.0,24.33537001653656,55.581170609012766
1207,988,5.0,5.0,0.42226231669102177,1.0,24.138943276999232,55.57603734485506
481,40,6.0,5.0,0.5123246099053674,1.0,24.181849744728588,55.83381191712871
618,731,7.0,5.0,0.5169860750175825,0.9596617196040758,24.281693404012465,55.57232884131359
1014,242,7.0,5.0,0.5039854222430101,1.0,24.28913486651342,55.82119494956401
1266,775,4.0,4.0,0.553950270734412,1.0,24.202658321495523,55.81296570309185
480,665,4.0,1.0,0.5999196244630531,0.5,24.07101464644693,55.55560742430236
1019,501,5.0,5.0,0.856825042783327,0.1634998972313042,24.196070404457576,55.88615200706207
1269,415,4.0,4.0,0.5361536178992082,0.5,24.201687531987513,55.79461254104094
520,591,4.0,4.0,0.529014812430464,1.0,24.15156485470474,55.81557364324435
359,194,6.0,6.0,0.42068100267805,1.0,24.32131387731142,55.74768234056841
889,885,5.0,5.0,0.38204603430179773,1.0,24.284080865998792,55.68242660864614
118,464,6.0,6.0,0.5586885051105399,0.9922360787638375,24.19590442950585,55.82663947597556
1321,882,3.0,3.0,0.4174108315192342,1.0,24.306470002988576,55.6391230653364
321,1302,5.0,1.0,0.24224927859145065,0.7352798152390572,24.14689434934774,55.7995211039052
318,630,7.0,1.0,0.09818347268335505,1.0,24.260360528693834,55.58065071380443
1487,843,6.0,1.0,0.1823635229316089,0.174800689230784,24.269854747264134,55.65648761556707
104,668,5.0,1.0,0.22207563356574556,0.5,24.257099676844163,55.65708095085793
453,1321,5.0,2.0,0.8502540975638273,0.5,24.225714944127095,55.6325146588971
92,186,6.0,3.0,0.7268995994471846,0.5,24.256009496908415,55.82612709466175
1250,63,4.0,3.0,0.740531411861761,0.5,24.226750314316742,55.717353282045465
912,814,5.0,4.0,0.19798931047409968,1.0,24.122634120472952,55.78779656712444
741,878,5.0,5.0,0.4741829154421187,1.0,24.25549188988286,55.615114633644374
955,961,7.0,2.0,0.8918910682661556,0.5,24.083283969974723,55.65533615468425
662,696,6.0,6.0,0.45191913273707923,1.0,24.161824014104372,55.63393669743874
1236,1242,6.0,6.0,0.564837545689333,1.0,24.28022483571238,55.77931952632057
737,940,6.0,6.0,0.5691091061912369,1.0,24.072564847453375,55.85435069782872
905,1339,5.0,5.0,0.3799043341019116,1.0,24.233988621199693,55.58073381339956
479,252,6.0,6.0,0.4438539656284598,1.0,24.20905845741983,55.74868344387744
287,261,4.0,4.0,0.427481979049833,0.5,24.106873838173907,55.82658747908082
38,255,8.0,3.0,0.9849401937148115,0.5,24.29198445424346,55.879989713803255
1080,940,6.0,6.0,0.5113047471408286,1.0,24.117629106529346,55.83080748052712
543,297,6.0,6.0,0.35551396146277675,1.0,24.280742348121375,55.908337939438994
643,1098,5.0,4.0,0.4445740569971101,0.7767444567672986,24.152429179979386,55.71036053299208
1078,569,5.0,5.0,0.6048300796218783,1.0,24.1276292580143,55.56220143863046
590,522,5.0,1.0,0.002680095824956955,0.637673688800354,24.187204370322608,55.644847421477756
152,66,6.0,5.0,0.5410354459027927,1.0,24.32044053029032,55.791696763081276
709,17,6.0,5.0,0.5326467140731092,1.0,24.169859076941904,55.59621000049241
85,437,6.0,1.0,0.7817261894835058,0.5,24.269642037455448,55.7794657340874
843,1495,6.0,1.0,0.998568260659977,1.0,24.074828985100666,55.858214113345504
998,1432,5.0,5.0,0.5738690554105951,0.5,24.30745751647532,55.57213951034879
1050,823,6.0,1.0,0.300667063585074,0.5,24.09353723802961,55.706777401305544
430,470,4.0,2.0,0.9993915428014808,0.5,24.084117446587364,55.794287238498825
245,1263,6.0,1.0,0.6493811210423595,0.5,24.335819091010954,55.69675447541217
829,1050,6.0,10.0,0.41252616351764865,0.2626158006802391,24.326978120897348,55.73364824995715
942,74,6.0,5.0,0.41285726255003935,1.0,24.336092559256073,55.849933224078704
431,249,6.0,5.0,0.6509168135556637,1.0,24.14654443743421,55.70064085979903
1188,1265,4.0,4.0,0.6184776577287954,0.9739430230965576,24.153748809032308,55.589467582596725
983,753,6.0,6.0,0.19306946084756893,1.0,24.28162623630761,55.77500321982843
825,1469,5.0,5.0,0.5963254766180548,1.0,24.134448766274936,55.74988854334366
1291,738,5.0,5.0,0.46534068684325997,1.0,24.11355124915849,55.85296565312816
407,1451,7.0,5.0,0.6237716793112262,1.0,24.306629997721473,55.817427647504296
1458,585,7.0,4.0,0.5046450084041905,1.0,24.072244304905137,55.58355115300392
3,1268,7.0,7.0,0.7060420840106125,0.8033000349448486,24.142697561178448,55.837027125446205
854,1470,4.0,1.0,0.08026165529260447,0.5,24.093984363708948,55.74176940496352
1150,413,6.0,6.0,0.43978865005996587,1.0,24.126589599271544,55.597841065026074
866,1255,8.0,5.0,0.32209116873435245,1.0,24.196576858501842,55.57844575114872
1085,491,5.0,4.0,0.5684971102181393,1.0,24.120208479286298,55.61762045492945
493,809,7.0,5.0,0.44590025025404073,0.9974969428430638,24.302751882901923,55.61064168773918
242,880,5.0,5.0,0.48603924970980933,1.0,24.24972736373944,55.75294575862906
940,649,5.0,5.0,0.6404289283025364,1.0,24.20220626249413,55.689362988769815
1119,483,7.0,2.0,0.0881895473324483,0.3293260619832949,24.211567588489277,55.55198669506267
354,949,4.0,4.0,0.5262718643693286,1.0,24.28363998811008,55.590429207750965
1199,201,5.0,5.0,0.44419939481078125,0.5,24.239429992526105,55.57023553686172
576,1473,3.0,3.0,0.48027100221004065,1.0,24.080286113236074,55.634740152268506
896,66,6.0,5.0,0.4266354248782809,1.0,24.283727522331446,55.761406239245666
337,1243,4.0,4.0,0.9835424718589021,0.5,24.28173608331461,55.75179111263935
200,608,5.0,5.0,0.5934794055155688,1.0,24.241115334039044,55.889794590073755
1281,655,7.0,5.0,0.2804889872153252,0.5,24.34098227694011,55.701822607326605
1185,714,7.0,5.0,0.4627191634934212,0.5,24.142702280173825,55.88573785435263
1278,1360,7.0,6.0,0.537311142840905,0.8726652446004292,24.0779976931956,55.77100552040402
930,1355,6.0,6.0,0.4796349161802327,1.0,24.182036374054814,55.596190600911555
227,524,5.0,5.0,0.41465150379035337,0.9279048837447041,24.295811920069045,55.593131161956656
321,163,7.0,2.0,0.3833490357937557,0.23646071070540764,24.142339510123417,55.80124405228545
616,520,5.0,2.0,0.9629085110704092,0.03148733406641202,24.30355385096011,55.84983172271207
729,1407,6.0,2.0,0.9089211831796506,0.03247590630553865,24.189715150605032,55.68973971521886
788,823,6.0,6.0,0.5077240951467725,1.0,24.07777558663728,55.66761830788538
406,166,4.0,2.0,0.7784923702704155,0.035653868019301704,24.2850179431853,55.85663646040929
7,729,4.0,6.0,0.9496498780063063,0.8082419794912201,24.191292984553712,55.72390252827127
1382,1407,6.0,4.0,0.4072619168979818,1.0,24.185658505971794,55.685701156719404
110,141,8.0,7.0,0.5609951921614753,1.0,24.09028934410739,55.84984408217074
698,445,6.0,5.0,0.5852848566036888,0.759749078785309,24.32673618193172,55.766754543610844
206,76,6.0,5.0,0.6021393296954308,0.8706347191405055,24.079958065876152,55.776617812654585
22,217,4.0,4.0,0.3615498665809468,1.0,24.260361078836432,55.8658007037473
179,1359,6.0,5.0,0.5898957049443648,1.0,24.062494691546682,55.78529311352389
1179,711,6.0,5.0,0.26623265748372305,1.0,24.33253859641061,55.8559022095174
724,1019,5.0,4.0,0.44431317142671733,1.0,24.320796788216686,55.85549123843306
150,975,5.0,5.0,0.48090934904408333,1.0,24.34208297764935,55.75303347129861
792,245,6.0,5.0,0.709799014834103,1.0,24.326054040876663,55.569683451036624
1198,952,7.0,2.0,0.9996701757584493,0.5,24.27285515417712,55.60626220118561
32,1198,5.0,5.0,0.6455167459231973,0.9355529298332195,24.184595924130743,55.57840937856352
222,221,5.0,3.0,0.6701439192925644,0.2693751319699983,24.17532603971673,55.568331918592655
924,871,7.0,6.0,0.5928122030364302,0.5,24.108178807425166,55.70240183953213
525,225,6.0,6.0,0.33480263974456215,0.851204902565656,24.261275330364757,55.55733140542625
1486,576,6.0,1.0,0.060977563175102646,0.3286420276657785,24.275691346411442,55.607378310871056
1297,360,8.0,5.0,0.5917727652450819,0.9611655686229943,24.248497300667697,55.70503435865875
1138,1091,6.0,5.0,0.4391601756227289,1.0,24.177417306721797,55.736412581654086
505,1321,5.0,1.0,0.9147529655782849,0.17659880811917478,24.234569497450803,55.61587607186622
100,58,5.0,1.0,0.7031352611732908,0.4460017756697922,24.19344805368327,55.882547955677
271,1448,6.0,6.0,0.42918554217094185,1.0,24.32240809389909,55.75709898899523
1081,976,6.0,5.0,0.47193044876889245,1.0,24.3099191324995,55.79391885126299
530,921,5.0,5.0,0.5193847191202117,1.0,24.248393669836492,55.621711031782716
4,161,5.0,4.0,0.485901248699324,1.0,24.32288039760703,55.60025623557281
1327,1431,4.0,4.0,0.5635522266941115,0.7683639748848147,24.21529718370972,55.66887509587101
371,706,4.0,4.0,0.49456579273975065,0.5,24.16443274649081,55.73134866360126
437,319,6.0,6.0,0.4761409403629189,1.0,24.27887035130639,55.76880439925478
1249,403,4.0,4.0,0.5436668751275285,1.0,24.078867903939855,55.758825833856164
441,171,6.0,6.0,0.4788422496766941,1.0,24.31574748770617,55.694094531102856
145,1247,6.0,5.0,0.2965709074447428,0.8166973308702448,24.20777420441386,55.795032674203895
862,823,6.0,3.0,0.3088334742222722,0.5,24.107433506821593,55.68534205440219
555,399,4.0,4.0,0.39509635734786036,0.5,24.09909795916709,55.782960191675095
643,1150,5.0,5.0,0.4931877080025335,1.0,24.15104865211145,55.71472762678647
425,1080,7.0,5.0,0.5758250559667909,1.0,24.170335359158017,55.60438724975454
43,1466,6.0,3.0,0.4519419943804725,1.0,24.19489811928862,55.73197124296844
1456,523,5.0,5.0,0.47976663010182274,0.9543918883461038,24.34796703462475,55.74525557412006
377,1011,6.0,4.0,0.34584032413117993,0.9895149295372027,24.204640957376395,55.57860222911316
650,1213,6.0,6.0,0.5072840235877359,1.0,24.211170280424238,55.8526041992455
2,373,6.0,5.0,0.5400461988694804,1.0,24.13294126608427,55.808588973342346
1423,476,5.0,5.0,0.43433354349746467,1.0,24.13561150421969,55.71229730738093
81,1334,4.0,4.0,0.4808382817642514,1.0,24.253313568537422,55.77000336879103
887,292,6.0,1.0,0.9468886013258497,0.5,24.251524551334228,55.79409830610497
1474,1164,5.0,1.0,0.08797207936708304,0.1683003785534205,24.128480057802367,55.89457720579738
393,159,6.0,5.0,0.4820588105560909,0.5,24.116695283477277,55.880382458482984
308,1030,6.0,1.0,0.07707862188631655,0.1577683505708538,24.334524353329908,55.58023931422649
548,146,4.0,4.0,0.6169016575068816,1.0,24.16433617716233,55.86502376459123
677,1208,6.0,5.0,0.10498547271955343,0.5,24.156410907149894,55.646500062501865
801,564,5.0,5.0,0.5023504361062333,0.5,24.316221033483906,55.877633429132004
694,787,5.0,1.0,0.9927938046403292,0.5,24.163231133240604,55.7440440712077
759,1480,4.0,4.0,0.48264438832478523,1.0,24.088823389171324,55.662110006119796
82,571,7.0,3.0,0.17794034597035066,0.4144385971212609,24.166301238401026,55.83375444131043
115,1055,5.0,5.0,0.5426600175451443,0.5,24.076375628467588,55.676431078860595
6,1090,5.0,5.0,0.5130062381644438,1.0,24.331634981498865,55.80715557477694
237,1035,5.0,1.0,0.015272245361645462,0.20976491024917243,24.265565096244696,55.78494014288216
1432,844,6.0,1.0,0.9914546464027569,0.2841455489021597,24.32374772094087,55.73806497199756
868,1221,5.0,5.0,0.4535918361200269,1.0,24.166184963184044,55.82725702669547
422,150,4.0,4.0,0.5145934508861136,1.0,24.214503380027857,55.62672615204898
1302,1133,6.0,4.0,0.6158469145133753,1.0,24.114060949243008,55.79409862759146
1478,1073,6.0,6.0,0.45122234678122486,0.5,24.3400506611504,55.791515603216155
47,208,6.0,3.0,0.5490409982835273,1.0,24.08385327154503,55.82335223137082
1253,203,5.0,3.0,3.123026940275999e-05,0.1625149321253953,24.08404296669972,55.80852899156398
278,1393,5.0,1.0,0.23200962311708123,0.5,24.214481242419307,55.673603668606006
273,304,6.0,6.0,0.5187561213111683,0.5,24.077975717546423,55.78062053052701
20,692,3.0,3.0,0.4576273439352926,1.0,24.345134138328273,55.77170833458322
1397,1115,6.0,5.0,0.5237466179313462,1.0,24.206173468877427,55.851841355925764
819,450,4.0,1.0,0.7939540521168812,0.5,24.344519887867975,55.66107638114003
856,1002,6.0,2.0,0.9999998747630195,0.5,24.105357773476687,55.68794474066345
77,160,6.0,5.0,0.4979974108550204,0.9023925502088413,24.29100461999006,55.84120752368417
1259,752,5.0,3.0,0.787856295091791,0.9677060853388673,24.27731846745844,55.55446699217335
282,259,5.0,5.0,0.36606257522997043,0.8963398885971607,24.28813931764902,55.70555203198474
1401,1170,6.0,4.0,0.2705054928293162,0.45003194562443494,24.115614530873238,55.85215084881829
915,440,4.0,3.0,0.6376728729164095,1.0,24.270520458926953,55.696367056649514
927,958,6.0,5.0,0.5026954295681378,1.0,24.236258198850713,55.58796151372876
144,110,6.0,5.0,0.610992477682568,1.0,24.20580213499878,55.686686741757676
859,1188,6.0,6.0,0.5152599216460907,1.0,24.1635968755619,55.71743272613695
403,398,6.0,3.0,0.07005008799870116,0.5836636003855585,24.35665429388682,55.65007218829479
432,1118,7.0,5.0,0.5195571483786745,0.9716133492778375,24.18840277486096,55.71241283458553
545,389,5.0,4.0,0.4519818078383012,0.8129238690508616,24.32396349238059,55.87041006522415
487,940,6.0,2.0,0.998867600596358,0.13470613073531013,24.07239326232657,55.880882478915694
927,37,4.0,4.0,0.5665148271672932,1.0,24.240159584445887,55.597804644086
861,1414,9.0,6.0,0.5503462420784542,1.0,24.349360115845975,55.64512815358319
213,921,5.0,5.0,0.533602602854614,1.0,24.285255384464797,55.60183835706831
365,559,5.0,3.0,0.535136548982684,0.21651631406455252,24.287733126556482,55.86144554571294
503,1137,6.0,4.0,0.6210128026276835,1.0,24.164039003401513,55.693725685172765
479,837,5.0,5.0,0.42666617398117473,1.0,24.21340069937287,55.74698793457892
1024,1155,6.0,3.0,0.8466696653996609,0.5,24.076099875524285,55.66060317192229
789,385,6.0,1.0,0.5409525963566141,0.5655013701038236,24.0839237706389,55.838775316973305
583,1147,5.0,5.0,0.6201151055954478,1.0,24.076169633486558,55.60375683719658
653,892,7.0,5.0,0.558771711714641,1.0,24.275244401810856,55.87527212115219
1444,196,7.0,6.0,0.9970953918629226,0.5,24.129671648870758,55.661563275345465
223,1370,5.0,5.0,0.610209842889101,1.0,24.179727409484876,55.84059723055837
400,175,5.0,5.0,0.38546297768173327,0.5,24.29210768727816,55.611022890210805
656,1175,6.0,6.0,0.6140026948574779,0.9072473965572496,24.261397504036253,55.879358672786154
33,822,4.0,1.0,0.773842048413714,0.26722847114963805,24.214994509498293,55.76359249654888
331,921,5.0,1.0,0.9786363039746991,1.0,24.24740423833553,55.54708849650273
1197,939,6.0,3.0,0.01161073401554735,0.37395812126599537,24.205533974772592,55.794742122370124
743,1228,4.0,1.0,0.0015095670618598678,0.5,24.23436677914133,55.69230504595384
443,1480,4.0,1.0,0.004506352864801616,0.24715024661852109,24.119848581034063,55.67462320187555
1174,119,7.0,5.0,0.6899680160413616,0.9929977735275931,24.226646855860807,55.57701612371437
1277,1315,5.0,5.0,0.39295472831584455,1.0,24.090173764548503,55.68364829336228
1175,17,6.0,6.0,0.5024912174294354,1.0,24.187886555747724,55.57128911065221
1209,292,6.0,4.0,0.5009425665523239,1.0,24.264884675285284,55.73642106810656
657,1065,7.0,7.0,0.5904144779775478,1.0,24.335127330732885,55.87684599188195
619,360,8.0,3.0,0.29712365357782117,0.06484409276898107,24.23426722864423,55.636760047766636
347,1478,6.0,1.0,0.8601110009457575,0.5786185642991641,24.25540187792643,55.69824220853722
273,539,6.0,6.0,0.35193594201041656,1.0,24.077763654375538,55.790552746526664
1156,519,3.0,3.0,0.6532982868923336,0.5,24.335973651607993,55.88131134071164
1317,762,5.0,5.0,0.4158426561187373,1.0,24.242825261742663,55.659365888360824
724,1240,5.0,5.0,0.371507918431657,1.0,24.312490350927927,55.86314264264887
1101,529,6.0,6.0,0.5855643994620362,1.0,24.195109884298727,55.82083005376459
1074,178,6.0,6.0,0.40400654742688913,1.0,24.138433994852402,55.6639810994829
201,699,7.0,5.0,0.6774984276302107,1.0,24.245316511406802,55.62864865851133
493,1123,6.0,6.0,0.3712565284537105,1.0,24.297794626062398,55.61706034042548
830,268,4.0,1.0,0.5194950222052128,0.10772195675031149,24.122167245418183,55.63910106170627
732,493,4.0,4.0,0.4830530213991016,1.0,24.309550109111047,55.65017771221269
1496,617,5.0,1.0,0.9570946049452056,0.5,24.186331146829204,55.87078853895549
400,817,5.0,5.0,0.7319941154093055,0.9430689623977064,24.2930382334985,55.61281208406773
999,42,5.0,5.0,0.4332223687996583,1.0,24.33875990550683,55.79859394382865
1207,832,7.0,5.0,0.6051918261361928,1.0,24.148177320534174,55.56694187013002
967,1143,7.0,6.0,0.41961702386636407,0.9004639649016775,24.335818322339367,55.58569440636248
479,705,5.0,5.0,0.5836661135555883,1.0,24.20809286868236,55.75216568586747
1148,307,5.0,4.0,0.9992950674241362,0.33279275753794035,24.32469888215863,55.85267921537568
169,880,5.0,5.0,0.4851428847156047,0.5,24.264125858385558,55.692408894137316
700,1470,4.0,4.0,0.5321562824578373,0.9323472996697809,24.141182855222556,55.75866024484787
578,721,6.0,2.0,0.6210348851667788,0.9460875726218512,24.134546513636543,55.69369772204043
359,91,6.0,6.0,0.44172624992111803,1.0,24.321016593048032,55.748996798611756
1375,1387,4.0,4.0,0.43727180760848333,0.5,24.16352974559388,55.82320791562587
216,1151,6.0,5.0,0.5504483648487126,1.0,24.32384128337961,55.818494911828964
86,1431,4.0,2.0,0.6833082576254795,0.5,24.19856389225535,55.62370227546785
1142,1097,6.0,5.0,0.502432944004323,1.0,24.140790594938103,55.662711950227596
470,1090,5.0,5.0,0.30875043680397973,0.5,24.341415343250027,55.76906455117112
189,284,5.0,5.0,0.487041030733114,1.0,24.298022170237175,55.877368914413964
864,1254,7.0,5.0,0.3421374269163634,1.0,24.321336554509895,55.630405930309024
36,774,5.0,1.0,0.8945798605752505,0.8456639426104758,24.237318196683464,55.72802749762698
847,169,5.0,1.0,0.4586647999992837,0.44637574475720326,24.246508484474635,55.57244575244291
294,696,6.0,1.0,0.690093170874936,0.17943653929302367,24.166232794161278,55.691938975420754
210,1084,4.0,4.0,0.3539543107045327,1.0,24.121301645906282,55.86771330428622
698,1455,4.0,4.0,0.4410444380119426,1.0,24.328873669312713,55.75905242097189
1314,1242,6.0,6.0,0.528019239943363,1.0,24.286019354136894,55.75966467215916
1121,586,5.0,5.0,0.5614731480479993,1.0,24.228337231295306,55.83057487470663
1103,1374,4.0,1.0,0.9977937781877634,0.36698792069074276,24.16083690874915,55.81504034372025
199,1022,7.0,7.0,0.547314980000559,1.0,24.133739464494123,55.66643243331161
807,158,4.0,4.0,0.393190066613117,1.0,24.320697086130394,55.84339411533782
20,1272,7.0,7.0,0.6185589393548733,1.0,24.3437356766029,55.76908232277122
875,14,5.0,4.0,0.3466538773317381,0.5,24.276762750688857,55.59932105974952
861,868,6.0,6.0,0.5646783889433803,1.0,24.3472235524259,55.63590996065229
1422,182,4.0,1.0,0.14436804247886187,0.5,24.22689940717086,55.80159674963603
266,1184,5.0,1.0,0.973702089009173,0.5,24.221829160901365,55.669293189036594
684,285,6.0,6.0,0.4786680530518293,1.0,24.310837810898292,55.70592906601425
80,698,5.0,4.0,0.5118990955539016,0.73688251267436,24.1347752931985,55.806779373282254
1478,791,6.0,5.0,0.5719177324389776,1.0,24.34432821829515,55.79998785196143
20,1424,4.0,4.0,0.4610252750963571,1.0,24.348893776070476,55.76826485574268
234,159,6.0,6.0,0.502699334514802,0.697030401824736,24.139398319674584,55.883393272469306
843,261,4.0,2.0,0.0468485989942568,0.22388396986866177,24.080609446059075,55.857556631925675
122,161,5.0,5.0,0.4909457724895847,0.8839234561449829,24.29826058601794,55.683319750477864
632,319,6.0,5.0,0.46770123677799524,0.8763114201941682,24.342582423321478,55.80098095873647
154,48,6.0,6.0,0.6049440158636609,1.0,24.2558719835568,55.612432409257025
1470,1150,5.0,5.0,0.6146123053386359,1.0,24.162900348099104,55.761024660517535
818,11,7.0,1.0,0.6781483908015578,0.26114869930775597,24.17471787202611,55.72043347615332
87,1463,5.0,5.0,0.4137190217942223,0.5,24.104447597028127,55.67413925366197
438,834,6.0,6.0,0.5580579435460377,1.0,24.15144836728272,55.70734889377129
570,1436,5.0,5.0,0.6198751262394485,1.0,24.091182980042493,55.62445874245746
462,775,4.0,4.0,0.5156959685754952,1.0,24.193663946791933,55.814678135695644
1105,368,6.0,6.0,0.5385638389030271,1.0,24.26543479384357,55.86852136459194
1148,1171,4.0,1.0,0.3694403931472397,0.1906105115193848,24.326110193236186,55.8437151075786
413,1033,5.0,5.0,0.561095248947671,1.0,24.336690523895143,55.606143272876444
775,882,3.0,3.0,0.6949440256620044,0.9687278333655838,24.253541044362308,55.63348486835003
326,1227,6.0,6.0,0.5491576078168177,1.0,24.248437242825577,55.83217330956232
1312,544,6.0,8.0,0.9888494015528101,0.5,24.260051660072623,55.64088715950217
210,1210,4.0,4.0,0.5303020311268405,1.0,24.120170953345063,55.86740141116879
1237,1037,6.0,4.0,0.8191661195453368,0.5,24.113029011374746,55.85228308987784
1081,631,5.0,5.0,0.5188170411184129,1.0,24.309787746993877,55.789779430552116
290,1082,5.0,5.0,0.41663455655446474,1.0,24.12054377647727,55.65435972934366
361,26,3.0,3.0,0.5229080287746141,1.0,24.263890596427295,55.63252560496213
174,1147,5.0,4.0,0.7521371958624666,0.16522710672411023,24.077468482623424,55.58128162394983
712,1374,4.0,1.0,0.02732224687938116,0.22378249289959418,24.150263487601375,55.85080678020545
470,773,7.0,7.0,0.44439340432513375,0.866050050556586,24.344203416435622,55.763062747387416
1388,1449,7.0,6.0,0.4397345888194996,1.0,24.16224781136964,55.81241564170187
1065,386,6.0,6.0,0.43184785576339146,1.0,24.283213013448194,55.7510740432339
361,826,6.0,4.0,0.5941386594016267,1.0,24.26429594030631,55.63051081460148
969,318,7.0,6.0,0.25659676085211547,1.0,24.35209452357694,55.632878934687966
389,1017,5.0,5.0,0.44159347640170016,0.8538101244480656,24.17308355640089,55.78170644133276
157,160,6.0,6.0,0.6491695412877369,1.0,24.294143077909467,55.83310810177993
1417,772,6.0,6.0,0.5287140084205102,1.0,24.247692433055132,55.798055707297316
1218,950,6.0,5.0,0.40229496692227273,1.0,24.31916611157009,55.73045765250387
260,105,7.0,1.0,0.010638688597016681,0.5,24.178960451043327,55.87800242285213
193,1319,6.0,6.0,0.2811532151782467,1.0,24.11340458892649,55.83183804643337
415,1187,5.0,5.0,0.3498992424811546,0.5,24.321038290052524,55.77475744925055
1210,1308,4.0,4.0,0.5126037799526897,1.0,24.142419392813846,55.76744837325293
65,922,3.0,3.0,0.5689332154827385,0.9823574811600286,24.15538397089473,55.668011306198764
745,1165,5.0,5.0,0.4534046449934638,1.0,24.08025035999635,55.64362551899096
68,463,5.0,5.0,0.47684853796434173,0.5,24.346692087633897,55.79896213237488
671,218,5.0,5.0,0.49085808097655576,1.0,24.228000368577046,55.70236336219835
599,838,7.0,7.0,0.3586178369835432,1.0,24.21420056570106,55.69898756274049
1270,698,5.0,5.0,0.5225581030876757,1.0,24.114635011506664,55.77194773683849
1155,899,6.0,6.0,0.5493093729249376,0.5,24.1222861928849,55.674709261033335
1292,935,5.0,3.0,0.49692014305645693,1.0,24.074797367136146,55.60877229545431
304,685,6.0,6.0,0.4208510592480064,1.0,24.090399349477696,55.68227742294288
880,807,5.0,5.0,0.6059963411701697,1.0,24.179682901342087,55.596172441983995
745,800,6.0,3.0,0.5341467203632105,1.0,24.075780267170167,55.64988681270234
239,1331,5.0,4.0,0.46116724175484763,0.9314046422577459,24.269698951916748,55.846607022061015
213,175,5.0,5.0,0.4882638397860193,1.0,24.287023186612878,55.60790287494983
653,735,5.0,4.0,0.5627708581692248,1.0,24.283645442373853,55.873100384922694
715,403,4.0,4.0,0.5060354877261972,1.0,24.12873877393069,55.75416112915437
74,216,5.0,5.0,0.5904703494790453,1.0,24.19755807174265,55.690516123151866
466,311,5.0,5.0,0.4343946940717552,1.0,24.10071015719908,55.83004562498481
909,964,6.0,6.0,0.6773131313446545,1.0,24.25590552149982,55.836615849643586
791,601,7.0,3.0,0.9928812973768849,0.5,24.13193275420106,55.817434150201905
163,1096,7.0,7.0,0.5545487015692641,1.0,24.292743605181577,55.6055049424845
561,625,5.0,5.0,0.651320787909641,0.5,24.179046684567965,55.55863381394762
647,99,7.0,7.0,0.5305861066999578,0.8573884146071258,24.134645379335097,55.60585485108475
548,1104,5.0,5.0,0.3162923534490416,1.0,24.162672408135435,55.85750369844449
922,670,6.0,5.0,0.42239941178731405,1.0,24.193927280163166,55.76432073408876
78,992,5.0,5.0,0.6054978094999882,1.0,24.121819323332282,55.58264901658319
654,1028,7.0,5.0,0.530814353533065,1.0,24.247858528396822,55.79760382094099
1023,752,5.0,5.0,0.5925622416103238,0.7831187076506605,24.314322382142212,55.599948516408844
452,92,8.0,6.0,0.3356090624662236,0.9889888054461888,24.272264708280968,55.86420002040055
1180,758,6.0,6.0,0.6136593157356409,0.5,24.30847534394259,55.817338782521254
1013,1075,6.0,2.0,0.9487661437063722,0.00993692405636376,24.201807719305087,55.652644659115275
206,1229,7.0,7.0,0.5957410466969681,1.0,24.079360184104516,55.78203689856925
601,780,4.0,3.0,0.2163245676570779,0.7633964794247575,24.32621190922378,55.67414260083097
842,658,6.0,4.0,0.41331784702152474,1.0,24.28383532903397,55.855711737732456
415,791,6.0,5.0,0.5560964613768191,0.9068946601385024,24.32381044482389,55.77067261653244
520,959,6.0,6.0,0.27018041481402466,1.0,24.146071308134985,55.82527470481973
673,1215,5.0,5.0,0.4858671725941085,1.0,24.195899433225698,55.64298529386769
1252,330,4.0,4.0,0.6444420638810976,1.0,24.16934604239182,55.638857684253644
705,194,6.0,4.0,0.5099191764612073,0.9187509171030577,24.312565240538834,55.77851615212004
1266,1331,5.0,5.0,0.6126964876840539,1.0,24.20492047648882,55.804069150498215
992,222,5.0,5.0,0.46037227835187433,1.0,24.119867831513652,55.70952622445093
1363,573,5.0,5.0,0.5341491686163903,0.7772851425678444,24.24169935641631,55.80481450206747
587,108,6.0,4.0,0.49930490333139316,1.0,24.222944089955988,55.81329829671375
531,1468,5.0,4.0,0.5301188969486467,1.0,24.249716504127584,55.89591682977191
1478,1458,6.0,6.0,0.5184279282522227,1.0,24.349477412198826,55.79204094835673
1273,1262,6.0,6.0,0.5365775105127039,1.0,24.225784210204004,55.88240456622973
147,1136,5.0,2.0,0.07085318683052443,0.5,24.257868129293357,55.82401059620994
698,274,5.0,5.0,0.4871970296600139,1.0,24.327804560061736,55.754161516670706
1418,277,3.0,3.0,0.5012875124323393,1.0,24.22820983715606,55.7885665367657
1464,28,6.0,2.0,0.9555075728732709,0.06270379916768629,24.220869297677563,55.72164859440628
1250,1305,6.0,1.0,0.19713933901528524,0.5649626091471083,24.232812980232325,55.712545405959524
952,592,6.0,6.0,0.5021376150734211,1.0,24.314081640331896,55.59284905127923
1191,903,4.0,4.0,0.48317280045564404,1.0,24.109678927873468,55.66104990002346
792,407,7.0,4.0,0.5075608138906696,1.0,24.325781343543998,55.57662322507926
806,1043,6.0,5.0,0.4064415363673949,0.5,24.11565038414986,55.76253162090314
1428,1327,5.0,5.0,0.6198590216319099,0.5,24.19594029432238,55.761805043045904
882,59,6.0,6.0,0.5261718376116856,1.0,24.164704082759034,55.669472040875746
906,551,5.0,5.0,0.5256303341123557,1.0,24.1407095265177,55.76709164825165
1246,1316,3.0,3.0,0.4082537850547978,1.0,24.23665107438931,55.80388188397893
1215,488,4.0,4.0,0.7167852045766996,1.0,24.15512143981273,55.67405863194614
455,212,5.0,5.0,0.33390665955734333,1.0,24.113569052770345,55.87376399840849
312,1281,5.0,5.0,0.5891509009056412,1.0,24.19182406037731,55.80202646619724
1237,539,6.0,1.0,0.26353220234612984,0.40515066290811397,24.116474108900317,55.84653391781842
364,344,8.0,4.0,0.5392611924773009,1.0,24.305471847730107,55.65666649073255
1207,299,4.0,4.0,0.4157908565452428,1.0,24.155970335552702,55.574170904198674
545,704,4.0,4.0,0.6220188501755904,1.0,24.318040131971625,55.86494479742023
984,1157,5.0,5.0,0.5505697600066524,0.5,24.206114398100127,55.87533828109279
39,723,6.0,4.0,0.45400104319629137,1.0,24.279573512371137,55.68016266678542
41,1153,7.0,7.0,0.4939701036882025,0.5,24.233340562845775,55.89886665819052
1017,981,5.0,5.0,0.4649098862959288,1.0,24.337937495298476,55.62070204229979
1080,163,7.0,5.0,0.5091995954331967,1.0,24.116927554566427,55.83389851764428
377,397,5.0,5.0,0.4476882228157014,1.0,24.208224664745014,55.57979715083129
1286,424,6.0,1.0,0.003569133738851309,0.04827817849737742,24.239493117647907,55.76644813639721
175,475,6.0,6.0,0.5297741914922526,1.0,24.209581518352987,55.57431273582791
607,1017,5.0,5.0,0.36765452375982977,1.0,24.134661660418818,55.7355170431324
9,972,6.0,6.0,0.48495386060854484,1.0,24.28100185485781,55.845657197994484
1242,132,5.0,1.0,0.06089356946179424,0.3071956962884297,24.085356625466485,55.58122804198968
1292,1273,6.0,6.0,0.5015722175752763,1.0,24.077112647482142,55.61206777582499
30,376,5.0,5.0,0.6065569674333218,1.0,24.15589207645479,55.891506756471784
1357,1426,6.0,5.0,0.4394000418320547,1.0,24.20154287756449,55.839677213117575
1001,443,6.0,2.0,0.12633064087054147,0.5,24.28603358976555,55.833062028203116
973,677,4.0,4.0,0.4899735214142634,1.0,24.35304684411852,55.85737380804361
35,746,6.0,6.0,0.37390797789541785,1.0,24.297994783835627,55.614768614321534
428,274,5.0,5.0,0.5519636446962832,1.0,24.31999952419233,55.746164505829434
564,11,7.0,5.0,0.4958499870122223,1.0,24.1921866949664,55.707251872967085
1165,913,6.0,6.0,0.5602410996059066,1.0,24.09302595961712,55.60200955865912
1215,1070,7.0,4.0,0.29562914583270683,1.0,24.16125350605641,55.67235832333116
436,1487,6.0,6.0,0.2228763419253027,1.0,24.33035925291272,55.87831698989529
562,1079,4.0,2.0,0.00021524732456622793,0.09184386310657994,24.31317779954887,55.617637960332246
1443,1124,6.0,5.0,0.5983538484405895,1.0,24.301237339774573,55.852131989237265
371,330,4.0,4.0,0.4764546649449165,1.0,24.159416493156705,55.72366160705197
56,1171,4.0,1.0,0.8555456174929507,0.10675993279843682,24.293475887269253,55.80725807551116
1362,1049,5.0,1.0,0.24531699386266265,0.5812746602481761,24.111050276899267,55.88472941747606
1479,1446,7.0,6.0,0.6423628589543469,1.0,24.361998906584386,55.63284003503273
1153,963,6.0,2.0,0.9537858161563684,0.5,24.313373960526775,55.63684238213195
1050,250,4.0,1.0,0.8511695655676235,0.026181954727263257,24.093611136580712,55.70768662609594
858,1382,8.0,5.0,0.6471983540963935,1.0,24.356426671566698,55.54539916315418
553,702,7.0,5.0,0.5974729003945776,1.0,24.23744725418884,55.86202468091485
1105,1185,4.0,4.0,0.6900647282968926,1.0,24.263689787744294,55.876453952165384
548,1454,5.0,5.0,0.30321474249886876,1.0,24.157325616611843,55.858752574183676
323,362,5.0,5.0,0.2681030956171693,1.0,24.279887721354463,55.869704222292135
354,1030,6.0,6.0,0.4634210413212697,1.0,24.280099817668525,55.58579145482586
978,880,5.0,5.0,0.49271617917900357,1.0,24.284942612836925,55.71962880871102
656,312,5.0,4.0,0.40641543455261203,1.0,24.25864374558201,55.887285535451056
252,1061,4.0,4.0,0.4187844001745007,1.0,24.094143541005145,55.59389712623989
1208,601,7.0,6.0,0.3867497518440058,1.0,24.15294107810639,55.85515045676995
574,1427,5.0,1.0,0.9993242976358372,0.15591707024025964,24.15156242078804,55.67256838593786
486,710,4.0,4.0,0.46427390389549034,1.0,24.175819060469433,55.73131582924981
670,697,6.0,5.0,0.411826813696722,1.0,24.324374002264257,55.73617885373722
11,1320,5.0,5.0,0.3774356444391285,1.0,24.12392019504365,55.64557801898978
1110,1271,6.0,4.0,0.8014860001480306,0.5,24.241617607328692,55.79736648859681
1451,115,5.0,5.0,0.5204347723622575,0.5,24.33930680723757,55.630132089440075
382,1039,6.0,5.0,0.5166718832880389,0.9906264658131856,24.159143399435088,55.70868346710007
509,635,5.0,1.0,0.9812921403716306,0.5,24.33070893442259,55.747138338369105
1155,537,5.0,4.0,0.45684242207903847,1.0,24.130311842478328,55.67798168760436
990,85,4.0,4.0,0.46094706504731203,0.7005059579629755,24.317004216058077,55.65553369027034
1493,691,4.0,4.0,0.469961168200515,1.0,24.28721044655593,55.63937629020336
593,238,5.0,5.0,0.4484721754978838,0.5922299178240542,24.108728554136796,55.72861857313817
108,259,5.0,4.0,0.4524821017715549,0.5,24.284675375441658,55.681848047296405
70,425,5.0,5.0,0.7207025928305508,0.5,24.221824649910292,55.622106407494655
806,1053,6.0,5.0,0.5043599282790646,0.7962105369337205,24.10897278360799,55.753081018685435
1080,864,6.0,5.0,0.6851754030874853,1.0,24.121428332490254,55.828217791324754
1319,156,5.0,5.0,0.5063240636786099,1.0,24.341320183825314,55.83086738092039
1170,261,4.0,4.0,0.2619275853158948,1.0,24.083318872105874,55.86855765256139
861,175,5.0,5.0,0.530904594720481,1.0,24.33805046925178,55.629814923182025
1105,190,7.0,6.0,0.5952081131250486,1.0,24.260104612769226,55.87479823949752
58,614,6.0,4.0,0.4656252212496634,0.7553073691572524,24.219597420009674,55.82870231780733
461,710,4.0,4.0,0.41397189392685924,1.0,24.142109181142345,55.70772308979513
141,588,5.0,2.0,0.1695140503014623,1.0,24.3200443220297,55.76203499152033
637,1180,6.0,2.0,0.07241855203604468,0.5,24.11367833791922,55.64924483093457
1314,1023,5.0,5.0,0.6854424330006661,1.0,24.276579866368376,55.7547253692107
1016,289,7.0,5.0,0.6407808606503049,0.6826936428440562,24.10348917196949,55.81205111975977
307,830,5.0,5.0,0.506388689991594,1.0,24.261327959409876,55.689252790716836
1269,72,6.0,6.0,0.5295293995297716,1.0,24.209623591521417,55.79481605044124
176,1148,6.0,5.0,0.2566628379697993,1.0,24.216557659418292,55.80859023371729
366,219,3.0,1.0,0.0028046763090270425,0.40900905928762066,24.186184708334636,55.63010197909629
822,226,4.0,4.0,0.586827922903686,0.5,24.281915120343857,55.60032484406754
1070,224,7.0,4.0,0.5581733453429226,1.0,24.076122507422426,55.84938643074122
1166,275,5.0,5.0,0.6207792651752586,1.0,24.132396135725827,55.808445485460666
1449,150,4.0,1.0,0.474360088682485,0.5,24.211667944012024,55.583389335339064
136,85,4.0,4.0,0.4441263735158585,0.9037433786929628,24.33651114865465,55.683857865963795
533,1089,6.0,4.0,0.37605983775362156,0.8416962390495659,24.240213229033607,55.74495117545457
922,89,6.0,6.0,0.6905532179368234,1.0,24.19124736446988,55.75825784409133
1033,261,4.0,4.0,0.5436673232383537,0.5,24.126355676698168,55.856552731237144
1307,393,5.0,5.0,0.6905308565032168,1.0,24.266063241836235,55.70126926006865
349,379,6.0,6.0,0.42481661534353704,0.7326183680464466,24.28734558147819,55.580707488786786
1073,11,7.0,6.0,0.4425905704747083,1.0,24.135212563634724,55.688946588675115
1200,845,7.0,6.0,0.5143170390135096,1.0,24.269777422935586,55.77631096849154
564,804,4.0,4.0,0.44074254894036213,1.0,24.199874366149704,55.69974818796016
1183,308,4.0,4.0,0.4757632127251739,1.0,24.065412084894962,55.780596561095436
618,1317,5.0,5.0,0.5995553619709493,1.0,24.28290775923215,55.5640160149253
1141,8,5.0,5.0,0.6796182834007772,1.0,24.14659827090002,55.66470629800776
921,779,6.0,6.0,0.4077344416607725,1.0,24.11499944076633,55.81105542637788
968,546,6.0,1.0,0.3890977868129539,0.018392640693520812,24.33035873783945,55.80753209126626
1136,523,5.0,5.0,0.4545113428040527,0.7265744479161421,24.3381303248155,55.78482426975134
364,979,3.0,3.0,0.41773681186773914,1.0,24.306060886435983,55.65271732133557
958,1304,5.0,5.0,0.41713524473456143,1.0,24.22036820043555,55.70557262813657
1008,351,5.0,4.0,0.5953894173541958,1.0,24.245358556888956,55.63989681374143
452,70,5.0,5.0,0.3984255616499979,1.0,24.273631563706445,55.86885751263199
1361,315,7.0,7.0,0.3182859862849532,1.0,24.162704421497853,55.759326802293884
424,679,8.0,5.0,0.399004165651257,1.0,24.13685652437558,55.85626460824665
451,204,6.0,6.0,0.47515664976726674,1.0,24.15822234882761,55.76457047606698
361,309,6.0,5.0,0.6046074336078742,1.0,24.26326250881203,55.632987567644506
1101,1499,4.0,4.0,0.5015733740850169,1.0,24.185309035551903,55.81091002901846
1100,70,5.0,5.0,0.5791598920021921,1.0,24.243994904850513,55.84686922442034
499,866,5.0,5.0,0.6411767746442084,0.5,24.183012451808043,55.83390151341565
1060,897,5.0,5.0,0.5027656034043484,1.0,24.285498460709846,55.78706194699473
1453,855,4.0,4.0,0.6194875255695385,0.5,24.088462397914196,55.61429444006104
1204,18,6.0,6.0,0.613279729796522,1.0,24.28471628365616,55.87808871932402
952,1283,5.0,5.0,0.49467291299848887,1.0,24.304858105496788,55.59718408085297
570,374,7.0,5.0,0.6264839978556542,1.0,24.093526598705065,55.624085017941304
767,919,6.0,6.0,0.5803235142842701,1.0,24.25817697328401,55.59533143393257
981,823,6.0,4.0,0.490311239174488,1.0,24.069030271874496,55.705788134803406
701,374,7.0,6.0,0.5349473105357073,0.5,24.083419384582793,55.59780015585925
271,976,6.0,6.0,0.6400680999307524,1.0,24.326889551795407,55.75654236746666
538,397,5.0,1.0,0.13847523193572409,0.23156335662688832,24.211592384234176,55.568940766702234
950,1472,6.0,6.0,0.49484987821490645,0.9366029894105246,24.21689763854378,55.849850964564986
1224,1225,6.0,6.0,0.3856772062796029,1.0,24.09419676476446,55.72303809521463
1447,1249,5.0,4.0,0.6041252292106686,0.9485635861599067,24.320275729253705,55.72546008329776
1291,1370,5.0,5.0,0.4224445374920468,1.0,24.11848320403228,55.85263489470079
1470,787,5.0,5.0,0.5127705584438815,1.0,24.169438570137032,55.76978462974379
958,1139,4.0,4.0,0.24164975668780458,1.0,24.218211190817676,55.69968290170689
1295,1188,6.0,4.0,0.5594704607348376,1.0,24.228938573938244,55.73339920373807
681,347,5.0,5.0,0.5813286750660694,1.0,24.239956013013305,55.898377771489606
899,147,5.0,5.0,0.5343171339832707,1.0,24.18092058085208,55.641993757491136
566,483,7.0,4.0,0.5098098170583243,0.5,24.210883560174153,55.57561664501564
961,1318,8.0,5.0,0.546983172503221,0.5,24.173439467265712,55.7837162967386
1277,263,5.0,5.0,0.6285005036775191,1.0,24.097399040011965,55.678835552802475
897,928,6.0,6.0,0.5407504706239459,1.0,24.133280108392157,55.867600376994076
1368,331,6.0,5.0,0.4028255649533728,0.9852210765298475,24.336650146230678,55.6350903657219
1038,864,6.0,6.0,0.4880012679574414,1.0,24.076671370765784,55.82143772040332
435,333,6.0,2.0,0.45331013995250985,0.7471547736652648,24.098189898946895,55.65707024024105
1387,1076,6.0,6.0,0.385581082992444,1.0,24.11752977653776,55.776365132620846
160,258,5.0,1.0,0.7486413593606493,0.5,24.316591608183863,55.75820002864707
1308,368,6.0,4.0,0.6582764120381976,1.0,24.26945846246742,55.88313559568531
83,7,6.0,6.0,0.5086895758533682,1.0,24.3117496464499,55.82543939947156
669,352,5.0,5.0,0.506306983443697,1.0,24.19867670092913,55.59348247332516
666,364,4.0,4.0,0.3898633457456908,1.0,24.13261918355173,55.736239616989494
650,166,4.0,4.0,0.31731126103008633,1.0,24.212873470380792,55.84822684093262
935,740,5.0,5.0,0.5325873398617497,0.9318163653797628,24.09768452629528,55.77516804360674
1367,494,7.0,5.0,0.557715876959439,0.9121590119962517,24.356594331149864,55.714250584431745
1026,1310,6.0,5.0,0.544020920194742,1.0,24.28935524083044,55.76421485002005
859,1006,3.0,3.0,0.6617065813391724,1.0,24.163446444820934,55.719771925229125
682,702,7.0,7.0,0.4553302332171868,0.9675973654650862,24.22253233387123,55.87041239546846
1066,248,5.0,5.0,0.375743821054484,1.0,24.331855166562747,55.69858628106913
302,147,5.0,5.0,0.6055211191467242,1.0,24.21322675324795,55.65080128691308
581,1411,7.0,3.0,0.23716269540044163,0.00011033992854214691,24.310494783529176,55.82825721274317
542,830,5.0,2.0,0.8820699951989044,0.6357319685109659,24.204649108959707,55.711626560208835
1201,487,7.0,7.0,0.5450409538038641,1.0,24.0816760831378,55.84437258884454
146,1071,7.0,6.0,0.34131812143806084,1.0,24.286574445787473,55.74692450334247
909,1227,6.0,4.0,0.501880819841325,1.0,24.250781857125475,55.84052938678053
1393,1092,6.0,6.0,0.4945879883148153,1.0,24.2614115605708,55.664149278460066
1053,529,6.0,6.0,0.5445916575991475,1.0,24.209538976390277,55.755804527682976
203,596,7.0,2.0,0.10866755661264983,0.3912954235039769,24.315569035739234,55.581815372352885
503,850,6.0,5.0,0.6409896177625212,1.0,24.165553743792096,55.68883243249127
1060,1054,7.0,7.0,0.6457207926439813,1.0,24.287771730464517,55.78009132347335
668,1304,5.0,4.0,0.3123834709855652,1.0,24.229400687869088,55.64867512212131
1246,815,6.0,5.0,0.4382820351062164,1.0,24.234592087236415,55.811176558983796
942,92,8.0,6.0,0.5385238323961092,1.0,24.337541197684423,55.85969226229599
700,204,6.0,5.0,0.549592282354743,1.0,24.14535639533831,55.759394185113464
222,44,6.0,2.0,0.15088271091921177,0.2558066678751719,24.180176099390046,55.56195996165402
972,651,6.0,6.0,0.557018332773394,1.0,24.21390065968058,55.6512072642901
928,762,5.0,5.0,0.47458932509154467,1.0,24.275655265079184,55.67886159471248
432,367,5.0,5.0,0.40110749043628213,1.0,24.19513122634283,55.71336190451234
320,1382,8.0,7.0,0.4704905613119364,1.0,24.338597926220057,55.556845042705596
430,1359,6.0,1.0,0.4487720312342791,0.056566692468782875,24.08697633167044,55.79809560007027
285,388,4.0,3.0,0.529516177328388,1.0,24.276826511699028,55.576731160044574
991,880,5.0,5.0,0.3970710972188464,0.5,24.24354430990437,55.689800706287905
1090,829,6.0,4.0,0.37925066602522023,1.0,24.261535825494512,55.6636671801158
297,1188,6.0,6.0,0.6467645193131745,0.9777519773239687,24.23212560328011,55.744514420101765
324,1433,5.0,1.0,0.04887002965702303,0.6044429307048439,24.215686623708123,55.54514801490179
819,879,5.0,1.0,0.04696452542985043,0.012062644182931348,24.353758535982973,55.65962480791175
670,827,4.0,4.0,0.46952325390305405,1.0,24.316045483073083,55.73583080113128
460,329,5.0,4.0,0.4614436371732235,1.0,24.31264472959912,55.85067869626083
910,740,5.0,1.0,0.8405642599142525,0.05282092046854614,24.116953076083156,55.7603482869933
1087,544,6.0,1.0,0.9356975047653894,0.2971014688573781,24.242277245038014,55.589332832295945
862,811,5.0,2.0,0.5765194482773928,0.36674220108415534,24.115285067489943,55.677751904333185
161,155,6.0,1.0,0.9425758106964214,0.5,24.222203306233144,55.735100663587886
1263,171,6.0,1.0,0.7230599392005173,0.111937480286318,24.318625902289742,55.70744318474115
1165,302,6.0,6.0,0.49934126349265545,1.0,24.085362421938722,55.59762088936721
1032,924,6.0,5.0,0.4753368100508747,1.0,24.10992238952917,55.825453103716015
520,974,3.0,3.0,0.47503433097118386,1.0,24.153950033515734,55.82662151608566
1213,281,6.0,6.0,0.39398289118772345,0.5,24.099184987151446,55.78386137438387
331,20,5.0,2.0,0.8617807071139625,0.27846266165679556,24.248273881526604,55.54165705324434
1151,857,6.0,5.0,0.6839153314572031,0.9545411288869396,24.09655532679689,55.68598439795513
599,458,6.0,6.0,0.31476122561429554,1.0,24.222869423690824,55.69459660305845
368,640,7.0,6.0,0.419311314161947,0.5,24.338129633343954,55.828448660254175
624,453,5.0,5.0,0.36646530760391244,0.5,24.223056615159017,55.77584088078584
389,251,7.0,4.0,0.3462861021177702,1.0,24.17939537466851,55.780354636785425
189,1324,6.0,5.0,0.30124368593919104,1.0,24.30205361576173,55.885368368744146
1315,937,6.0,6.0,0.778616372039388,1.0,24.241302031779025,55.69944971160965
682,1028,7.0,5.0,0.3857077289193484,1.0,24.219916707156294,55.867139073448044
1208,985,4.0,4.0,0.6376982759653056,1.0,24.15099670561203,55.84989343696631
182,782,4.0,1.0,0.21991352746419573,0.546737940859694,24.21366255851622,55.57443614078039
1444,1480,4.0,2.0,0.8294909446411077,0.4168171069301556,24.126315072297874,55.6593182567519
774,1352,4.0,4.0,0.4664918152544916,1.0,24.325158719218464,55.87085105845703
1032,854,7.0,5.0,0.36278189924804294,1.0,24.111471202215917,55.82190204201453
440,1238,6.0,1.0,0.9931289179176286,0.022211273242191687,24.28296403420326,55.73611683895221
80,828,5.0,5.0,0.49336894723560903,1.0,24.136652950559455,55.81425438047571
513,749,6.0,6.0,0.5384998788206928,1.0,24.062173269195277,55.6817360294382
1073,125,7.0,4.0,0.53908538708503,1.0,24.135395068484414,55.683835176835366
197,1404,5.0,4.0,0.9968119436922612,1.0,24.220114382548886,55.55771962194087
286,222,5.0,5.0,0.5171467405644299,1.0,24.1163573071367,55.67536647432346
902,704,4.0,4.0,0.45503967979615056,1.0,24.299737117681293,55.85665000407152
741,388,4.0,4.0,0.5018703618245609,1.0,24.260506505102608,55.619541971680384
547,97,5.0,5.0,0.5808841152220862,1.0,24.307164984913605,55.61928483885242
277,270,5.0,5.0,0.3979907943805278,0.748022558592075,24.161890709931914,55.78478598629669
1467,319,6.0,1.0,0.20295130341709988,0.6984485403923328,24.33753579252297,55.80132144344906
1031,1128,5.0,5.0,0.4287415118480886,1.0,24.120165692488367,55.77179522990602
664,363,7.0,3.0,0.9526874503341333,0.05846402855801025,24.288547978899626,55.756969779460526
453,1074,6.0,2.0,0.8646780452664722,0.10505776788084364,24.217527140855097,55.624392912854645
257,1246,5.0,1.0,0.8135750649258046,0.1615951340339336,24.179716651740797,55.84269603767898
710,890,7.0,5.0,0.6120999631311128,1.0,24.324696185380745,55.61763068589505
458,76,6.0,5.0,0.4449571054505914,1.0,24.08658329135406,55.78810597632799
503,1022,7.0,4.0,0.37532764330537816,1.0,24.164178504767097,55.68020044653826
1061,907,4.0,2.0,0.47398670784873415,0.056670306316022434,24.104659473740845,55.5657938962359
96,628,5.0,5.0,0.5022395878379352,1.0,24.32514520048981,55.64936811364837
922,1305,6.0,5.0,0.38807932583549654,1.0,24.194957940623766,55.76570189936291
217,471,5.0,5.0,0.41412860517732475,1.0,24.259387907836235,55.834035125073065
1091,136,7.0,4.0,0.5176113124105461,1.0,24.07881710578883,55.8219071869642
68,274,5.0,5.0,0.5338250594691483,1.0,24.34915704285815,55.79160619965923
513,1114,5.0,5.0,0.5808409270286357,1.0,24.065683914584223,55.68167563728931
752,832,7.0,4.0,0.4851741442937159,1.0,24.126487798777628,55.580773990855235
1207,532,3.0,3.0,0.5562323089316942,1.0,24.164599194773132,55.575165799209785
1319,90,4.0,4.0,0.3235589528727928,1.0,24.334018987092715,55.83804962927992
901,757,6.0,3.0,0.4469049046375476,1.0,24.120876100475154,55.855353579168785
342,376,5.0,5.0,0.6046015244579523,0.9602587256441847,24.0968069004642,55.8886148184144
1315,438,5.0,5.0,0.3598396796259229,1.0,24.237513706092425,55.70446944239035
240,329,5.0,5.0,0.5155268242540961,0.5,24.32301556685902,55.88580224263253
1225,460,5.0,7.0,0.29885004368923346,0.14204020745718937,24.16146314150478,55.56659214591835
290,620,6.0,6.0,0.5070387561736083,1.0,24.124772008780322,55.65616845240993
775,649,5.0,5.0,0.5085306028552047,1.0,24.24677966228854,55.64170627458692
593,154,6.0,6.0,0.17827285106831658,1.0,24.103506945704154,55.72223712038716
299,836,7.0,6.0,0.9787066143715453,0.06586591406612685,24.300059778655484,55.85791724303196
214,746,6.0,1.0,0.9538367903976919,0.5,24.306914116107308,55.64874253345758
577,626,6.0,1.0,0.9998550105355662,0.016825309274935307,24.29120986291139,55.672957722241776
520,714,7.0,6.0,0.5606176474418966,1.0,24.152544201765693,55.823078631187016
1212,299,4.0,4.0,0.41939446122253476,1.0,24.168696805129887,55.54337440461844
1337,493,4.0,2.0,0.008241844922739426,0.5,24.347197149805886,55.63161175850806
905,910,5.0,5.0,0.5551334840960034,1.0,24.240289809708532,55.573047795459544
1327,54,6.0,5.0,0.42264623986471517,1.0,24.218795830790018,55.66506391096987
1396,1178,6.0,1.0,0.62515799497751,0.1547629706365849,24.136103004382537,55.743136345354834
115,934,8.0,5.0,0.4099951094244848,1.0,24.0837123562787,55.6752404536822
998,1123,6.0,6.0,0.4598551104207362,0.9819354800864145,24.30581293275829,55.5648889273949
845,847,5.0,5.0,0.3487327487337444,1.0,24.137434672796466,55.73906422684611
1033,940,6.0,6.0,0.5928148087373765,1.0,24.13106305424211,55.86353851227203
1285,689,4.0,1.0,0.4887670184707545,0.10210250874020682,24.212957303755843,55.842298800020025
171,174,6.0,6.0,0.43638472529282735,1.0,24.288627794847542,55.676206853477886
131,1033,5.0,2.0,0.7625884342257665,0.5,24.31848231288659,55.56618642757275
1078,172,5.0,5.0,0.41209578130962904,1.0,24.13230300637823,55.5553547203686
319,1042,4.0,4.0,0.4599209320382849,1.0,24.232575195556933,55.72881046458704
841,276,4.0,4.0,0.46490260432334557,1.0,24.174144411444658,55.75690659371566
1361,204,6.0,4.0,0.49210705585179176,1.0,24.168312929067685,55.763713169422026
1265,703,4.0,4.0,0.4179263019536712,1.0,24.336127546726285,55.64479344255966
1145,1151,6.0,6.0,0.48010529520132567,1.0,24.33208147607405,55.84381058907084
858,927,5.0,5.0,0.6432594256014101,1.0,24.365653709880622,55.54435937203982
1209,1050,6.0,5.0,0.43060800880371264,1.0,24.272950537234678,55.73118784182572
199,61,5.0,3.0,0.36574010951157004,1.0,24.1307809995155,55.668248130352694
790,1209,5.0,5.0,0.577648165849744,0.9188435030711466,24.309800195595134,55.78435931413793
1177,552,5.0,5.0,0.5621413671483121,1.0,24.09817749609591,55.71185369915896
422,1321,5.0,5.0,0.5019533635221036,1.0,24.216396706095736,55.62333656824812
400,723,6.0,6.0,0.428724751770652,1.0,24.290979079836447,55.60545474849489
1055,692,3.0,3.0,0.5455486807781795,1.0,24.313984310386203,55.79424383716234
375,505,6.0,5.0,0.4745388023730213,1.0,24.15103740419956,55.541474704501965
1296,287,6.0,1.0,0.012726528909016084,0.14188298613351968,24.303832622360087,55.64737674144307
499,886,6.0,5.0,0.6355458761897098,0.9150265211621241,24.190411576624765,55.83412355750272
1420,427,5.0,2.0,0.7638615968010403,0.5,24.163490851710836,55.8271371615839
1478,534,5.0,4.0,0.4573715782721649,1.0,24.3448822457901,55.78761629505633
883,956,5.0,5.0,0.6621602758463445,1.0,24.127630337043705,55.692546429166086
881,380,6.0,6.0,0.5738327881100523,0.9393640865304698,24.10813601307082,55.701008861365686
1226,727,7.0,3.0,0.9969655275576271,0.5,24.272185993910774,55.67547719188234
30,1286,5.0,5.0,0.4543535077181547,1.0,24.14834712773003,55.897609579499154
444,1185,4.0,4.0,0.5271308347862498,0.8103061078913392,24.249399023704783,55.85348485078458
1006,1496,5.0,1.0,0.7178353375437779,0.5,24.146427518094107,55.753216641736785
242,437,6.0,6.0,0.5109132499405701,1.0,24.244450920547166,55.75022490850936
1094,902,5.0,4.0,0.5917859286403251,1.0,24.09188598122114,55.6746427138799
719,127,5.0,5.0,0.551501720235467,0.5,24.099509500191697,55.74769710402367
471,576,6.0,5.0,0.5254981509413023,0.79135508766078,24.266049456565664,55.63676796325335
172,1418,4.0,4.0,0.4926666453097242,1.0,24.256319265392282,55.63474308276801
207,489,5.0,3.0,0.025983605246922118,0.09805823217847393,24.202719936594573,55.63238998434917
649,319,6.0,3.0,0.6497204123796501,0.5,24.314799763387025,55.795308047303784
772,1121,6.0,4.0,0.5386544952666468,1.0,24.31555940275794,55.69097365436297
165,1182,4.0,4.0,0.47585094938970846,1.0,24.19491960937799,55.5745889483286
1149,401,5.0,5.0,0.5566088253014858,1.0,24.14067491368696,55.62911913608741
165,44,6.0,6.0,0.43680483380142743,1.0,24.192469966625417,55.56989693547382
963,1254,7.0,2.0,0.9036642508956679,0.05546433857171407,24.284734909639766,55.56076896894855
312,787,5.0,5.0,0.49135440678100084,1.0,24.18748433708904,55.79650618826468
1437,1495,6.0,5.0,0.45515867081918027,1.0,24.115725782369186,55.84589684988608
638,1177,4.0,4.0,0.5474041420875418,1.0,24.263134367506165,55.63308417933323
147,1054,7.0,1.0,0.18681446969025436,0.0273216478077542,24.259215385615086,55.81551119618505
665,337,5.0,5.0,0.5012045888321395,1.0,24.236585358725222,55.74512508127103
1049,1417,5.0,4.0,0.41888104641984003,1.0,24.116414498541992,55.649974933022044
404,537,5.0,5.0,0.5070152495776251,0.5,24.163876547743918,55.643537609252746
547,613,7.0,4.0,0.3991151240208312,1.0,24.301610949753073,55.61903510336673
960,399,4.0,4.0,0.3592391957452175,1.0,24.103092542454718,55.7768989279718
822,690,7.0,6.0,0.5354638692061634,0.9695654239501462,24.28941842231124,55.60565039929737
903,690,7.0,5.0,0.5053220482448874,1.0,24.27588011860966,55.64499904956839
835,1039,6.0,5.0,0.49246996248592484,0.9581287600284336,24.215657578566944,55.71058026020403
204,593,5.0,5.0,0.5329876135795708,0.916669023109691,24.098553804006716,55.650905139988176
1104,394,4.0,4.0,0.5063281750789083,0.8994952302908772,24.119405559737004,55.580341901980866
837,651,6.0,3.0,0.9796691734626038,0.5,24.236109539950384,55.63848984532513
392,881,7.0,5.0,0.5484502078767745,1.0,24.1833783227018,55.81687709529245
673,254,6.0,4.0,0.49676151530014223,1.0,24.194002255188465,55.64089637975083
1456,1347,6.0,6.0,0.45259797048014766,1.0,24.34601355642937,55.74828255120708
402,97,5.0,5.0,0.34392631303322374,1.0,24.28342458056653,55.65225865747873
1143,953,5.0,5.0,0.4845843476708314,1.0,24.351978893324045,55.80468009831231
1254,894,5.0,5.0,0.4641520440280057,1.0,24.277693075665155,55.70984220768199
1202,1224,6.0,5.0,0.5478747735033296,1.0,24.249240057905862,55.638521504994635
271,504,5.0,5.0,0.5828355082880301,1.0,24.317466188451686,55.75367841356453
665,669,7.0,6.0,0.5571119877918462,1.0,24.24556672515113,55.74350828842376
801,735,5.0,5.0,0.3999599505755759,1.0,24.322799951918686,55.880791919309836
204,786,6.0,5.0,0.4031179717661355,1.0,24.093556939640607,55.66060334524959
893,84,6.0,4.0,0.6938361501354424,0.00039432329168426206,24.340892277696984,55.59011168855586
89,1201,5.0,5.0,0.4903120930931737,0.5,24.092667574934673,55.65145719226142
1183,545,4.0,4.0,0.39399716900935844,1.0,24.06085922991972,55.77450028895936
907,1209,5.0,5.0,0.5685393751421896,1.0,24.288981663304863,55.85349698775241
422,419,6.0,4.0,0.47000150976186705,1.0,24.207009515186947,55.62462100112195
784,325,6.0,6.0,0.6191225202350578,1.0,24.209643608509108,55.60043762186914
2,1244,5.0,4.0,0.49373622957621244,1.0,24.12430096534555,55.80602033812208
374,278,6.0,3.0,0.7473318793042406,0.004771593408019248,24.330171749579044,55.825393027633964
1310,1284,7.0,6.0,0.32610776252765983,1.0,24.21988381279982,55.650238479245075
1471,1435,6.0,6.0,0.3879189505696325,1.0,24.21437536299564,55.67145520372481
895,1190,5.0,1.0,0.7074187054990148,0.5,24.236929659567267,55.59015376694204
884,264,5.0,5.0,0.1701068261993542,0.7530894333621906,24.3150742976208,55.816081018656845
710,596,7.0,4.0,0.690197029176619,1.0,24.33278362901931,55.61459272633962
1420,1256,6.0,4.0,0.12239054585469337,0.19239689455877484,24.15669839272327,55.82929334834096
1427,850,6.0,2.0,0.3689033944960275,0.3613131333823184,24.146767315913515,55.66141427973391
918,956,5.0,5.0,0.5341535136480059,1.0,24.118491015900286,55.69108168911269
1223,970,7.0,2.0,0.8880263937347953,0.23426242078784715,24.131157160539665,55.637016422966994
547,923,5.0,5.0,0.43659302093938135,1.0,24.310498612035754,55.62668701969401
652,921,5.0,5.0,0.4820625945673349,1.0,24.227025079922967,55.56756391282165
52,421,5.0,1.0,0.9914365659684027,0.42331690464572275,24.170362366456644,55.67357067664595
1266,1256,6.0,6.0,0.49643634188537805,1.0,24.19566805376459,55.80054890981929
825,730,4.0,4.0,0.4106681878550764,1.0,24.13894830121918,55.746461510684135
1174,20,5.0,5.0,0.5475056906717138,1.0,24.229880165074345,55.57381458358224
1370,1078,5.0,5.0,0.40845682521304016,0.5310866104759819,24.096996546455927,55.890673849192204
486,999,5.0,5.0,0.3262484364676157,1.0,24.184011238877222,55.723354840302456
1333,1467,7.0,5.0,0.5094953478702663,1.0,24.228823841979686,55.56063560619295
139,876,5.0,2.0,0.011112353621517012,0.06786827181385024,24.327212779228095,55.870865148983015
84,787,5.0,5.0,0.430286831074003,1.0,24.179280376023467,55.7943506657748
441,827,4.0,4.0,0.5623490175552424,1.0,24.322726932627926,55.68515048789345
921,663,6.0,6.0,0.44625620304599084,1.0,24.121494439503937,55.80617512827469
511,966,5.0,5.0,0.6037130811971334,1.0,24.154182591717515,55.576943626694685
842,1162,5.0,5.0,0.3568232014634346,1.0,24.28115911668654,55.850191084309905
1049,667,7.0,7.0,0.4943280774777703,1.0,24.108227160149795,55.649099542860164
24,61,5.0,5.0,0.5889852042034536,0.5,24.092909890554854,55.59507471486259
906,173,5.0,4.0,0.38954524293101633,1.0,24.146848962237875,55.77239456383262
1362,469,4.0,3.0,0.9425159905086316,0.08368479482837982,24.104119401237337,55.89147704083877
1470,911,6.0,5.0,0.5151140977465554,1.0,24.161419060460034,55.7726776490095
1266,1358,6.0,6.0,0.2710858262934234,1.0,24.19596998498995,55.80280853526225
1276,552,5.0,5.0,0.5668710103534909,0.8637191015302764,24.067263922769328,55.69235242296814
1171,448,7.0,3.0,0.8215119997703385,0.13465495132799804,24.25540381174822,55.66653653858402
686,777,5.0,5.0,0.4689045578160478,0.6273837475753885,24.31832467491007,55.7938670183361
84,391,6.0,6.0,0.39488048493606154,1.0,24.189245312896915,55.80154144743869
1114,564,5.0,5.0,0.5236749300687327,1.0,24.312668359331205,55.8832944801742
1461,295,4.0,4.0,0.5332663362891983,1.0,24.097808454370583,55.836883514760615
1468,831,5.0,5.0,0.4570378094156061,0.9525761970739104,24.10210439497659,55.558439635419006
641,1229,7.0,5.0,0.5512495103347139,1.0,24.099601106524364,55.792217824542305
59,1135,6.0,6.0,0.48686869254948884,1.0,24.275761897177947,55.687406573644196
118,477,6.0,5.0,0.6284905191337739,1.0,24.205839867795184,55.82957695001137
59,32,8.0,5.0,0.576544107064704,1.0,24.276145067284936,55.694738954320314
108,538,7.0,4.0,0.45307993739213787,1.0,24.284460441316515,55.68850898501145
1155,366,6.0,6.0,0.5678227720673036,1.0,24.134183762890732,55.680342987988716
323,520,5.0,4.0,0.5289659851066099,1.0,24.272207665302545,55.870752012111936
913,1109,6.0,6.0,0.40465419721450946,1.0,24.15531398056948,55.70454233141135
890,1492,5.0,5.0,0.6668937648162399,1.0,24.145389930889888,55.589206214671016
907,1468,5.0,5.0,0.6609604885099072,1.0,24.294471649469596,55.861534794074636
288,473,4.0,4.0,0.5652805721885024,1.0,24.164479037660463,55.675147303360134
1420,924,6.0,3.0,0.4427276778036882,0.03663458967941763,24.155358755754463,55.825320031521294
63,1401,6.0,5.0,0.4509304871785259,1.0,24.21716122287007,55.71999126196699
784,843,6.0,5.0,0.5409519889364165,1.0,24.212152736280057,55.60401407103246
578,222,5.0,1.0,0.43395557709238086,0.7155209035243855,24.139512087153193,55.68613852195967
653,1189,6.0,6.0,0.47777408558532924,1.0,24.291305906873507,55.86774545251854
858,986,5.0,5.0,0.5339191639970514,1.0,24.360033731214383,55.54942829415074
332,889,5.0,3.0,0.4116301185139727,0.5,24.123060399462542,55.564093400486584
1212,515,6.0,6.0,0.35173053244135816,1.0,24.177094897347256,55.54090139251634
411,857,6.0,5.0,0.6303722294362946,1.0,24.07014115155595,55.71352001546702
99,1426,6.0,5.0,0.5112825875251598,1.0,24.253279600657148,55.82973326447507
36,1282,5.0,1.0,0.018437636308859046,0.20823089089579228,24.2444591080926,55.733349457598244
228,354,5.0,5.0,0.5237589524740642,0.5,24.162076897683423,55.83762456316251
210,757,6.0,6.0,0.34957723509575833,1.0,24.120794679196415,55.86610571002942
353,1319,6.0,6.0,0.3260700632331159,1.0,24.1572897842786,55.84398464387722
1260,950,6.0,6.0,0.5356551592841444,1.0,24.343779670012626,55.70905115548794
145,1334,4.0,4.0,0.6033074604948445,1.0,24.202121540118966,55.792003399604575
952,388,4.0,4.0,0.3825546785413241,1.0,24.304078098723846,55.59929391418805
1018,973,7.0,6.0,0.6072551476800249,1.0,24.278505343274702,55.73463067350365
462,619,6.0,6.0,0.477672633460698,1.0,24.186410531851358,55.81282710428874
251,886,6.0,6.0,0.3935534884251871,0.9990223293814195,24.131323226654313,55.81920827135515
1018,306,7.0,5.0,0.6229072137346228,1.0,24.27466184120719,55.73700948630015
1107,568,5.0,5.0,0.5206606771431829,1.0,24.094989741768547,55.81750818487046
972,243,6.0,6.0,0.5380700365507189,1.0,24.21942931222893,55.65735205554953
1006,803,7.0,1.0,0.7502511094474293,0.03869809794722273,24.15497309479267,55.75532374545835
804,557,8.0,6.0,0.32031384198420454,1.0,24.181368731782385,55.808632399120015
118,634,6.0,6.0,0.6101858095456386,1.0,24.196765831980425,55.82545986878735
82,1268,7.0,1.0,0.009685854865460048,0.07917083447251683,24.158283307062995,55.83083419123825
446,1484,6.0,6.0,0.6326896577838979,0.8201011061430334,24.34530902448455,55.79170413630444
940,1435,6.0,6.0,0.6296434245423288,1.0,24.19549444142737,55.69928926207917
1353,1174,5.0,5.0,0.30921035895684085,0.7205591969906554,24.226400553804755,55.61487103166162
1409,1108,6.0,6.0,0.5298843376725041,1.0,24.169295573873754,55.80045776373819
864,379,6.0,5.0,0.5325857290420535,1.0,24.316163437044967,55.6342755263192
935,904,6.0,6.0,0.49274574298105456,1.0,24.097684787996517,55.76641945323699
370,1147,5.0,5.0,0.614309533942961,1.0,24.121900929518077,55.558065782373006
1118,544,6.0,6.0,0.32679135736418585,1.0,24.186238077243896,55.62644367506965
1465,630,7.0,6.0,0.4068379876179333,0.6892527642902977,24.250349677906737,55.58403161251806
213,630,7.0,7.0,0.4287437642512941,1.0,24.293964183074632,55.61531489472911
1025,677,4.0,2.0,0.6276448838505152,0.047544147872414844,24.301444813143423,55.87022644004482
822,592,6.0,6.0,0.5789968554724849,1.0,24.29841165352082,55.61514121206019
1271,394,4.0,4.0,0.4348465186838939,1.0,24.150425442246128,55.56903806705631
881,906,7.0,5.0,0.45558552273061936,1.0,24.103183522680443,55.70279053656987
219,688,6.0,6.0,0.5009631708084121,1.0,24.220047199154983,55.679222162263365
864,1169,5.0,5.0,0.3649538206696132,1.0,24.31398260840259,55.64338579323985
193,672,6.0,4.0,0.6168831602524782,1.0,24.1174410480514,55.82608591646576
175,37,4.0,4.0,0.47303357404010515,1.0,24.219481089136824,55.567035953498205
223,557,8.0,6.0,0.5211085741468465,1.0,24.171286794244168,55.83078182832988
1403,933,6.0,5.0,0.3934435758868309,0.80735091231128,24.324822838836354,55.82993669507003
999,948,6.0,6.0,0.3897997839245468,1.0,24.331887527626343,55.79582422002422
376,1256,6.0,6.0,0.4622375912634764,1.0,24.13447003308288,55.86593492631028
80,634,6.0,6.0,0.5788344159560517,1.0,24.135344833710096,55.81271776629793
411,748,7.0,5.0,0.4200704936489447,1.0,24.080034595936386,55.71284998400167
1278,1229,7.0,7.0,0.6172981310547864,1.0,24.07455616516607,55.76924916644793
537,982,7.0,7.0,0.6193136023328655,1.0,24.33558043194042,55.887816863325014
287,198,6.0,6.0,0.3837309098413298,0.9865237547123618,24.10585706046763,55.829558931506085
466,224,7.0,5.0,0.7549862162748568,1.0,24.097848629947194,55.8309177579493
1461,679,8.0,5.0,0.6051989558035766,1.0,24.094104457127692,55.83691814198358
1304,688,6.0,6.0,0.4811555449740701,1.0,24.19429070635716,55.638178997976745
1019,497,5.0,1.0,0.22875557749208636,0.36239167696396357,24.205754335582185,55.885641065314864
1233,993,5.0,3.0,0.559601613377412,1.0,24.178177652350968,55.81371141511491
1220,654,6.0,6.0,0.544054847962969,0.6937375352777595,24.150811956169303,55.792184027876694
498,1490,5.0,5.0,0.4402618419299495,0.5,24.28863271598477,55.76549790540087
1269,845,7.0,6.0,0.42874086040084736,1.0,24.212885980551757,55.78781015914917
1427,1113,7.0,1.0,0.9684110004281447,0.1187653809366036,24.145692050440346,55.666784396428206
1151,196,7.0,7.0,0.4029582262088729,1.0,24.094313930516012,55.67607747869904
1304,223,6.0,4.0,0.44835922793273225,1.0,24.198996501546066,55.63324698636549
1014,1013,5.0,5.0,0.493225040974731,1.0,24.279204672940782,55.82681944531683
454,148,4.0,4.0,0.5658199093769183,1.0,24.238500387895165,55.56987596579587
1359,1112,5.0,1.0,0.5179212448945522,0.5765656309296019,24.20578627898975,55.88995391128509
954,1042,4.0,4.0,0.6878581506485193,1.0,24.256060071746703,55.73752451981572
272,832,7.0,3.0,0.3825731695964545,0.5,24.18868218335286,55.56534664298048
10,797,6.0,4.0,0.335091775052569,1.0,24.105012647003797,55.66992456001254
1305,1367,6.0,6.0,0.40747569971991954,1.0,24.149923726483276,55.8709424228191
192,1299,4.0,4.0,0.46988507190482315,1.0,24.21522489811164,55.82983490183808
638,736,7.0,5.0,0.53513474111379,1.0,24.25648915847155,55.64128536183875
407,508,4.0,4.0,0.4737798851732666,1.0,24.30887894804571,55.820240992931375
238,1186,5.0,5.0,0.5076472766729727,1.0,24.163837284403783,55.716833890304436
1046,426,4.0,4.0,0.6826545654077221,0.888794878327354,24.299638029200395,55.597529271544886
752,1443,5.0,4.0,0.490406746551262,1.0,24.12228668472189,55.58320149893984
545,160,6.0,5.0,0.48398572029338266,1.0,24.32422875026732,55.87274284248359
55,398,6.0,4.0,0.46819692397881507,1.0,24.325800401319,55.60143648237527
623,886,6.0,1.0,0.2592564351234521,0.5,24.186604735946748,55.82140409967357
189,1124,6.0,6.0,0.5109301126475407,1.0,24.308734607555397,55.88404526189067
299,1385,5.0,2.0,0.9997265866184438,0.0005674008454381596,24.3057299305136,55.85208150299644
1249,1225,6.0,2.0,0.5170614713992374,1.0,24.07800205526497,55.76558845117383
491,243,6.0,4.0,0.6479093803001307,1.0,24.17340482305858,55.662614389944366
470,69,5.0,4.0,0.27772209863298464,1.0,24.337260005381385,55.76893132676071
858,718,5.0,5.0,0.4041167146514822,1.0,24.360429991391545,55.55553771420021
1024,1315,5.0,2.0,0.2308017223386899,0.20982710517380132,24.08513851815481,55.66664567918138
868,1293,5.0,5.0,0.40906517808952114,1.0,24.17274440821736,55.82684026469785
617,482,4.0,3.0,0.5542062957745348,1.0,24.308428697214,55.594783258004796
1048,431,3.0,2.0,0.06898958515220832,0.27330059720317335,24.179168806739305,55.588727629626135
216,1343,5.0,5.0,0.5103653841842131,1.0,24.32030515927147,55.8210991161132
468,117,5.0,4.0,0.42180887126740974,0.9572486163900564,24.23128022687268,55.876683570128826
593,22,6.0,5.0,0.5086767221015329,1.0,24.104416290850864,55.715607771356936
596,316,5.0,5.0,0.5908733786066294,0.9143303182327186,24.120731203352115,55.79990103968442
1301,1448,6.0,3.0,0.60864159372817,1.0,24.29416758758341,55.787000941742576
1183,73,3.0,3.0,0.6174400228830017,1.0,24.058763898188083,55.764753819262275
454,433,5.0,4.0,0.5732034878468203,1.0,24.23227757391668,55.56955860196504
1183,819,7.0,6.0,0.603610334970463,1.0,24.057024361550685,55.765740216262465
477,1111,6.0,6.0,0.4049622736095639,1.0,24.268359617575594,55.81867803342259
759,967,5.0,5.0,0.32189196737197134,1.0,24.085526792078728,55.66714121731949
357,909,5.0,5.0,0.4087645949405179,1.0,24.151876650412117,55.87558019064499
751,659,5.0,1.0,0.13857721792356775,0.27174611284200323,24.344112688789366,55.73340755419983
1254,937,6.0,5.0,0.4678253900249946,1.0,24.27739878223741,55.71139411834381
922,636,6.0,6.0,0.424581250651322,1.0,24.194985602897713,55.7658413595946
957,387,7.0,1.0,0.9451524879644545,0.5752934066958594,24.127517218810123,55.67664955515228
1150,1180,6.0,5.0,0.4905141760502374,1.0,24.13235530313188,55.60408443444263
429,247,5.0,1.0,0.8846553360408559,0.5,24.34410794006218,55.575266737444466
796,841,6.0,6.0,0.4432289482994055,0.9832612795767595,24.221182444210257,55.73551266960297
1176,442,5.0,5.0,0.5018853530060285,1.0,24.29135777224301,55.821622549228856
1308,633,5.0,5.0,0.45816790617781766,1.0,24.278083287272718,55.87999553736042
245,432,5.0,3.0,0.5220683206851232,0.07329492710061825,24.344503774348258,55.69071590877749
789,539,6.0,1.0,0.5672366701608602,0.47176198681142667,24.085751278554223,55.846831729690294
2,295,4.0,4.0,0.5708420869632677,1.0,24.128705017997206,55.81384937231239
122,695,6.0,5.0,0.5442985676787777,1.0,24.30199019956628,55.68495996164812
232,417,6.0,5.0,0.94384329153549,0.5,24.28229122412758,55.86615136642356
1092,1383,6.0,4.0,0.5455125907215348,1.0,24.214762467479233,55.65470180644605
185,748,7.0,5.0,0.6052832642360666,1.0,24.126942477114998,55.67472778948375
1229,719,7.0,6.0,0.4358568392347261,1.0,24.189530864763586,55.79381381666527
1183,118,6.0,5.0,0.4255520060356441,1.0,24.06208959550076,55.775611614404156
435,302,6.0,1.0,0.2241143024663892,0.818850443211156,24.099810793934903,55.65055824585962
1031,591,4.0,4.0,0.4898908606927178,1.0,24.11375575638221,55.776296571241
1038,195,5.0,4.0,0.6180612116861897,1.0,24.071569678324355,55.816379303158065
133,554,5.0,5.0,0.5458211674821525,0.9040357229177758,24.321434988596284,55.76761321988215
304,1445,3.0,3.0,0.4904169561739486,1.0,24.094486595686657,55.68494078459612
1248,1151,6.0,1.0,0.4775538480043639,0.0732649613710431,24.33475369456682,55.80356561517401
525,867,3.0,3.0,0.491682907795255,1.0,24.253531437161843,55.5558015343642
174,889,5.0,1.0,0.5766682231519668,0.270786864731437,24.06899595057951,55.59081304611933
210,383,5.0,4.0,0.6634971973731061,1.0,24.119691902469768,55.856161989247546
418,611,4.0,4.0,0.49772156871517453,1.0,24.158748638073394,55.58472207550875
1146,1053,6.0,4.0,0.46652765668844354,0.5101301392711628,24.096154569284042,55.77982993698176
1049,1007,6.0,6.0,0.5365371521616021,1.0,24.1149951383157,55.63974807050056
1429,503,7.0,6.0,0.24688243722214182,1.0,24.294102683103013,55.8618447265677
1155,205,4.0,4.0,0.48705988907039105,1.0,24.13158081530001,55.679762470995314
1469,1374,4.0,4.0,0.5243112799861909,0.5,24.183005988660423,55.855745987302
431,1098,5.0,5.0,0.17588867242012807,1.0,24.13959703923456,55.707554512210464
1202,746,6.0,6.0,0.5114895839353963,1.0,24.256879318369794,55.63203009524928
1428,1499,4.0,4.0,0.524448517934963,0.9372771969898084,24.192097267963877,55.75516444956817
312,678,6.0,4.0,0.4247570653350821,1.0,24.179991990426373,55.79426419017556
343,259,5.0,1.0,0.09199171342532568,0.35517836894341526,24.30168269137117,55.703123159980585
1315,1493,6.0,4.0,0.6842416295931718,1.0,24.239300307494183,55.69599596166869
752,1147,5.0,5.0,0.35992647642026276,1.0,24.125720135658995,55.57810397358996
1110,549,5.0,2.0,0.15873986480472196,0.4218112686111204,24.240458784165646,55.8033465489072
1401,1134,5.0,1.0,0.007283527307690522,0.44543558005418893,24.105824763149258,55.84858899954206
393,296,7.0,6.0,0.5154718766529892,1.0,24.11928275304194,55.8816366946905
657,297,6.0,4.0,0.5897219592589666,1.0,24.330560679441277,55.886612310269875
1004,1486,6.0,4.0,0.3565798881602569,0.9290557868906895,24.19494909513841,55.76626512699768
401,692,3.0,3.0,0.469716248988357,0.5,24.33489909560414,55.84078217069597
370,172,5.0,5.0,0.41683044866884233,1.0,24.126407736582134,55.563920512804174
1162,626,6.0,3.0,0.31450382184212766,0.9031516105927605,24.319257761247872,55.68874065075695
1367,874,6.0,6.0,0.5307332255554488,1.0,24.34801466453524,55.71290839272918
1026,1290,5.0,5.0,0.592437369205475,1.0,24.28637186068038,55.77242261604098
252,1201,5.0,5.0,0.5957688167713803,1.0,24.090717023737422,55.584044732448845
596,1178,6.0,4.0,0.37405133782888034,1.0,24.127084711647296,55.79367327175782
845,1303,7.0,6.0,0.37873849973916435,1.0,24.129613065871943,55.741520459319176
1200,1328,5.0,5.0,0.5982920746806379,1.0,24.27755206611586,55.78415870156292
41,1426,6.0,6.0,0.5474597541528569,1.0,24.234162485997572,55.89746660622824
1190,513,5.0,5.0,0.5620254811656674,1.0,24.189262878068416,55.583020874254274
1040,912,5.0,1.0,0.027319668293898623,0.5,24.24042484051078,55.76243237052979
732,97,5.0,5.0,0.3745280479967469,1.0,24.30311114927865,55.64673528418479
1034,1129,4.0,4.0,0.4202826293533143,1.0,24.273299468436193,55.77036049932904
91,480,6.0,6.0,0.38879295314228435,1.0,24.248882012650665,55.82615401284735
83,480,6.0,5.0,0.522147099045203,1.0,24.31755566610688,55.83354251759407
162,1273,6.0,6.0,0.5530798289005991,1.0,24.103181683313927,55.57708039601891
1043,26,3.0,3.0,0.3339108902333202,1.0,24.26471677690431,55.58661258954316
67,961,7.0,6.0,0.5049213313130928,0.7776475604570787,24.12325193024885,55.610103015294214
929,431,3.0,3.0,0.4768541157046504,1.0,24.205878444702552,55.556917205524705
1498,887,7.0,2.0,0.45001533805734545,0.5,24.33948829264113,55.60077544371442
1117,1473,3.0,3.0,0.6229321163067137,1.0,24.092776052793475,55.62781726929973
699,258,5.0,5.0,0.46048431838606746,1.0,24.34285936168292,55.76836378200038
932,177,6.0,2.0,0.054028436613023124,0.6749065170298842,24.354506415258637,55.714696941708716
1273,1398,6.0,4.0,0.6838230227487528,1.0,24.223770762705467,55.88302842132682
41,368,6.0,6.0,0.5682814315700616,1.0,24.22492678392932,55.90048150884463
1339,361,7.0,5.0,0.5034444935470297,1.0,24.153420948354153,55.63480833325456
1333,849,6.0,4.0,0.4695497273088648,1.0,24.233575168949436,55.562557711889106
1461,139,5.0,5.0,0.5422480890783506,1.0,24.089785762655914,55.84553366587253
371,270,5.0,5.0,0.4145002493256622,1.0,24.169304719685876,55.72027909188574
377,119,7.0,6.0,0.4183245344829561,1.0,24.21140622982379,55.571695299142945
370,832,7.0,6.0,0.5552157139044108,1.0,24.131902033043062,55.57045181998122
587,415,4.0,4.0,0.2824594662300426,1.0,24.216910681801235,55.81494025327268
387,467,6.0,4.0,0.3228128976824999,1.0,24.16765272047175,55.811672238900634
674,38,3.0,3.0,0.3910133705597504,1.0,24.09360768767365,55.56040897662399
413,872,5.0,5.0,0.4415695001455304,1.0,24.338906806851348,55.61248594802186
301,904,6.0,5.0,0.4438061970081728,1.0,24.07016623894206,55.81253624174007
1239,1026,5.0,5.0,0.6063345462274237,1.0,24.323064027295636,55.577852465674624
1357,486,5.0,5.0,0.52802880338641,1.0,24.198886327636814,55.83531985224363
438,929,5.0,4.0,0.3466685794668475,1.0,24.156852663717316,55.7040863629701
1313,736,7.0,3.0,0.860688160536203,0.848420174516815,24.28679438879715,55.63815458069393
1172,1480,4.0,2.0,0.8479074987657068,0.2012404268577742,24.086984994484403,55.615298995931475
878,1159,6.0,5.0,0.395596541724625,1.0,24.17912287486545,55.68604119496938
258,744,8.0,7.0,0.7354153499131811,1.0,24.150225022607213,55.64521849038982
179,1229,7.0,5.0,0.3125022659272507,1.0,24.069806559760956,55.777771521049715
1136,1041,7.0,5.0,0.3557846572722584,1.0,24.345573776257968,55.794742727964355
530,1224,6.0,6.0,0.6465206885185123,1.0,24.24661460689266,55.61314557572024
1387,974,3.0,3.0,0.43113361269192485,1.0,24.123849308604736,55.77700367103775
352,1398,6.0,6.0,0.5580576679701645,1.0,24.214015929464004,55.84964981091351
650,1172,6.0,6.0,0.47039087926187284,1.0,24.216928079426122,55.85659148698439
379,1254,7.0,6.0,0.45427095022929137,0.9071057692246765,24.33409164816302,55.55738508778502
1065,1058,6.0,5.0,0.4129792856782315,1.0,24.2801134077293,55.742325081198935
193,228,5.0,5.0,0.5215139911608895,1.0,24.110437350920552,55.82893518534549
1146,403,4.0,2.0,0.6852777452069505,0.9182742831983836,24.096773657763855,55.77515451696305
312,356,5.0,5.0,0.6874216566922468,1.0,24.189852113911197,55.80045487118089
1278,526,4.0,4.0,0.5270190964088063,1.0,24.079450466574873,55.763931207771016
1276,908,5.0,5.0,0.7096726893608002,1.0,24.06688188313492,55.69370457634401
271,728,5.0,4.0,0.5403844414934919,1.0,24.32146892620215,55.757098664451505
1115,453,5.0,4.0,0.45360690542315835,1.0,24.22881993173332,55.705175783522215
1020,260,6.0,6.0,0.475594383827255,1.0,24.191566892374595,55.6661365138135
605,123,6.0,1.0,0.4968823133669661,0.28789928748440574,24.065424564217103,55.79185205712044
988,92,8.0,6.0,0.4361253916602881,1.0,24.332923596960214,55.89699989598981
520,212,5.0,5.0,0.5210707739806119,1.0,24.152769528853593,55.829361155716256
1485,212,5.0,4.0,0.7380611362359504,1.0,24.136647768729397,55.83489966597154
847,9,4.0,2.0,0.6930562923548793,0.3860553046783511,24.24476998819205,55.57904955210136
6,459,5.0,5.0,0.47174176660418266,1.0,24.323566379256647,55.80481767484341
617,981,5.0,5.0,0.5016917512879087,1.0,24.313928155378434,55.58852707067067
759,903,4.0,4.0,0.4565887451503196,1.0,24.091073090504683,55.67377030236435
1428,1089,6.0,5.0,0.47726720473625367,1.0,24.196605049278986,55.76350143607208
674,1066,7.0,6.0,0.4402564465850927,1.0,24.085615641289884,55.55350368712976
643,1137,6.0,4.0,0.6527288860709846,1.0,24.14864231425134,55.720207814261414
302,465,6.0,6.0,0.46423176780378844,1.0,24.211332089495365,55.646776643642845
614,664,6.0,6.0,0.5580573108196711,1.0,24.14341524723739,55.81655619739142
1213,19,7.0,6.0,0.5424211964804633,0.9502446183693516,24.09797636376371,55.77509354522667
1096,1164,5.0,5.0,0.3775875968554578,1.0,24.128162106083902,55.89286441592496
448,1412,6.0,3.0,0.18989298362494345,0.5,24.1765216071723,55.81948301597457
1468,1044,4.0,4.0,0.3622225832051086,1.0,24.10017845164368,55.54845204077307
136,1169,5.0,5.0,0.44735884604638815,1.0,24.333864405927415,55.68368144625727
545,675,5.0,5.0,0.4318746858088799,1.0,24.314502509644985,55.868469668390276
1186,934,8.0,5.0,0.5513364751608932,1.0,24.112151214587286,55.66562142943463
461,1022,7.0,4.0,0.6931140318366322,1.0,24.150316084163162,55.71209426842757
950,70,5.0,5.0,0.4957365228746994,1.0,24.225257018831794,55.847145720264976
606,1351,6.0,5.0,0.4040252905445648,1.0,24.334780012339944,55.72991430907186
1161,1450,6.0,5.0,0.4821620658821541,0.988901150064535,24.22758512630856,55.67230593631585
1214,622,6.0,1.0,0.7077567512992213,1.0,24.21291284089009,55.56915315049414
287,233,6.0,6.0,0.5283669302705636,1.0,24.10791085098358,55.83216650997413
77,631,5.0,3.0,0.6019284581457454,1.0,24.295680661782622,55.84634714823225
775,567,5.0,4.0,0.4348224845977743,1.0,24.239387950603923,55.64458720092568
419,375,6.0,6.0,0.42227309031464266,1.0,24.293338693422307,55.56744328717562
1435,759,4.0,4.0,0.47000007013366013,1.0,24.308914034227175,55.586594231047535
929,1339,5.0,3.0,0.4708918045630928,1.0,24.200825377904952,55.55502341957791
1294,1261,6.0,6.0,0.48894480406808105,1.0,24.158114814612542,55.90270181153103
43,371,5.0,5.0,0.4878091336883408,1.0,24.199799660764924,55.73935089517148
914,645,5.0,5.0,0.4884536249276832,1.0,24.0965709249268,55.69521945454436
20,976,6.0,4.0,0.5927301099052976,1.0,24.350402054896396,55.760393894613216
180,1146,5.0,1.0,0.6015139395369177,0.001468049900203272,24.14170075578096,55.81686904735845
797,248,5.0,5.0,0.6175112760219185,1.0,24.297759018984664,55.69850215284411
1357,1156,5.0,5.0,0.2482410983164523,1.0,24.201176561563486,55.826481754077776
1443,74,6.0,5.0,0.5357786353317899,1.0,24.309514724308205,55.860266241380785
555,1077,6.0,5.0,0.43407405621234924,0.9530353097515254,24.1016103357664,55.780614711737584
1205,634,6.0,4.0,0.5546936208243932,1.0,24.17710842792235,55.84802148800175
830,708,5.0,1.0,0.9590491224862497,0.10270354613672539,24.123710439320384,55.64012384919677
940,922,3.0,3.0,0.46406580013048604,1.0,24.198669320322143,55.70842725052945
804,252,6.0,6.0,0.5514658210644353,1.0,24.18544477472631,55.814196189851565
68,523,5.0,5.0,0.4257365438189991,1.0,24.350586762353537,55.78326301348254
1136,534,5.0,3.0,0.37730002634814064,1.0,24.352467070409514,55.78994652703521
1154,115,5.0,1.0,0.9341651539739457,0.5,24.332224326835714,55.61271720878741
469,1356,5.0,2.0,0.8603838283546039,0.5979791317056766,24.058281731311904,55.79408432148742
613,502,7.0,5.0,0.3237784947167621,1.0,24.08538515873325,55.80823122768246
348,1389,7.0,7.0,0.5670719740421596,0.5,24.086741565241514,55.73087348883302
1268,1012,4.0,1.0,0.6542243251453372,1.0,24.207825843635405,55.65825583572058
1145,1484,6.0,4.0,0.35975878720535964,1.0,24.338730812172823,55.84029284604032
924,1155,6.0,6.0,0.4277180606165445,0.8209321024002306,24.11789326371336,55.70978063438058
1494,865,6.0,6.0,0.5233594205303574,1.0,24.07855906083165,55.70365390322457
1128,548,5.0,5.0,0.5330410585590304,1.0,24.247920918949234,55.77633886296184
81,1267,5.0,5.0,0.3994591548169609,1.0,24.259924448790358,55.76386489735399
1293,226,4.0,4.0,0.4466557267268112,0.7753372606714125,24.273453765303593,55.60590003142758
944,1298,5.0,2.0,0.09665728586157893,0.5,24.088959837581974,55.88088664912787
368,1090,5.0,5.0,0.657906304549254,0.8326261657921373,24.33307260647656,55.82850239040545
256,633,5.0,5.0,0.4407517131744685,1.0,24.230903847474046,55.85150840752683
26,602,6.0,6.0,0.3081623961902267,1.0,24.35425843258537,55.550068652016016
15,312,5.0,5.0,0.5276052786104379,0.5,24.243494756036,55.882652843573304
1404,848,5.0,5.0,0.5220510649924227,1.0,24.100661472709906,55.58080441062838
96,114,4.0,4.0,0.5725798487589736,1.0,24.332687403468338,55.656243212840366
1379,97,5.0,5.0,0.39571750068440864,0.3420360454741597,24.29877881574972,55.68437558761517
354,211,5.0,5.0,0.4591790158194087,1.0,24.27368468355501,55.586677556949525
837,150,4.0,1.0,0.29485234492229556,0.07681908433505447,24.242928773132,55.63168504889451
121,605,4.0,4.0,0.5489474573501009,1.0,24.33208496016469,55.625526800574754
126,1275,5.0,5.0,0.39647188274434286,1.0,24.110948527425315,55.74041277299703
1339,600,4.0,4.0,0.3994000156767074,1.0,24.147660022409298,55.62604250164977
753,586,5.0,5.0,0.40473414112561706,1.0,24.231346537643407,55.86460968261332
1467,1187,5.0,1.0,0.9967555193481462,0.12409554146381296,24.328816098195563,55.79192002599896
1317,465,6.0,5.0,0.5930893873761243,1.0,24.240353221718728,55.651651530274826
227,817,5.0,5.0,0.48845760693115603,1.0,24.296385416433598,55.594584339249565
94,360,8.0,1.0,0.9694720373107376,0.03189005555707408,24.240314637311158,55.72036711356014
832,663,6.0,6.0,0.4915333172467746,1.0,24.18371290791144,55.80054716740101
511,1453,3.0,3.0,0.6523818018771373,1.0,24.161036701959674,55.57893882225759
129,411,6.0,1.0,0.7019583697167814,0.35513263641346354,24.27162531602029,55.887223110587435
790,791,6.0,6.0,0.5032241882958597,1.0,24.31717549789805,55.79433258450924
425,926,4.0,4.0,0.6113290830312949,1.0,24.16087868675815,55.60332754032698
1196,74,6.0,2.0,0.09463791457835151,0.5,24.32891247279637,55.81197495681055
542,408,6.0,1.0,0.059522164635828906,0.2097865123423951,24.197186284713005,55.712078436773076
911,1050,6.0,6.0,0.37732389219584733,0.5,24.24739505987375,55.758705718748494
81,795,6.0,4.0,0.4603917055965026,1.0,24.265338636034905,55.76433496569082
683,150,4.0,4.0,0.5860142607824721,1.0,24.18805027541131,55.60260721735803
392,1479,7.0,3.0,0.584287617056892,1.0,24.191946292198608,55.82292517306858
1456,1014,4.0,4.0,0.763108474700727,1.0,24.344156099458747,55.75518846502294
1186,721,6.0,5.0,0.4702649536024519,1.0,24.110661468343455,55.67182350026367
3,924,6.0,6.0,0.61417329820495,1.0,24.13591461071377,55.8327955055745
1485,1302,5.0,5.0,0.7282676698984549,1.0,24.132211873258104,55.82770984883058
1275,450,4.0,4.0,0.6647638058788509,0.7171684979067865,24.35731652875043,55.60392894022465
377,509,5.0,5.0,0.5782580394561221,1.0,24.21610491246719,55.569979379203126
376,985,4.0,4.0,0.4454979892690576,1.0,24.136269362389772,55.86091666169492
1215,1072,5.0,5.0,0.556692864653188,0.9239059527199354,24.155127014219495,55.68117814723143
1067,1350,6.0,6.0,0.6105693630076496,1.0,24.14522360215616,55.72875463974032
1036,824,5.0,5.0,0.5184131706304352,1.0,24.32592922555475,55.837403575102066
761,335,5.0,5.0,0.648683829792261,1.0,24.204360761958455,55.88947316584697
193,641,4.0,4.0,0.6008993877244796,1.0,24.106191379239807,55.832489626065396
726,102,7.0,3.0,0.35913135579556477,1.0,24.288770441648463,55.59569527300078
50,861,7.0,4.0,0.5236238752774571,0.7134092907651912,24.317560292737465,55.60581720906403
1066,879,5.0,5.0,0.5078762434628172,1.0,24.34117669975661,55.68935995590055
77,166,4.0,4.0,0.504187355903631,1.0,24.29262848301195,55.85019304671334
165,895,3.0,3.0,0.7192214886112176,1.0,24.191478358098973,55.569526252516496
176,1331,5.0,5.0,0.45909515206893314,1.0,24.216804566163063,55.810352702810945
1176,1041,7.0,5.0,0.40156362097776754,1.0,24.284036098603796,55.81317305022583
1124,393,5.0,5.0,0.4728984405557946,1.0,24.232198246052494,55.702377621083905
1078,240,6.0,5.0,0.5621290946260192,1.0,24.13411477757958,55.55704692780169
767,211,5.0,5.0,0.5692919587556301,1.0,24.253547817512015,55.591015666627214
1385,396,7.0,2.0,0.26775244574799706,0.590046747763921,24.337662853837436,55.67247251924675
132,261,4.0,4.0,0.545790738218512,1.0,24.082791631392414,55.90029888063443
368,1124,6.0,6.0,0.46653387099944266,1.0,24.325086274235794,55.831743986879424
204,903,4.0,4.0,0.43121075532205233,1.0,24.096421703330897,55.66141994163315
3,146,4.0,4.0,0.37612890376121894,1.0,24.140427732981692,55.83990889503521
279,630,7.0,7.0,0.49382780056037684,1.0,24.278961557459482,55.61262710890038
952,86,6.0,6.0,0.4949505347221257,1.0,24.301361971792847,55.59684663220323
1180,810,5.0,5.0,0.3364771096527407,0.9435422157279404,24.310157685352838,55.82059049353044
1345,1229,7.0,5.0,0.5722049214254019,0.7672361899080722,24.110298206518067,55.764560103351094
609,1174,5.0,5.0,0.5003821886292671,0.9302446463501488,24.166548092300694,55.63747613475338
488,697,6.0,2.0,0.4185489282757607,0.07714289820215153,24.33669036366878,55.73908524811901
719,390,5.0,5.0,0.6111796149823048,1.0,24.093068579883255,55.74619442164397
186,308,4.0,4.0,0.6376109960446702,1.0,24.09232131021515,55.755806631550115
1397,1176,5.0,5.0,0.5257395358462402,1.0,24.20884713775003,55.84686671180036
32,907,4.0,4.0,0.5598227098079516,1.0,24.176595598849033,55.58140871617346
998,102,7.0,6.0,0.5192755357217512,1.0,24.3119940182326,55.570233606721395
720,396,7.0,4.0,0.5172051693512403,1.0,24.31707069348911,55.718318584203544
1183,1241,6.0,6.0,0.5924837695602487,1.0,24.055047175757153,55.76982603549792
1156,156,5.0,5.0,0.49908945608418365,0.9034625994490002,24.330999768800503,55.8824080710577
1364,999,5.0,5.0,0.5470492768403462,1.0,24.22276157072461,55.76974705777716
1484,946,4.0,4.0,0.43850508052500303,1.0,24.29625960093024,55.7801973957979
1041,326,5.0,4.0,0.688835315058969,1.0,24.188327946644375,55.62632388744876
945,35,4.0,4.0,0.4744930873659468,0.5,24.118989675263993,55.66947179140121
111,390,5.0,5.0,0.4495116393757496,1.0,24.11963076834586,55.72626041644923
6,1490,5.0,4.0,0.3569854227591338,1.0,24.32662036405485,55.803063339698355
201,54,6.0,5.0,0.5501238834437582,1.0,24.241282848339814,55.62095839418462
973,948,6.0,6.0,0.4400967153233151,1.0,24.34600302520399,55.86056730785858
404,414,4.0,4.0,0.38051610727733126,1.0,24.16856917709246,55.63447993888686
514,1019,5.0,5.0,0.5386001853117673,0.9150610864085491,24.287316278091954,55.84295310010011
967,798,5.0,5.0,0.4539292252438776,1.0,24.327870604057978,55.58988870251282
1257,219,3.0,3.0,0.5247703715420308,0.5,24.156089092350882,55.62144757003941
857,1306,4.0,1.0,0.08644483425950437,0.5,24.221999609133004,55.656132604258026
789,924,6.0,4.0,0.7144776834528266,0.12674581944084273,24.0940190699191,55.846726547902385
1191,562,4.0,4.0,0.3397117949315461,1.0,24.114333198085376,55.66066888592738
61,653,7.0,6.0,0.5369769364470528,1.0,24.11997509837806,55.59461053581801
1384,718,5.0,5.0,0.5891938778925814,0.5,24.328485763516223,55.57609402326746
698,563,6.0,5.0,0.41050636343513497,1.0,24.32381540081178,55.74677678112838
61,1034,5.0,5.0,0.2446544844152111,1.0,24.110551361802866,55.588198431834535
878,1119,5.0,5.0,0.6228970804587737,1.0,24.18506251789965,55.688444242356354
451,1277,5.0,5.0,0.6849894351592816,1.0,24.165900413715807,55.761280844881
1156,646,5.0,5.0,0.2739683045660377,1.0,24.338326300128223,55.87910185857605
1256,260,6.0,1.0,0.9086816870308707,0.5501806003595658,24.255901414800643,55.63659545383509
150,588,5.0,5.0,0.4391974054188609,1.0,24.3375167401794,55.760864072461985
954,1497,5.0,5.0,0.511419691485539,1.0,24.258295970101585,55.735503929709715
575,426,4.0,4.0,0.41103743906695916,1.0,24.275001071456693,55.54628973068758
705,772,6.0,6.0,0.5571946636251369,1.0,24.304535940960236,55.771446274550776
1130,255,8.0,6.0,0.4155137174353016,1.0,24.325350204671935,55.87325129127115
790,199,6.0,5.0,0.4759941303519125,1.0,24.31153272678149,55.794426170999934
251,634,6.0,5.0,0.6300459695821441,1.0,24.14037011535696,55.818668702187885
1246,391,6.0,6.0,0.40898280916451124,1.0,24.237365390171767,55.81211922119316
1458,848,5.0,5.0,0.5282690635710384,1.0,24.06522427449146,55.57749587262075
1228,1244,5.0,5.0,0.559201349345824,0.5,24.111901787692357,55.857028121401584
63,1184,5.0,5.0,0.44391757715448527,1.0,24.22583847060744,55.71070328606818
1099,198,6.0,4.0,0.4692324772126701,1.0,24.07499073712379,55.79654926794715
908,1361,7.0,3.0,0.062425711302885954,0.2808113792034382,24.303943488786654,55.758666599358
614,192,4.0,4.0,0.47222050516331804,1.0,24.152649214923542,55.81315795061577
1294,1287,7.0,5.0,0.3547000168165533,1.0,24.153917923833845,55.90418081662105
342,1298,5.0,5.0,0.5345548708571637,1.0,24.099229429640168,55.89566301486139
720,1187,5.0,5.0,0.46198834438433645,1.0,24.319074722637602,55.72626990441457
218,937,6.0,1.0,0.4668456681736644,0.5,24.252753457533686,55.675239376335014
586,754,6.0,1.0,0.9951263314130022,0.3211204246299686,24.29913364307289,55.660770427714425
182,358,6.0,2.0,0.4436171206174961,0.07295771137819879,24.223001882252284,55.57690003785905
1335,1153,7.0,7.0,0.5359624209971053,0.5672332591914788,24.24734786550106,55.884830357989955
1273,888,7.0,7.0,0.42719289344627176,1.0,24.21397034395391,55.878849518742264
379,1419,6.0,5.0,0.4157922520862821,1.0,24.337663722592115,55.55269295652798
842,1400,6.0,4.0,0.5458168355521983,1.0,24.288420809691615,55.85884281001776
642,497,5.0,1.0,0.2538225901385431,1.0,24.219871819974742,55.86484451474069
952,1276,4.0,4.0,0.4921330082394125,1.0,24.296107659996537,55.60397929861253
210,1370,5.0,4.0,0.4223945048512415,1.0,24.11632600477486,55.8492902078657
34,682,5.0,5.0,0.6656661267195638,0.8780280480917358,24.344274709305633,55.613357369745124
1239,616,5.0,5.0,0.453128742224345,1.0,24.324767523264587,55.56903409104326
594,487,7.0,1.0,0.5107153869493,0.0265646258028146,24.076593743704063,55.88527599838472
354,280,5.0,5.0,0.5704532925873191,1.0,24.275558564877848,55.581518800485476
215,849,6.0,6.0,0.3805275132248093,1.0,24.210213597026584,55.599845162525035
90,1303,7.0,6.0,0.5478681827103171,1.0,24.137976601777265,55.75472851697451
1020,863,5.0,5.0,0.578747319893816,1.0,24.189640511315254,55.675818761096814
1191,512,4.0,4.0,0.48242451882749443,1.0,24.11747053329001,55.65677913063234
1331,746,6.0,4.0,0.5805973499334738,1.0,24.277461865968316,55.6018874060968
838,437,6.0,6.0,0.7802541099425967,0.8155089534883659,24.22792091197065,55.798129919219605
788,5,6.0,6.0,0.43176629618287415,1.0,24.08669924155345,55.66807218165493
1055,677,4.0,4.0,0.46792080655537716,1.0,24.308585496382943,55.79471604181642
1440,1128,5.0,5.0,0.4515158803003285,1.0,24.15128755590203,55.73839725743218
218,1001,6.0,4.0,0.25152184498355296,0.40836785534581754,24.24598860153188,55.67884170163498
865,863,5.0,5.0,0.5378153411223305,1.0,24.1741475699261,55.693193013282944
699,494,7.0,7.0,0.41912757038012083,1.0,24.347037436031307,55.76009039755653
687,889,5.0,5.0,0.6501255370612739,1.0,24.109561313553257,55.6237175024177
228,497,5.0,5.0,0.5749603621394808,1.0,24.16964815120803,55.84589264650098
1215,1270,5.0,5.0,0.3906929284991512,1.0,24.157224932099034,55.67127776827317
91,1035,5.0,5.0,0.5053252931558695,1.0,24.243920647808686,55.82384043123545
569,52,4.0,3.0,0.6570528803797847,0.5,24.307371675695187,55.86778798041366
1034,530,6.0,4.0,0.5487545565198708,1.0,24.27709227311677,55.770831927210445
1421,1021,4.0,4.0,0.4652369228962692,1.0,24.185541613545684,55.774217606405315
991,64,6.0,5.0,0.4721594147836818,0.9534209056873011,24.25182638835419,55.69449410574385
307,736,7.0,6.0,0.4818513255750458,1.0,24.26632060348789,55.68533542314162
803,264,5.0,5.0,0.5235237891355844,0.5,24.34364823772733,55.80471421945913
239,312,5.0,5.0,0.5061057438837653,1.0,24.26648490549538,55.85476429343479
193,940,6.0,5.0,0.4372909291209425,1.0,24.111483582512943,55.83669615955988
1143,31,5.0,5.0,0.4902814732053524,1.0,24.361414011148934,55.809588383221836
143,1120,5.0,4.0,0.4155228533154665,1.0,24.18519920659072,55.78245008493249
1294,51,7.0,7.0,0.5701832254384331,1.0,24.15224531248511,55.896095637940846
1186,361,7.0,5.0,0.48602615587746056,1.0,24.116629212262207,55.67703201193116
338,1170,6.0,6.0,0.49407501455036834,1.0,24.148058202560446,55.872794911026126
1031,765,5.0,5.0,0.4284090724132043,1.0,24.12219877751854,55.77467857339124
905,229,5.0,5.0,0.29203869241403435,1.0,24.24105749839396,55.56690404829309
812,168,4.0,4.0,0.392383932325426,1.0,24.32879762733439,55.76271994457675
1458,1066,7.0,6.0,0.4573160552002094,1.0,24.071729847391047,55.56883118164738
1041,400,4.0,4.0,0.5343465560380141,1.0,24.187881345556498,55.626406726363825
375,532,3.0,3.0,0.6515400858862557,1.0,24.153269851098514,55.55054766231636
1283,705,5.0,1.0,0.5358578602786052,0.5,24.248238678781338,55.7397234088101
571,427,5.0,8.0,0.043178601424296095,0.09475716271301515,24.178150860992226,55.82131428168593
1030,1103,6.0,5.0,0.9748775195769807,0.544950294655147,24.33340778707103,55.861596342219805
697,358,6.0,6.0,0.4619973219863055,1.0,24.252819025709123,55.63496490429955
1293,20,5.0,5.0,0.15314047471534664,1.0,24.264253274158424,55.61311016267525
1176,277,3.0,3.0,0.6116556478882021,1.0,24.292131278869835,55.814681111287754
1008,1408,6.0,6.0,0.5215962593104746,1.0,24.24995755736025,55.64454094485014
797,396,7.0,6.0,0.4807387737625584,1.0,24.30329845694418,55.69861723038388
18,1391,6.0,2.0,0.6462375893226983,0.5,24.125088391428275,55.88409682860909
899,419,6.0,5.0,0.5916546272244749,1.0,24.18987017982291,55.65107064013565
911,1478,6.0,6.0,0.5105264979819043,0.9318651474363422,24.25380990875143,55.759413255095396
108,257,6.0,5.0,0.370060852980994,1.0,24.285153974925368,55.691987100373254
987,130,5.0,4.0,0.3932005841157591,0.5,24.193795781138718,55.69211969287337
756,1035,5.0,5.0,0.48072732221623354,0.7133940025771832,24.260619190315758,55.84663514299552
1364,753,6.0,4.0,0.6452379963636274,1.0,24.224814081638886,55.775246958232266
696,625,5.0,5.0,0.44036329483646686,1.0,24.196779737783324,55.58386255173068
1096,924,6.0,3.0,0.4588870267677384,1.0,24.12691453338099,55.891088311672426
1365,376,5.0,5.0,0.3971130184395807,1.0,24.110577341795032,55.86033156321108
884,267,6.0,6.0,0.2787366538144058,0.9783046877372765,24.30995823650781,55.81592346194443
882,1396,6.0,5.0,0.5816979956728849,1.0,24.161271262293617,55.65986344376528
1098,502,7.0,4.0,0.43997892146355194,1.0,24.113676613677992,55.809268129754315
654,955,4.0,4.0,0.5060926576201338,1.0,24.25326894821105,55.7933118293642
288,35,4.0,4.0,0.6375170299225762,1.0,24.16589118156304,55.676245755036625
1205,87,6.0,3.0,0.593340068200393,1.0,24.18197658725344,55.841308727534646
471,93,5.0,5.0,0.38249159446140274,1.0,24.26798175728793,55.63415248660768
1060,570,6.0,4.0,0.5262944334287608,1.0,24.288448196899953,55.77812810155455
221,1392,4.0,4.0,0.33384853630158684,1.0,24.097975421569252,55.865835668722475
515,303,4.0,4.0,0.5556176951455155,1.0,24.316491707414887,55.82188197508546
1448,523,5.0,3.0,0.9993109111056179,0.5,24.336904649496912,55.74180433015902
78,907,4.0,4.0,0.5282446536903658,1.0,24.11582699914097,55.58289824230898
206,118,6.0,6.0,0.5290497210400182,1.0,24.07018335018982,55.77491593043894
832,548,5.0,4.0,0.33973232563764466,1.0,24.186010266627882,55.79705433890014
1423,1118,7.0,7.0,0.400992834801785,1.0,24.134176566044474,55.71552686290029
218,1466,6.0,2.0,0.7951223584475371,0.38048953273775926,24.255156449685504,55.68394841234125
640,140,5.0,5.0,0.40967871068776524,1.0,24.23528082655356,55.90076389304359
171,1023,5.0,5.0,0.4272848771672413,1.0,24.285870002844884,55.678794961075894
10,552,5.0,5.0,0.4478755380576912,1.0,24.099574563198605,55.67649332505795
1004,1068,6.0,5.0,0.4933452752196022,1.0,24.187930508390146,55.757839212541434
901,886,6.0,6.0,0.4259117704282677,1.0,24.116809445961458,55.863590440570405
1363,1048,6.0,6.0,0.62312001356709,1.0,24.240130003371235,55.80588394095684
1228,1319,6.0,5.0,0.632361012033471,0.9951732863225963,24.118502632296305,55.8625524637464
1073,196,7.0,5.0,0.5173615650162214,1.0,24.13057392889882,55.67713145988035
270,280,5.0,5.0,0.4926872132023069,1.0,24.27884645313568,55.57023738764808
1004,1245,6.0,5.0,0.4311754049114416,1.0,24.18460654345698,55.76186344189317
1199,1177,4.0,4.0,0.4740081710392583,1.0,24.24420277314239,55.57498463963459
184,1437,5.0,5.0,0.4505134155704787,1.0,24.29195668544067,55.72125604179933
1033,1078,5.0,4.0,0.45762888908732346,1.0,24.14068550653801,55.86983149195099
378,5,6.0,6.0,0.367983086918499,1.0,24.092161178851928,55.611318028111576
1138,293,6.0,5.0,0.5797186635396456,1.0,24.186672296492414,55.73484551107837
6,1458,6.0,6.0,0.49633113394968953,1.0,24.317192753595762,55.79837598230007
1447,538,7.0,6.0,0.5707147847580224,1.0,24.321015360782884,55.73417795774312
107,145,5.0,1.0,0.001558120018057832,0.7615520036626315,24.192988214929212,55.660323652627625
880,942,6.0,6.0,0.2874174457177566,1.0,24.17663878242373,55.59565699252506
882,1304,5.0,5.0,0.48422323967307956,1.0,24.171187132868003,55.66671606067779
829,6,6.0,1.0,0.7304942175134451,1.0,24.32540918346209,55.7289608468027
720,1101,5.0,5.0,0.5311466430243824,1.0,24.32291356152606,55.728405111272046
784,1198,5.0,5.0,0.48030776846170153,1.0,24.216162515693398,55.60226891635935
611,394,4.0,2.0,0.8661463491838185,0.5,24.110330545998508,55.617847590163464
352,1115,6.0,6.0,0.6700424355430701,1.0,24.22331494898143,55.851844412366944
199,638,7.0,5.0,0.6169871504085152,1.0,24.139619100531586,55.66482081631535
1219,1313,6.0,5.0,0.5119507783066486,1.0,24.101159838681486,55.80915344258249
122,283,6.0,4.0,0.6078029153246743,1.0,24.311539709806812,55.68397580454784
1323,1017,5.0,5.0,0.47227265796146173,1.0,24.156521428728244,55.761902318090804
215,325,6.0,6.0,0.5397846580500785,1.0,24.20774927243441,55.60766855977957
1318,957,5.0,2.0,0.9437281637311978,0.08962785238525195,24.12152260524538,55.87626779892339
1435,932,7.0,4.0,0.5303066914446883,1.0,24.315658635850856,55.59354612723914
456,695,6.0,6.0,0.49234938476207535,1.0,24.352547857074818,55.63772709921868
1210,1313,6.0,6.0,0.5432411685862291,1.0,24.14368009903647,55.758352734244646
1089,192,4.0,1.0,0.9958129166331421,0.5,24.176901481872942,55.830331476097605
1374,105,7.0,4.0,0.40620451694149773,1.0,24.170159965183984,55.87432184371481
20,69,5.0,5.0,0.5479365203648403,1.0,24.35202932788394,55.75070096958393
251,814,5.0,5.0,0.57444851117737,1.0,24.131346998989315,55.82658483498195
530,1365,7.0,6.0,0.5342618778800172,1.0,24.237509078762383,55.61393576441577
292,748,7.0,5.0,0.5359273287811968,1.0,24.08853162394927,55.68413061342731
983,1047,6.0,6.0,0.4115606660779777,1.0,24.273264371142872,55.78304019443543
1158,1322,7.0,6.0,0.3992370495865455,0.5,24.254033058758104,55.65552329514341
242,28,6.0,5.0,0.43139753095894806,1.0,24.234721346504003,55.75237624310199
1458,742,5.0,5.0,0.37061725207566965,1.0,24.064054452972062,55.5729309406343
799,1468,5.0,5.0,0.49311722129383806,1.0,24.29257536677772,55.87648114599231
1099,983,6.0,4.0,0.5687840773525553,1.0,24.068843954512413,55.79081940904817
288,1207,7.0,7.0,0.35589269923443767,1.0,24.167625368944513,55.67050203227739
1149,110,6.0,5.0,0.4313010115869981,1.0,24.14681321434529,55.63719218499291
227,733,5.0,4.0,0.5441644173357909,1.0,24.293373151700894,55.603587948078804
1321,1285,6.0,6.0,0.6488165510729624,1.0,24.29717460841081,55.64446710634416
530,20,5.0,3.0,0.473024697387348,1.0,24.238932776974014,55.61844663999943
250,759,4.0,4.0,0.5393185300948515,1.0,24.25852515329384,55.5743738470954
1221,657,5.0,4.0,0.3838097691148842,1.0,24.102743108059382,55.801374411528975
201,651,6.0,4.0,0.5809098402946822,1.0,24.249992565691112,55.62122517605591
155,201,5.0,4.0,0.392995741086183,1.0,24.27789328505341,55.58419946972257
1021,954,6.0,5.0,0.4800698195143507,0.5,24.28207242138948,55.859680101259464
914,250,4.0,4.0,0.4839028361992876,1.0,24.10301019310002,55.699115423438045
899,327,7.0,7.0,0.3839861619470032,1.0,24.191479132699985,55.649415672633026
47,765,5.0,5.0,0.5212906776265689,1.0,24.07940655696528,55.82751123489045
152,933,6.0,6.0,0.5499848587618337,1.0,24.324361937617105,55.789985053291645
31,1464,7.0,1.0,0.194924299432703,0.4042206254962224,24.277875631676448,55.81071239408264
750,1208,6.0,1.0,0.2254820938545992,0.5,24.142786945509346,55.63496137260117
156,663,6.0,6.0,0.6118661679968672,1.0,24.14740841970404,55.806775143051716
1001,1171,4.0,2.0,0.10780593086125519,0.0164792880758739,24.280299134478096,55.83616616375881
885,17,6.0,6.0,0.3968448340279115,1.0,24.14085414717159,55.61054753098799
490,192,4.0,4.0,0.6167821231733369,1.0,24.185323813635932,55.790733746841404
912,281,6.0,6.0,0.5043447375121032,1.0,24.126773346653074,55.7905598640658
570,707,6.0,5.0,0.4481719939852063,1.0,24.08796629396525,55.62385203020634
130,1356,5.0,5.0,0.4442752273556564,1.0,24.080065151808206,55.834830539336195
194,1189,6.0,1.0,0.02064007201596028,0.5,24.24136817368384,55.816405704077575
1155,1109,6.0,5.0,0.556741808123941,1.0,24.13981857531779,55.68682725019923
57,38,3.0,3.0,0.46303756943200824,1.0,24.0627740437164,55.60284666453673
404,1307,6.0,5.0,0.43372347117722615,1.0,24.17848389800728,55.63798092043652
288,1139,4.0,4.0,0.4378169379924403,1.0,24.17748023492354,55.67732950951419
270,67,6.0,5.0,0.6013987723598673,1.0,24.280131144114772,55.57651644433429
935,173,5.0,5.0,0.6211260486908203,1.0,24.09645486902773,55.75763733090147
251,295,4.0,4.0,0.635560882216063,1.0,24.12775232435996,55.818624277004545
1095,996,6.0,5.0,0.4817173097871585,0.9900683130439653,24.2564957928259,55.58231483116664
98,869,5.0,5.0,0.6186842277296496,0.5,24.14604773766886,55.66113004934003
928,1437,5.0,5.0,0.5320554034847912,1.0,24.28439087451919,55.671006129547116
244,278,6.0,6.0,0.5419640917786701,1.0,24.314382023770296,55.78325270771929
98,716,3.0,3.0,0.48852372607213146,0.9348360972433626,24.151069625963018,55.6594881783246
1212,1265,4.0,4.0,0.3626692692945077,1.0,24.183522644788308,55.53906021546559
987,1342,5.0,1.0,0.3888408807354503,0.7470710990171407,24.192500468446838,55.697802372232196
1061,1199,6.0,3.0,0.974887088083639,0.30007858490552286,24.11065032541196,55.565548747381385
1018,1326,4.0,4.0,0.44392811258399006,1.0,24.280766724491585,55.73921727338408
1431,516,6.0,5.0,0.5417542788511468,1.0,24.26642578004027,55.82561802200912
215,400,4.0,4.0,0.46233781000063845,1.0,24.21555013963012,55.60024470585593
571,356,5.0,1.0,0.4551983061281907,0.7918788981051254,24.184943287862435,55.829939813036844
1287,959,6.0,6.0,0.31997417422722185,1.0,24.127480892349123,55.83850511274288
1494,1114,5.0,5.0,0.6209057727585683,1.0,24.08548392141848,55.71323055767062
680,154,6.0,4.0,0.49067204727339786,1.0,24.114973419198385,55.689969396864946
474,308,4.0,4.0,0.5265868526514734,1.0,24.05244942464132,55.777955145266446
1204,1200,5.0,5.0,0.5522971426538144,1.0,24.278052591994566,55.88134199531481
1257,353,7.0,6.0,0.5650054820762054,1.0,24.15544679342707,55.630153856527095
1410,1011,6.0,2.0,0.5889551120146902,0.045302828245134485,24.190089316218717,55.56482583907607
0,1211,4.0,1.0,0.4484889498044207,0.4632280983790813,24.267384672607964,55.84660521790831
549,1241,6.0,1.0,0.0033744529568604065,0.6558143226426387,24.070460950991244,55.77543210056372
940,337,5.0,5.0,0.5378966639367991,1.0,24.189490014113055,55.70525831322503
89,1417,5.0,5.0,0.6368972208955257,1.0,24.09495191862792,55.655024229512335
641,581,6.0,6.0,0.49361869334530967,1.0,24.10746500720295,55.78300360094216
915,1466,6.0,4.0,0.5560361579500784,1.0,24.263226186209724,55.70384251817106
1243,0,6.0,6.0,0.6465827840514509,1.0,24.276414666832217,55.830752071049446
184,1050,6.0,6.0,0.6786398489313097,1.0,24.294466249926113,55.72134769617428
110,693,4.0,4.0,0.5568563589239481,1.0,24.08656442416999,55.858756966990825
43,104,5.0,5.0,0.5568184673843244,1.0,24.199105763548417,55.74107169309489
436,74,6.0,6.0,0.5262023345769055,1.0,24.32258155484923,55.872741879615475
739,924,6.0,5.0,0.4185760974089503,1.0,24.12168495785109,55.86689323340109
425,1232,5.0,5.0,0.4673547731440931,1.0,24.166087177532965,55.602141603081655
17,1159,6.0,4.0,0.47414630320789974,1.0,24.191529582893946,55.68101591100524
43,968,6.0,6.0,0.4821329642032578,1.0,24.204426842932026,55.73722012396446
150,827,4.0,4.0,0.40405490225269475,1.0,24.339781860894135,55.75522798983657
1077,334,7.0,4.0,0.6700516079459078,0.936974493982811,24.297270375986226,55.56161931243759
1000,770,6.0,1.0,0.3446823542867266,0.37501036556912465,24.105465254615005,55.766227923569765
1055,791,6.0,6.0,0.5784685748515952,1.0,24.302807790872247,55.791915197264004
537,994,6.0,4.0,0.467538998409993,1.0,24.336568201224086,55.87986125303395
894,50,4.0,4.0,0.5234724054636822,1.0,24.2158070045537,55.726834337268066
1107,1356,5.0,3.0,0.6246761172856881,1.0,24.09152211253912,55.80793434081235
108,461,6.0,6.0,0.2740253772445964,1.0,24.276234933083277,55.686647896867036
650,1479,7.0,5.0,0.5768313807752525,1.0,24.217823010885276,55.85379448421172
882,125,7.0,6.0,0.671700081961454,1.0,24.179233790402503,55.65908309448852
1368,872,5.0,5.0,0.5946388773573705,1.0,24.34139536536329,55.64312164360765
473,1306,4.0,4.0,0.5942987508365308,1.0,24.184567397708182,55.67709555759024
57,188,5.0,5.0,0.4472417654453434,1.0,24.072677630511183,55.610730575731225
479,324,4.0,4.0,0.47120625320821513,1.0,24.214690403042887,55.76117154800835
149,1331,5.0,5.0,0.5858628560171554,0.5,24.208586916414976,55.825040224805
1287,383,5.0,5.0,0.3950021965910911,1.0,24.128750331596372,55.837012214627585
502,627,6.0,5.0,0.4645016874477914,0.9501838164015275,24.236281872352777,55.709909850022925
51,799,6.0,6.0,0.6695522189659603,1.0,24.32930066017384,55.70524166189654
163,596,7.0,6.0,0.458864407165818,1.0,24.296278533591902,55.60090483030469
95,489,5.0,5.0,0.47345966733465217,1.0,24.14877301117026,55.601568464204796
122,556,7.0,6.0,0.5385843265351501,1.0,24.315096684041315,55.69102331540803
553,186,6.0,6.0,0.44211115829563996,1.0,24.235508504461315,55.85232634215579
263,999,5.0,5.0,0.5251282447190679,1.0,24.20416796213832,55.76126373698346
1014,504,5.0,5.0,0.3392823173640053,1.0,24.281677214273323,55.82825225183641
937,1487,6.0,3.0,0.04630720125788364,0.5202505728197376,24.329881528105393,55.88946609911158
414,448,7.0,5.0,0.6229569615386339,1.0,24.18632753259489,55.63243767418717
1017,1476,6.0,6.0,0.5205231011866168,1.0,24.34565413536968,55.622813346750945
1104,1201,5.0,5.0,0.5368670807540729,1.0,24.118423839300174,55.580572892871025
709,713,5.0,5.0,0.43912135956180287,1.0,24.165398955998498,55.60453347469033
1130,420,5.0,5.0,0.5993005261266544,1.0,24.317993572648945,55.864720976426604
145,474,6.0,6.0,0.4270123246310701,1.0,24.19359196984656,55.79034799670025
245,259,5.0,3.0,0.31562446110999465,0.4178830028848566,24.337559786997,55.68415014340462
847,102,7.0,1.0,0.10917170926199134,0.24770747018109268,24.244003282556164,55.575505826254805
1229,1048,6.0,6.0,0.6113876382775518,1.0,24.193111746084245,55.78438566315791
1215,364,4.0,4.0,0.37501873783997136,1.0,24.148875358487288,55.67084653069514
1090,114,4.0,4.0,0.5739599327978407,1.0,24.25648680572036,55.6550816021653
467,723,6.0,5.0,0.5611661118396641,1.0,24.26615869803975,55.64689895233245
311,853,5.0,1.0,0.6583582536983146,0.5,24.211570373909108,55.8806509191648
1214,1471,6.0,4.0,0.923149319937955,0.5134227798385271,24.221210864782044,55.56936853028169
146,1361,7.0,4.0,0.5912223991074985,1.0,24.28467911030792,55.73901488567606
451,1449,7.0,4.0,0.6463566764876678,1.0,24.174103448842118,55.76848561964395
186,770,6.0,4.0,0.6459440316794144,1.0,24.08397007745009,55.75523353163529
719,1470,4.0,4.0,0.3561319974038183,1.0,24.101247934754333,55.739182635291705
17,649,5.0,5.0,0.3466533922549956,1.0,24.183458470982195,55.681713783856544
227,175,5.0,5.0,0.6128202976926177,1.0,24.302009517830605,55.59776659317796
617,349,5.0,5.0,0.4736383583185595,1.0,24.319076064093668,55.593006678887775
671,1159,6.0,5.0,0.5037932524943485,1.0,24.23419819907682,55.69829102962103
286,1368,5.0,5.0,0.40758198017457153,1.0,24.11675025539569,55.67313841756322
329,461,6.0,6.0,0.546719724176382,0.5,24.270850937627316,55.670780153692434
277,251,7.0,4.0,0.5492696357597593,1.0,24.167274586355706,55.78759424606309
1354,937,6.0,4.0,0.570823091354614,1.0,24.25279642895996,55.67887167325228
1305,383,5.0,5.0,0.4121064603238732,1.0,24.155208108357414,55.873659339194035
110,1149,5.0,5.0,0.4573665628593369,1.0,24.079312410842206,55.84924211816946
896,946,4.0,4.0,0.5176224182436449,1.0,24.28857356429115,55.75839001251464
885,489,5.0,5.0,0.5401354466525543,1.0,24.141004754559813,55.615516745547104
749,887,7.0,6.0,0.4148863578707511,1.0,24.324568860322017,55.612303717382865
272,75,5.0,5.0,0.6148184613101474,0.36583551534113173,24.186532538331242,55.574177243681966
1408,824,5.0,1.0,0.9751517684976247,0.5,24.346256756234656,55.850290046108725
1077,349,5.0,5.0,0.4134062739374756,0.8918506959955269,24.303266643690705,55.560100780720646
838,1402,4.0,4.0,0.46653481534420466,1.0,24.23434086174225,55.790421378229524
141,692,3.0,3.0,0.46603800407459667,0.6260727667883175,24.328317630447195,55.76931557469386
486,1376,5.0,5.0,0.38734837385559506,1.0,24.18593641975627,55.71516149766242
1333,1190,5.0,5.0,0.5445362889447132,1.0,24.226234218409445,55.554640289105414
598,155,6.0,1.0,0.24915926592393195,0.015685722460951457,24.20511702390354,55.746506282389646
724,1214,4.0,4.0,0.6389355107754577,1.0,24.304291718687004,55.858755472281686
1283,165,7.0,1.0,0.7801225428893321,0.4410525778289401,24.240237967445697,55.740244720089365
230,213,5.0,1.0,0.896392130046353,0.08519449248332267,24.149433207244652,55.59599013526474
144,309,6.0,4.0,0.2580260197444286,1.0,24.212919534065524,55.690927244567014
652,406,6.0,6.0,0.3832350403576145,1.0,24.22133663505589,55.55910117302628
932,1169,5.0,1.0,0.9953821593761225,0.11753331152450164,24.359154840564727,55.707594347259075
189,420,5.0,4.0,0.39586700657511853,1.0,24.301404251228497,55.88499430691718
708,353,7.0,6.0,0.601962733625318,0.8218966584644175,24.14431977396087,55.61697456099618
1233,1125,6.0,5.0,0.5340658020248114,1.0,24.18130932727571,55.82186876057104
914,847,5.0,5.0,0.5947628111886366,1.0,24.100731210856626,55.690564270105476
1442,1408,6.0,6.0,0.5439526893002905,0.5,24.248367329128214,55.636500318248274
1094,364,4.0,4.0,0.5385236295670567,1.0,24.09508622313885,55.67319269580972
868,1454,5.0,5.0,0.4805684386938537,1.0,24.174114630401522,55.82721561797866
397,428,5.0,5.0,0.5204271935970806,1.0,24.15730037851336,55.62928111280825
1367,60,7.0,6.0,0.36704517792612046,1.0,24.349828389901894,55.71414856639994
1201,296,7.0,7.0,0.4250392931546867,1.0,24.08666066499935,55.844495682830484
186,39,6.0,5.0,0.5008675857072751,1.0,24.089331522667095,55.753447390549645
677,1109,6.0,1.0,0.2746978404527515,0.4965704089054599,24.164851827714543,55.6411654800441
1202,150,4.0,4.0,0.5593485658787647,1.0,24.259501485236648,55.62218334975961
219,830,5.0,5.0,0.5172744866113719,1.0,24.218476976501396,55.67956981603685
786,778,5.0,2.0,0.8894998977866733,0.5908900688816364,24.090741365096807,55.563505819610256
1131,485,6.0,6.0,0.9785939983257423,0.1949261807207558,24.211731520598416,55.803148857973405
911,341,3.0,3.0,0.5376410430543955,1.0,24.245711679899028,55.76757596480957
146,885,5.0,5.0,0.42558732769022195,1.0,24.274993195761603,55.72957910919063
1297,1441,6.0,6.0,0.5554035771615041,1.0,24.246023837779035,55.70997711206603
415,1041,7.0,5.0,0.44537536680737994,1.0,24.330750581941448,55.77854560574409
302,1407,6.0,6.0,0.49362295385755917,1.0,24.205866221191474,55.64291137580757
91,753,6.0,5.0,0.5332519270467231,1.0,24.234860995846994,55.81628525619924
984,1472,6.0,5.0,0.525895535317532,1.0,24.2133423088357,55.882124346232956
111,1137,6.0,5.0,0.46380758930440813,1.0,24.11563816949755,55.73370113350545
554,1163,6.0,6.0,0.5004733458737235,0.5,24.125032523307272,55.55060437480529
293,776,5.0,5.0,0.5213075323434274,0.5,24.304452732319263,55.739465808719736
471,20,5.0,5.0,0.3865460191889849,1.0,24.267158527345632,55.62490451394868
1073,1056,7.0,5.0,0.5563915594510567,1.0,24.13607462190262,55.667513189907126
823,1061,4.0,1.0,0.961894718052231,0.66182718256718,24.16231801530546,55.62360502492442
1351,707,6.0,4.0,0.4976602766216414,0.5,24.11146439502763,55.651638750201045
911,28,6.0,4.0,0.7088410483134754,1.0,24.246885362433133,55.76823514658015
815,528,7.0,5.0,0.43208380812585573,0.6150915844362708,24.084634754972974,55.8628396309102
909,1428,6.0,6.0,0.4412754713147212,1.0,24.253886759983956,55.83586369205991
187,324,4.0,1.0,0.7434288434973056,0.2001640628141934,24.21858766728505,55.796278589733745
192,1327,5.0,5.0,0.6082849917200557,1.0,24.2085756670419,55.83336596034756
1015,78,6.0,6.0,0.5262124249737018,0.5,24.318244816954838,55.88466774648891
99,775,4.0,4.0,0.4723715231500833,1.0,24.248698984590966,55.82825641290087
387,295,4.0,4.0,0.4435677093961452,1.0,24.170552543957303,55.81383168013537
446,874,6.0,6.0,0.561656192648545,1.0,24.33602274911459,55.79233571288226
313,196,7.0,5.0,0.6786896459660681,0.9114392066090298,24.09241464142906,55.715571173495846
1067,1225,6.0,6.0,0.5646280439105272,1.0,24.1442988268819,55.723490637210276
1339,124,6.0,5.0,0.48984304306886,1.0,24.150657967421527,55.6212920290624
371,1429,5.0,5.0,0.5229792486666173,1.0,24.162726478425455,55.7268148847903
904,1181,6.0,6.0,0.5008634958168978,1.0,24.155679435521407,55.773926786047944
739,136,7.0,5.0,0.5751483649488984,1.0,24.12949579799835,55.8572832847356
372,1453,3.0,3.0,0.39827384007564726,1.0,24.191631651633234,55.55150993115238
332,428,5.0,5.0,0.5826957486910498,0.566416444660987,24.116071902846386,55.567314223855625
1403,1311,5.0,5.0,0.4755563071382429,1.0,24.33303668967022,55.83077976306876
1405,541,5.0,5.0,0.5650866089763854,1.0,24.340072398732637,55.61430617439765
1157,1471,6.0,5.0,0.5918768577758955,1.0,24.260557486322465,55.62388178085437
208,1331,5.0,5.0,0.4339453101620462,1.0,24.238911682197237,55.81422725637882
1210,636,6.0,5.0,0.5217709996381632,1.0,24.143442008040388,55.75308949900892
717,1463,5.0,2.0,0.0993909340279947,0.4899221814849748,24.09968473688577,55.70839457238929
861,628,5.0,4.0,0.5039449967642493,1.0,24.338610755603934,55.62373452802712
1310,150,4.0,4.0,0.5937285329392343,1.0,24.212501681601328,55.6555568075117
524,455,7.0,2.0,0.5299639064543106,0.4251491082125918,24.07220682906181,55.80330081029323
817,674,5.0,5.0,0.5479690174312494,1.0,24.105246217732816,55.85088830378622
1453,577,5.0,5.0,0.3099934795849255,0.9367403249161415,24.0883285680719,55.610634031564
373,290,6.0,5.0,0.5497377823903071,1.0,24.172432661428573,55.68077292927098
1083,191,4.0,1.0,0.3818416077014377,0.07699803133118721,24.102601801526696,55.68981754327196
754,722,6.0,1.0,0.0892588492405056,0.5,24.317355387576114,55.793519592035025
275,126,5.0,3.0,0.3311691736729162,0.5,24.12627071303937,55.66174187434692
850,1071,7.0,6.0,0.5033842274468977,0.806582712218866,24.352265216845872,55.715432634304044
531,131,3.0,3.0,0.45177348953458096,1.0,24.253844623305852,55.886848076390116
410,569,5.0,5.0,0.4190986042534773,1.0,24.172802488786395,55.59601046288275
889,285,6.0,6.0,0.432691262510342,1.0,24.27506696492526,55.687268021708675
1174,921,5.0,5.0,0.5645309414354334,1.0,24.229206186106552,55.56684082244876
184,818,6.0,6.0,0.558559559344155,1.0,24.301290516665073,55.73093010406757
691,1359,6.0,1.0,0.5252064561292721,0.4073449660074384,24.071369847903878,55.776452469158556
881,180,6.0,3.0,0.39679740286758824,1.0,24.097869778855728,55.71176123976999
1275,875,7.0,7.0,0.6672366054986754,1.0,24.348511872347675,55.59849380099112
1208,1194,5.0,4.0,0.5735043972179781,1.0,24.14257637218347,55.841217542124696
1109,210,6.0,2.0,0.5625559013743301,0.4406891005581022,24.131491849096705,55.707479044894626
362,290,6.0,5.0,0.4992402750119099,0.8150259138505679,24.154942989249257,55.643327820275196
643,173,5.0,5.0,0.42769866047695637,1.0,24.15087838021073,55.715621891585464
1166,601,7.0,5.0,0.48499158869524095,1.0,24.134364488006838,55.80288325082603
109,976,6.0,6.0,0.6140706170399062,1.0,24.314368609744545,55.78242520857546
1268,1215,5.0,2.0,0.6304809836529639,0.6505180125001194,24.20102829264236,55.65348584744899
437,207,4.0,4.0,0.4266998287487997,1.0,24.28018530339074,55.76131062708475
108,1249,5.0,5.0,0.6381247659702729,1.0,24.284975632778956,55.689120203068924
796,1291,6.0,5.0,0.5687560709697516,1.0,24.220553357564658,55.73705053648225
988,527,6.0,6.0,0.5238575418619292,1.0,24.33106881266934,55.90012668843426
342,208,6.0,6.0,0.4410166996487591,1.0,24.097489193293843,55.88862678058341
863,739,5.0,5.0,0.7271253487215233,1.0,24.11826199581666,55.831428793796256
302,148,4.0,4.0,0.5453862115038209,1.0,24.214134236613468,55.64003438536742
302,243,6.0,5.0,0.6285292175966724,1.0,24.21308431664339,55.63589517733785
1067,1017,5.0,5.0,0.4437561101990063,1.0,24.149747694689104,55.73004164434575
175,1235,7.0,6.0,0.44713744511262743,1.0,24.220181686336282,55.56394487953718
1257,300,5.0,4.0,0.6195103865551248,1.0,24.154550930071956,55.62165687577489
95,164,5.0,5.0,0.7008857016407023,1.0,24.154307800378607,55.601764372926
759,1445,3.0,3.0,0.5450260077347329,1.0,24.08429151973464,55.68340717612621
999,74,6.0,6.0,0.5745578138998206,1.0,24.329914095863753,55.801123193302686
943,469,4.0,4.0,0.3818602559819919,0.6887620594796461,24.091528541877892,55.82976913752977
907,1487,6.0,5.0,0.4675631484412314,1.0,24.298251177782404,55.87004160052078
582,221,5.0,5.0,0.46089450250313874,1.0,24.157785355192768,55.57761403731676
186,118,6.0,6.0,0.683671323940183,1.0,24.092156061442818,55.76181845179776
1204,1172,6.0,4.0,0.4434186669578577,1.0,24.27094917692607,55.87364590283675
650,474,6.0,5.0,0.5309239926878249,1.0,24.21249349235672,55.86337010158197
252,629,8.0,6.0,0.43708223085553394,1.0,24.099516020172956,55.583744727871924
192,603,6.0,6.0,0.6176882510322245,1.0,24.20768542970711,55.84014977016991
238,204,6.0,5.0,0.4320522210479983,1.0,24.16937900088827,55.724474192550296
543,1103,6.0,4.0,0.2529667582734229,1.0,24.290567771482394,55.90587427123044
732,461,6.0,6.0,0.5329421359097142,1.0,24.311751957097673,55.65658325811151
426,516,6.0,6.0,0.41954153815432965,1.0,24.213376820404257,55.84045046740134
43,925,6.0,4.0,0.2254064129746221,1.0,24.21339948863497,55.73264094543369
326,508,4.0,4.0,0.4889708628885682,1.0,24.25059237295311,55.825726417359164
1142,384,5.0,5.0,0.46710111470009247,1.0,24.1428594506184,55.65395167102852
1080,195,5.0,4.0,0.45330274440838414,1.0,24.115253802547926,55.825436400017274
289,433,5.0,1.0,0.29445901553364107,0.131771180275698,24.276560728549786,55.583019283874755
643,1463,5.0,5.0,0.43062346955833064,1.0,24.142112074031044,55.714779888079626
1269,1247,6.0,5.0,0.30320346347421245,1.0,24.214935857523518,55.790183646873885
771,1365,7.0,5.0,0.4716336441380508,0.8670149934627217,24.201223847247864,55.64844848272355
624,1048,6.0,6.0,0.5099566201500201,0.9226745012898541,24.222235199909928,55.7792819664511
533,964,6.0,6.0,0.5400394955880684,0.9412163879575791,24.247106891142405,55.75091094896475
251,1181,6.0,6.0,0.3951418793103493,1.0,24.13746752670881,55.82415252251782
224,593,5.0,5.0,0.13004209570796327,0.5,24.106482785522736,55.612498999557204
557,870,5.0,5.0,0.36513988350557836,1.0,24.310781968280907,55.81956862768866
169,851,6.0,6.0,0.4397605957796825,1.0,24.271100478796434,55.691814004250155
614,521,7.0,6.0,0.5687894644486768,1.0,24.161216612887184,55.80873515873072
977,1086,7.0,5.0,0.5097727096218094,1.0,24.2700094691477,55.7803187241008
152,1041,7.0,7.0,0.3927879843366237,1.0,24.324043024618263,55.7969633165323
219,458,6.0,5.0,0.3713458149475745,1.0,24.228064443416425,55.686593692507046
829,975,5.0,3.0,0.5094772036504102,0.4898068396215117,24.334082514755842,55.72140626050273
1008,122,5.0,5.0,0.39392968492346536,1.0,24.24071508997518,55.635751089040525
1239,1419,6.0,6.0,0.3866643195777949,1.0,24.333047704674897,55.56603763369645
1114,202,5.0,5.0,0.6634618593656435,1.0,24.303638843321906,55.88159352768329
982,345,7.0,5.0,0.5222295547552311,1.0,24.07868325517888,55.82898459622118
883,196,7.0,4.0,0.6049175240399886,1.0,24.1262208902821,55.684313685798074
18,1078,5.0,3.0,0.3335856407217971,0.24103190844955596,24.12714304927854,55.87418260192969
176,108,6.0,4.0,0.3537649578883567,1.0,24.21723557090252,55.81619219814096
1456,659,5.0,4.0,0.49069467302330894,1.0,24.34776505374762,55.75951095457465
1417,705,5.0,5.0,0.7456551414959778,1.0,24.241461214725845,55.80264843493235
682,1402,4.0,4.0,0.5309292163073033,1.0,24.215920841698804,55.87194373562605
1143,264,5.0,5.0,0.49391927647893735,1.0,24.356757509857935,55.81121773797375
474,1356,5.0,5.0,0.35593805876256135,1.0,24.05640373820799,55.77162733877984
1201,430,4.0,4.0,0.31066335193771494,1.0,24.077574354975624,55.84027233247272
150,523,5.0,4.0,0.4509371988181444,1.0,24.337992889590474,55.753696442147955
999,530,6.0,5.0,0.37003879881007873,1.0,24.32511381888513,55.80982299191018
387,377,4.0,4.0,0.5055516428016715,1.0,24.16220958099959,55.806569752256024
666,191,4.0,4.0,0.5195115874043528,1.0,24.136165185184566,55.73099396193278
886,49,6.0,5.0,0.37467645162044516,1.0,24.153044765063814,55.80437771236926
638,93,5.0,5.0,0.5051145417684122,1.0,24.258773772537698,55.63985109419198
377,422,5.0,5.0,0.40442501897646643,1.0,24.211462335757336,55.57236670698859
642,354,5.0,4.0,0.00023085457391592011,0.5078572640981808,24.21127811337679,55.873057997064365
768,642,4.0,4.0,0.414755537913925,0.9968190858144056,24.19965374097633,55.814226596019495
372,713,5.0,5.0,0.595373535572303,1.0,24.197743734307057,55.54361859799722
95,611,4.0,4.0,0.2892404546115881,1.0,24.145801176897308,55.609673962032225
832,1256,6.0,5.0,0.6566574243358383,1.0,24.192361431495545,55.805801032888134
1335,369,5.0,4.0,0.46312599170520397,1.0,24.244797427620387,55.88589826299177
523,1479,7.0,7.0,0.4497928951517439,1.0,24.21889426140047,55.8750449129969
1165,788,5.0,5.0,0.491953564557053,1.0,24.081805955317765,55.59167785144728
589,124,6.0,6.0,0.44282866487979494,0.9594045871242884,24.15990547850645,55.60440987414787
250,1288,5.0,5.0,0.5143536195544003,1.0,24.25476831533426,55.5726171183306
1405,1446,7.0,5.0,0.4767308132149163,1.0,24.341221955966628,55.62267597171011
582,394,4.0,4.0,0.6123777206174972,1.0,24.157276167167023,55.57035846880116
291,724,7.0,1.0,0.6541272227458504,0.5,24.3298552126865,55.673689781189225
359,610,6.0,6.0,0.33367975199307187,1.0,24.311582423673777,55.755104843796545
1207,515,6.0,4.0,0.417301618081059,1.0,24.172446392379612,55.56923297671251
1469,1299,4.0,4.0,0.5863478247376253,1.0,24.19136735234672,55.86534655294222
841,877,5.0,5.0,0.5328411527278495,1.0,24.173236035572593,55.76577756408061
1004,1327,5.0,5.0,0.6899014494316336,1.0,24.194587420384277,55.77147096544208
1310,447,6.0,6.0,0.5162860919652116,1.0,24.215527892373668,55.649990025092784
806,22,6.0,5.0,0.7889740438696189,1.0,24.109717947080945,55.75802355918232
1207,1011,6.0,6.0,0.47895325158147,1.0,24.168772846299333,55.562253427659414
364,170,5.0,4.0,0.29400998364659403,1.0,24.30681473183357,55.64441113799386
486,488,4.0,4.0,0.5785533955741814,1.0,24.180655076970144,55.71244789407199
665,916,5.0,5.0,0.5435144417538199,1.0,24.242322794766018,55.74192687016592
1121,128,6.0,6.0,0.4370282566811583,1.0,24.232708051900385,55.82127270891526
1444,1219,8.0,2.0,0.8413071967216832,0.14327536978695277,24.119886153937948,55.65456984760728
1459,569,5.0,3.0,0.3781697647340194,0.5,24.145121490066273,55.60512940361542
1199,422,5.0,5.0,0.5824063786646103,1.0,24.252805913572736,55.57582388918788
1312,754,6.0,1.0,0.8776850531648475,0.9020114467415007,24.25908344603427,55.65000710343055
1303,1273,6.0,6.0,0.44293528863010256,0.9613631411412228,24.084295528306733,55.61270297277537
1190,1453,3.0,3.0,0.31596244854880495,1.0,24.189651387580223,55.57795061175627
428,248,5.0,5.0,0.4781733435372916,1.0,24.32362574080608,55.74526128429788
1476,1210,4.0,4.0,0.7750614386415476,0.2210946315628089,24.146104736853736,55.84924455029859
265,187,7.0,5.0,0.5886695284209847,1.0,24.250523576422136,55.81276987150094
1020,310,5.0,5.0,0.38764736964177016,1.0,24.19604995412543,55.67077983148724
1272,385,6.0,5.0,0.5356535799499851,0.5100655162494746,24.078714116771913,55.84078819745834
862,451,6.0,4.0,0.869985856848863,0.24597089016704987,24.123451821425338,55.68176999341243
990,498,5.0,5.0,0.4728926363611641,1.0,24.319880897910927,55.65278780973884
132,51,7.0,5.0,0.5221117400953498,1.0,24.07922189128852,55.89564656090926
1313,524,5.0,2.0,0.006166815740155377,0.47079948700005,24.29223312512356,55.63980483265623
1063,1169,5.0,5.0,0.5310815140711344,1.0,24.31833927397249,55.70595514579069
737,261,4.0,4.0,0.5381411101106072,1.0,24.078217888229325,55.85840888827943
945,512,4.0,4.0,0.5272012167219347,1.0,24.11095762502732,55.67387531141262
50,418,6.0,5.0,0.29032818715691516,1.0,24.314296570519723,55.60630399044872
520,866,5.0,5.0,0.5089343376312577,1.0,24.14596324873489,55.82006859387081
358,753,6.0,2.0,0.5882638885823914,0.5,24.252619077192726,55.81654223884941
1316,844,6.0,1.0,0.9823859749650508,0.5,24.349114287278383,55.743825440482915
705,950,6.0,6.0,0.6657409893477229,1.0,24.297441463687935,55.76663492071661
1185,383,5.0,5.0,0.49764076063050416,0.9553420505622385,24.152380450600887,55.876928293313036
596,111,6.0,6.0,0.47596698381613556,1.0,24.13282789373434,55.78567788738816
1405,62,6.0,4.0,0.41643440885750305,1.0,24.33634077617321,55.61413360974469
1229,1291,6.0,5.0,0.5018222880902524,1.0,24.194166483689795,55.78423264329744
564,1042,4.0,4.0,0.64440351337708,1.0,24.197346555927272,55.70630391244011
1082,992,5.0,2.0,0.3658572102990047,0.6150705265647693,24.118503658775435,55.552861909498695
186,1389,7.0,6.0,0.39184481335562943,1.0,24.084523207609426,55.759098455650026
1141,638,7.0,6.0,0.6606610637236925,1.0,24.148374363343464,55.671581986226194
1156,982,7.0,5.0,0.5234190909689086,1.0,24.337297509562124,55.881066401471216
83,794,5.0,5.0,0.5349841088403536,1.0,24.308470383012487,55.823961371094946
95,361,7.0,6.0,0.44665120329758834,1.0,24.141218416481113,55.610608786848644
288,1091,6.0,6.0,0.5782701489860005,1.0,24.181120456282983,55.686642372702465
745,1258,7.0,4.0,0.6314585571152606,1.0,24.076077161371373,55.655060230673726
606,1129,4.0,4.0,0.45168170468012975,1.0,24.334574114666324,55.73977060905214
136,879,5.0,5.0,0.43561405661899716,1.0,24.34026540379174,55.68989336973585
790,1086,7.0,5.0,0.5060963301180254,1.0,24.317342676226268,55.795700232312434
400,287,6.0,6.0,0.45979899830338855,1.0,24.284534763186507,55.60242272507825
431,3,4.0,3.0,0.34397219575656035,1.0,24.134835254467646,55.71739556592941
523,1472,6.0,3.0,0.7919403277359774,1.0,24.20905758160395,55.88241292214147
361,651,6.0,4.0,0.5448407885176558,1.0,24.253536449018277,55.63054881607036
652,1337,3.0,3.0,0.5253369601058321,1.0,24.21574508099006,55.558929335031586
1017,655,7.0,6.0,0.40275662303224036,1.0,24.351148406205223,55.627815425347144
227,745,5.0,5.0,0.5937727175662062,1.0,24.306215342323462,55.59734736776627
137,616,5.0,2.0,0.29602611704160386,0.5,24.29835138373649,55.570518956189346
1435,1388,6.0,5.0,0.4485016072733669,1.0,24.313436772470816,55.60292028818909
686,445,6.0,6.0,0.4751010603019887,1.0,24.318196823356757,55.80315264025792
689,1022,7.0,6.0,0.49244184277335773,1.0,24.18434044931957,55.63889655382305
486,1303,7.0,6.0,0.6611502977703418,1.0,24.173925075046977,55.717445754355346
221,1049,5.0,5.0,0.5486915840368782,1.0,24.10670893240966,55.8756446948146
940,830,5.0,5.0,0.40385420850763104,1.0,24.196555737374744,55.70492951294916
50,62,6.0,5.0,0.5444702889878694,1.0,24.321931805971044,55.59749685628199
1214,1453,3.0,1.0,0.9032867900367607,0.31029011042998467,24.22472024751812,55.575238744359936
18,139,5.0,1.0,0.06476977100416888,0.22699365018679807,24.131755713291284,55.8729730188147
674,298,6.0,6.0,0.6602679420398256,1.0,24.078575665948033,55.55742453899178
1101,381,5.0,5.0,0.5054419439490213,1.0,24.185847516314507,55.81800682862575
1113,333,6.0,1.0,0.012932878133804518,0.5,24.098830370315362,55.63538391085638
364,1301,5.0,5.0,0.4285092319891289,1.0,24.30842622931413,55.64584217380652
287,403,4.0,4.0,0.36464849836684327,1.0,24.10388959933882,55.824546058636344
1293,949,4.0,4.0,0.5285680754868477,1.0,24.26012132842541,55.6190447985586
976,643,7.0,3.0,0.6245322868682841,0.34701655697550704,24.12118686827286,55.74770909749497
143,661,5.0,5.0,0.4196756713565607,1.0,24.185147591777568,55.78531248866999
499,1327,5.0,5.0,0.40551865584166435,1.0,24.185727918044694,55.82927882927616
987,747,6.0,1.0,0.038592434580268495,0.38948835126452613,24.194913850055677,55.69458767181301
977,1497,5.0,4.0,0.5314683188575815,1.0,24.271403026589677,55.778577111869645
778,1313,6.0,6.0,0.573679143730004,0.6230232492734533,24.144018851066598,55.797873171398074
652,109,6.0,4.0,0.37969742125668415,1.0,24.211927770314556,55.55769669071225
375,162,5.0,5.0,0.39486724989926525,1.0,24.15211238072453,55.55905179807548
373,734,6.0,6.0,0.7151391619747296,1.0,24.175646648012556,55.67799324843405
749,96,7.0,5.0,0.47642797952571353,1.0,24.31880780047283,55.60472284606428
1098,1309,4.0,4.0,0.5579580053230633,1.0,24.120459073719584,55.806978653528326
1433,1123,6.0,4.0,0.5720700586496225,1.0,24.325986859633865,55.585851381509194
943,684,4.0,4.0,0.5025143283077915,1.0,24.096464561165227,55.827064081817376
1249,263,5.0,5.0,0.40128875967445643,1.0,24.074914129712248,55.76682612815374
1363,549,5.0,5.0,0.3997543282288904,1.0,24.23189973576352,55.80284788678303
171,405,6.0,5.0,0.6444074110257555,1.0,24.287779165661966,55.68640715661036
599,1493,6.0,4.0,0.34164099221119537,1.0,24.219388054225586,55.70367070760122
208,480,6.0,5.0,0.3316860563956549,1.0,24.244695513254225,55.82272265581621
474,198,6.0,5.0,0.6077399233797123,1.0,24.057815017898744,55.770907940940575
201,752,5.0,5.0,0.561884284375925,1.0,24.251349130601653,55.61848189115448
1409,706,4.0,4.0,0.6188490931148068,1.0,24.168246074107252,55.79696040283558
141,976,6.0,2.0,0.72563933540195,1.0,24.323169725830137,55.77733413105019
1095,422,5.0,5.0,0.6482946194431198,1.0,24.249362565484528,55.582098528029626
1165,934,8.0,7.0,0.618974123287535,1.0,24.075725271660076,55.60073906243095
97,1369,6.0,6.0,0.5021426364419651,1.0,24.219070587668874,55.73701269963731
732,344,8.0,4.0,0.6179859082465277,1.0,24.30252895680647,55.648124417942014
255,899,6.0,2.0,0.09627367787051544,0.8163394707799803,24.108360087965632,55.703269764503496
1140,1420,6.0,3.0,0.004042227488805129,0.5,24.291196923249917,55.834790789174804
493,351,5.0,4.0,0.4093890641159197,1.0,24.29363558585809,55.62337466005449
771,147,5.0,5.0,0.42912991198655875,1.0,24.204841793557357,55.65662016207894
1292,80,7.0,5.0,0.5975269650557782,1.0,24.075426332333006,55.61317722654711
607,270,5.0,5.0,0.4640855045561852,1.0,24.134217860918955,55.72929626735317
415,722,6.0,6.0,0.5167273486480017,1.0,24.33934962122438,55.77582161988847
1206,261,4.0,3.0,0.8123796036671453,0.5,24.122509938419608,55.842201580774265
323,167,5.0,5.0,0.31503374869282275,1.0,24.28217860864857,55.864441029362965
282,885,5.0,5.0,0.3720122644239173,1.0,24.29489757661894,55.703530225991905
866,404,5.0,4.0,0.5266173130936573,1.0,24.191851610100308,55.57642823178875
1305,714,7.0,6.0,0.4647963973824308,1.0,24.16464400802803,55.871311030488194
1129,1045,6.0,5.0,0.3068795862524579,1.0,24.30205576884092,55.66263189557222
175,920,5.0,5.0,0.5115652122399366,1.0,24.21550950684819,55.56061129940628
944,575,7.0,3.0,0.9922733524716705,0.05120656517342426,24.084966287763145,55.886722173072805
437,813,5.0,3.0,0.42927787228728603,1.0,24.277349153354482,55.76366571119465
775,789,4.0,4.0,0.45401542764553976,1.0,24.24247908039369,55.65369931423675
422,1029,6.0,6.0,0.5921226800264321,1.0,24.198559712245103,55.629150356804764
361,418,6.0,5.0,0.3197790216031232,1.0,24.24368753396787,55.63287982257943
128,973,7.0,3.0,0.3589930250703627,1.0,24.289647630750196,55.72511411737725
272,229,5.0,5.0,0.5360823238237896,0.8043209001598983,24.178443225634894,55.577811563577335
437,844,6.0,5.0,0.5903341512429714,1.0,24.281802514591163,55.75734752888067
462,1281,5.0,5.0,0.5235440844444639,1.0,24.189679233801517,55.8182551725999
1009,839,5.0,5.0,0.47070138642243187,0.5,24.14327976155791,55.82157941232044
553,368,6.0,6.0,0.4186627009151205,1.0,24.240285530073695,55.849556155925065
107,971,6.0,3.0,0.9198536423119934,0.016930612204930195,24.19389431129275,55.669591508167635
1101,1138,7.0,5.0,0.47981357920254636,1.0,24.188780188167602,55.81581201243282
682,549,5.0,5.0,0.587933100074038,1.0,24.2123778122798,55.869786789890526
1229,720,5.0,5.0,0.38244908071883654,1.0,24.199660704729766,55.784953688519124
833,76,6.0,4.0,0.05616483468773627,0.5,24.110245282953684,55.789387302204524
1478,1005,5.0,5.0,0.4623849641831451,1.0,24.35378384569727,55.78267117226377
1299,1446,7.0,6.0,0.5778916233082302,1.0,24.326150725755205,55.690237507075274
361,1467,7.0,5.0,0.5963602429130043,1.0,24.249575569567863,55.63652880360763
1293,1038,5.0,5.0,0.5677327396933401,1.0,24.256221363332315,55.61808906759214
55,1030,6.0,6.0,0.7310896066629967,1.0,24.32161410756321,55.603485108130364
1498,733,5.0,3.0,0.24312538139191836,0.5232735960308545,24.331239787620664,55.59629238759241
1271,172,5.0,5.0,0.6003829823640584,1.0,24.143585400075445,55.56584675688828
1060,317,5.0,5.0,0.47085392326471204,1.0,24.29461993200135,55.770213976956754
320,247,5.0,5.0,0.5455883722846719,1.0,24.33193372173733,55.554851610647916
710,731,7.0,7.0,0.6221585511034027,0.9375932669309834,24.33542793772331,55.60643802767512
1348,617,5.0,5.0,0.5645378319389569,1.0,24.122513387353933,55.83762144945396
611,1066,7.0,3.0,0.03305991845282351,0.187588033754167,24.117939457345273,55.620408924329325
551,1238,6.0,6.0,0.4605532279740314,1.0,24.300349950084577,55.68085387618545
1206,1287,7.0,2.0,0.9412723440220158,0.4902454044296115,24.119147658422236,55.83546974005778
110,195,5.0,4.0,0.724621892365187,1.0,24.081120611890437,55.85646501257022
188,962,7.0,6.0,0.6553141844105979,1.0,24.105988964878428,55.62223496340053
518,627,6.0,6.0,0.5363992303597699,1.0,24.246122416908864,55.73188090985478
688,649,5.0,5.0,0.4426966953815997,1.0,24.222198386113092,55.661117544586105
1423,191,4.0,4.0,0.5785188096186951,1.0,24.129531581180633,55.72376238781375
1359,354,5.0,1.0,0.4809274310471985,0.5222178903212049,24.206943022503513,55.892095889791456
1067,1496,5.0,5.0,0.5854139390423896,1.0,24.1411537645959,55.73171631287218
110,1049,5.0,5.0,0.5204077359229508,1.0,24.081547216160047,55.861672436349124
800,909,5.0,5.0,0.43789073045276683,0.8706948341488182,24.140549059040158,55.82352675548544
221,873,4.0,4.0,0.49916135313704413,1.0,24.101779468746905,55.8678762548296
807,560,5.0,4.0,0.6698154984687066,1.0,24.3205450381407,55.83543050428888
1428,729,4.0,4.0,0.505813677079893,1.0,24.201039080480726,55.76753380068569
167,623,5.0,1.0,0.862693433223663,0.5,24.20975083399025,55.7047718851063
883,1018,5.0,5.0,0.35984526743735673,1.0,24.116986269412354,55.68058714719467
424,40,6.0,6.0,0.677628916186656,1.0,24.129077768275593,55.84901692755332
137,910,5.0,1.0,0.0004537550690035457,0.2480772559696054,24.29777202110865,55.57749095586389
1138,771,5.0,5.0,0.39440385187257876,1.0,24.177256826006627,55.740662140587595
812,1009,4.0,4.0,0.37833654521140275,1.0,24.327086821225873,55.76545496465832
1105,608,5.0,3.0,0.4137252063807935,1.0,24.260364071846947,55.879310895262556
1161,360,8.0,4.0,0.33453655231432455,1.0,24.21931618856425,55.66250558191832
431,1002,6.0,4.0,0.6328846018412426,1.0,24.12598004750333,55.71067596626042
1385,62,6.0,1.0,0.09933418144587144,0.19759028093859438,24.329568473448823,55.6711595972778
879,553,6.0,6.0,0.5645631434876124,1.0,24.26929235538365,55.815548570817626
617,731,7.0,7.0,0.5547702928598468,1.0,24.309795110793715,55.58378540990862
593,730,4.0,4.0,0.4372673722070363,1.0,24.096356269383037,55.71604862171579
376,634,6.0,6.0,0.5440519959705099,1.0,24.1428946642477,55.854448956470726
342,288,5.0,4.0,0.48804264375152173,1.0,24.098790435035802,55.87869434826316
1345,468,7.0,6.0,0.4607207853408616,0.9638706421324731,24.10777709724089,55.755364332411226
1404,788,5.0,5.0,0.7089818734929866,1.0,24.100085882362272,55.58293390523495
1249,73,3.0,3.0,0.4603701971074454,1.0,24.08222475499358,55.77176929531373
1124,206,7.0,6.0,0.5245132120632279,1.0,24.23111275201889,55.69418663718196
89,834,6.0,5.0,0.404314993577501,1.0,24.099891409010176,55.663615719194134
302,1142,6.0,6.0,0.6359080136120594,1.0,24.210287749171066,55.64298341493551
490,583,5.0,5.0,0.36466028019129376,1.0,24.190317803316873,55.80024369488315
422,544,6.0,6.0,0.63069906072664,1.0,24.188773978355677,55.632062793271444
437,1191,5.0,4.0,0.6133188702478198,1.0,24.276943607969002,55.75555087890076
197,484,6.0,1.0,0.5240928122800352,0.8594521847905868,24.220108456350033,55.56278303170107
1236,1310,6.0,5.0,0.4123764401404383,1.0,24.285450825714687,55.77227110100017
320,375,6.0,6.0,0.495210697679269,1.0,24.32467163819493,55.54870050318869
470,791,6.0,6.0,0.7586446096795378,1.0,24.32781849788803,55.76355652950356
368,1345,5.0,5.0,0.3446455101341921,1.0,24.332862172675927,55.83168651973769
1169,965,7.0,5.0,0.3697659816508183,1.0,24.217624927612814,55.82232098055786
513,184,4.0,4.0,0.2826484336226422,1.0,24.056461233273808,55.67546272521111
403,584,7.0,2.0,0.8741239053282855,0.2119937742385355,24.35247632267136,55.65851855350441
481,1117,6.0,5.0,0.5045247653352398,1.0,24.190554710791794,55.83017950732593
566,148,4.0,4.0,0.5300726015376787,0.8189362792090584,24.21385063879199,55.56708027501848
148,1330,6.0,1.0,0.07217703927689328,0.5,24.32476221303541,55.829289731370565
1327,63,4.0,4.0,0.6002404503381251,1.0,24.21788288181582,55.67040893974383
921,81,5.0,5.0,0.5063921427263891,1.0,24.114002164230865,55.80794852412684
936,433,5.0,1.0,0.892610157559681,0.5,24.310885169744086,55.60168089951281
988,982,7.0,7.0,0.5790276823748539,1.0,24.337015482876872,55.89326072947112
130,316,5.0,4.0,0.5774368717942397,1.0,24.077219193658994,55.841514102165895
1305,105,7.0,6.0,0.5451351897206002,1.0,24.159471607110106,55.86352782091004
842,615,6.0,6.0,0.4679129325304429,1.0,24.294735065047433,55.8499638360184
1187,186,6.0,6.0,0.4172239435725376,1.0,24.259224062518417,55.886995172882045
1030,969,4.0,6.0,0.6368672095398406,0.4573951195582888,24.33271763980017,55.855368699870915
375,1232,5.0,4.0,0.627989923822258,1.0,24.15723292511841,55.55854474508687
462,521,7.0,5.0,0.5586589611164193,1.0,24.18941453621133,55.823618561148756
1314,199,6.0,6.0,0.444493114093813,1.0,24.267143253565365,55.76421309542342
431,390,5.0,5.0,0.5453791176576155,1.0,24.12026555750972,55.70675075405189
1187,369,5.0,5.0,0.44255767832061355,1.0,24.255165862217872,55.884924593554004
87,249,6.0,6.0,0.6216999438330045,0.9707088932178081,24.099863217720728,55.67951489166282
6,1054,7.0,5.0,0.5230087290846308,1.0,24.30994826434241,55.80359453441241
683,625,5.0,5.0,0.7263665186371908,1.0,24.193902781941024,55.60694034556126
742,402,5.0,5.0,0.41857862202053886,1.0,24.25932524836982,55.568959035187866
1132,1110,6.0,6.0,0.5360248178120968,1.0,24.08640315598053,55.74733764132898
98,707,6.0,6.0,0.5593155543790347,1.0,24.14571545186528,55.6593645737763
905,566,4.0,4.0,0.6560096795464141,1.0,24.234560538196973,55.556933520523415
1201,469,4.0,4.0,0.6585862852870477,1.0,24.087415219730737,55.84802566233622
653,1051,7.0,5.0,0.559252449474797,1.0,24.286836094148963,55.86374085459663
317,1275,5.0,5.0,0.4998914395651181,0.4072180717033664,24.092274221750113,55.77415423529401
65,1109,6.0,6.0,0.3381891942299554,1.0,24.14782352676042,55.66722785283647
801,1459,6.0,5.0,0.3587516172693988,1.0,24.31531367337412,55.88105443967159
67,328,5.0,5.0,0.6881834880664144,1.0,24.118950324163837,55.6020539937614
1433,986,5.0,5.0,0.4397885473217107,1.0,24.32598589396314,55.579509496345075
1020,465,6.0,6.0,0.408001893578685,1.0,24.186473014710284,55.67668899598935
387,272,8.0,6.0,0.39482966850684903,1.0,24.165020570748037,55.800243902666715
34,743,7.0,5.0,0.36782735906592356,1.0,24.339348956600396,55.62154753809589
665,1089,6.0,6.0,0.4475132510702068,1.0,24.237952127208285,55.74711218101621
213,609,5.0,5.0,0.6338364718047985,1.0,24.292010266582412,55.61253713598335
244,631,5.0,5.0,0.5987607090418329,1.0,24.31161034597477,55.780096305052425
1331,1235,7.0,5.0,0.5264040109391734,1.0,24.275322701842153,55.60764213494402
1104,585,7.0,4.0,0.39248432579252246,1.0,24.126212883398026,55.57771128129228
498,912,5.0,5.0,0.6802959251116549,0.9950950736233585,24.286815784673937,55.76952269361362
376,805,6.0,5.0,0.507287177509362,1.0,24.1412277405344,55.85279622591134
261,821,4.0,4.0,0.4330444725858444,0.9037934847348961,24.2153454499754,55.77600959139979
239,1051,7.0,4.0,0.47657555020564996,1.0,24.26731529247608,55.846890688400386
136,481,6.0,4.0,0.5369875209042885,1.0,24.341112797073563,55.69793899299103
1175,229,5.0,4.0,0.563671425484201,1.0,24.18913844428327,55.57256074242532
1440,1188,6.0,6.0,0.44524875555537197,1.0,24.15657565848791,55.74636480431807
155,808,6.0,6.0,0.5334916369677846,1.0,24.27776414028192,55.580268643962604
1448,1243,4.0,2.0,0.9998962929461629,0.15458419769154097,24.327608517022124,55.74101098842725
804,427,5.0,5.0,0.38939519742470374,1.0,24.193591174270487,55.816712146114874
1449,148,4.0,2.0,0.20722256641750483,0.49363119073435224,24.20475636031413,55.57429963584008
83,1065,7.0,6.0,0.5398508367673946,1.0,24.316997291549434,55.8306346269647
921,1218,4.0,4.0,0.6588303187880975,1.0,24.10403393952435,55.806120123715786
1260,332,5.0,3.0,0.524910289562494,1.0,24.345272203669683,55.70980963223485
78,17,6.0,6.0,0.41769616235711593,1.0,24.120982634678995,55.585786613891244
1190,169,5.0,5.0,0.42740118344528566,1.0,24.192336097012998,55.56980101945494
68,1073,6.0,6.0,0.4409451173914642,1.0,24.35494913141998,55.77621705432371
665,1242,6.0,4.0,0.31623904416092863,1.0,24.23409311616981,55.75152886399609
1073,883,6.0,5.0,0.5396318557536228,1.0,24.136558226744974,55.67581575191572
998,986,5.0,5.0,0.5757946226439028,1.0,24.313762073089112,55.56742611306719
205,1253,4.0,4.0,0.5300090374365729,0.5,24.141808710794635,55.8284099842191
698,34,7.0,7.0,0.511857065324606,1.0,24.31556960629601,55.74305504379121
1036,336,6.0,5.0,0.4487758032590218,1.0,24.329922522160004,55.843962522861474
547,493,4.0,4.0,0.40193367033421634,1.0,24.304866623819574,55.62365706912864
718,986,5.0,5.0,0.5587887264203579,1.0,24.343084871138934,55.58231234213311
1077,175,5.0,5.0,0.4378823076935087,1.0,24.312944755068827,55.562794518129046
1388,137,5.0,5.0,0.3602655489141402,1.0,24.1695029961028,55.80311024944707
553,1172,6.0,6.0,0.6305048248032032,1.0,24.249109116289937,55.84939734108504
909,417,6.0,6.0,0.514678176091703,1.0,24.252069229970193,55.83896139760228
356,82,5.0,3.0,0.34807217948100655,0.5,24.10758092852356,55.84980426543917
1285,276,4.0,5.0,0.3140183770588334,0.09920317039071852,24.209216385662586,55.83285921729202
662,325,6.0,4.0,0.4457432941280546,1.0,24.171692321633653,55.642745642552654
1142,656,7.0,5.0,0.5003333699996415,1.0,24.13907384898241,55.64904035556017
1349,1106,7.0,6.0,0.4376214316327074,1.0,24.362000363278675,55.84405739476531
1023,379,6.0,5.0,0.4948489396488803,1.0,24.31148245066073,55.60189656323239
789,208,6.0,1.0,0.7168651202251083,0.1333709912149491,24.089457778450257,55.84603674397239
899,400,4.0,4.0,0.4316169043910225,1.0,24.192869601102213,55.65699963064361
850,1347,6.0,5.0,0.39787745874574276,1.0,24.346083191968255,55.70716467300342
862,786,6.0,1.0,0.3810661197294601,0.09562225447045725,24.121924705828526,55.67325943707114
647,726,7.0,6.0,0.5271999044089336,1.0,24.13076949514859,55.60524335439114
683,1001,6.0,6.0,0.521025233920419,1.0,24.201119135217496,55.60910228398173
823,1174,5.0,1.0,0.920588999409112,0.0037218420870053226,24.160306526636884,55.622562985611616
561,314,5.0,5.0,0.6952056609873392,0.9059597521227608,24.172166168748387,55.561605969693986
771,12,6.0,5.0,0.3947861767828176,1.0,24.212791235904966,55.65064809119311
442,938,5.0,5.0,0.5227951484507608,1.0,24.120779014991626,55.88698188613056
407,83,6.0,6.0,0.4552174551117406,1.0,24.301226077472542,55.82587897596895
1077,1336,5.0,5.0,0.40113778629417696,1.0,24.30832145197273,55.57256479655447
897,634,6.0,6.0,0.49201738850282845,1.0,24.134238110764805,55.859705183181674
903,699,7.0,6.0,0.6294658914025418,1.0,24.281086517592342,55.64033795261429
795,442,5.0,4.0,0.5014095553802501,0.9755664588612849,24.282344447169706,55.82551804731806
800,590,6.0,6.0,0.4679165897127256,1.0,24.14910717448384,55.833425188748656
47,1488,5.0,5.0,0.5828456515719422,1.0,24.07940683949009,55.82609270392923
118,1246,5.0,4.0,0.5363994981512351,1.0,24.188238574124902,55.83084148989287
953,620,6.0,1.0,0.1565605129587506,0.5,24.103610646777675,55.61419140032062
886,601,7.0,6.0,0.3650408734667481,1.0,24.15151156913881,55.81187884436519
954,1021,4.0,4.0,0.5109471614263585,1.0,24.249070863475755,55.743283667715126
1394,877,5.0,5.0,0.4419973703369772,1.0,24.174160583705884,55.724985260972815
318,592,6.0,2.0,0.9987310670055136,0.3001486649791806,24.251323279968833,55.57112850207459
375,907,4.0,4.0,0.49259189649118323,1.0,24.163857026263532,55.56349265022421
1393,1437,5.0,5.0,0.3975232541916283,1.0,24.269644469868386,55.66728356569655
612,504,5.0,1.0,0.05981611592800212,0.37453131528455835,24.311921594813064,55.7984536453316
133,897,5.0,5.0,0.6174493085081943,1.0,24.321335913531435,55.76473716157806
812,950,6.0,4.0,0.5359925648160467,1.0,24.317094194680443,55.75925332200981
800,1449,7.0,6.0,0.5478684326589223,1.0,24.150134342888716,55.83053804368235
969,197,5.0,5.0,0.5717876002106683,1.0,24.345976706792037,55.62874114339398
1187,1394,5.0,5.0,0.605822689681334,1.0,24.256122970733244,55.88874811668542
1357,1252,5.0,5.0,0.4159597603480653,1.0,24.20310145407423,55.82499779633672
960,316,5.0,5.0,0.6919656753445312,1.0,24.095648916781002,55.77122684627586
1302,281,6.0,5.0,0.6516822576700925,1.0,24.11058898383912,55.79648629838797
1479,10,5.0,5.0,0.44695800624547727,1.0,24.368388016099143,55.623986509957504
822,120,6.0,6.0,0.513836156347999,1.0,24.30089870372623,55.61767356663263
93,960,6.0,6.0,0.5326684458452683,0.9313388377220649,24.270806443326006,55.71939770350555
353,1421,6.0,5.0,0.5140507433007018,1.0,24.159662775533334,55.83405079184157
1455,777,5.0,5.0,0.31954864787901915,0.674468893455105,24.27475941216784,55.83133533286895
1127,304,6.0,3.0,0.21454099298935841,0.14048780809572126,24.094852723293087,55.7024789155622
136,283,6.0,5.0,0.5674168006220129,1.0,24.34844227578289,55.691804032536986
1351,149,6.0,3.0,0.6136566623864964,0.9159225539695404,24.10648303487152,55.648530586345274
146,32,8.0,5.0,0.43500210702235664,1.0,24.27401005535486,55.733088180194216
785,394,4.0,4.0,0.4183514415237606,1.0,24.13589502578648,55.59689579123998
1259,817,5.0,1.0,0.7012835363191947,0.836190806473131,24.286270582419263,55.55467626601975
143,764,7.0,5.0,0.6693065425656799,1.0,24.186167415263935,55.78015740105949
682,382,6.0,4.0,0.20093749840344954,1.0,24.20837281464448,55.86327421962911
805,684,4.0,4.0,0.6070714957926338,1.0,24.09595201203732,55.81671310957149
354,660,4.0,4.0,0.4992635424817625,1.0,24.281451207668272,55.575144325998025
570,512,4.0,4.0,0.42567986043846695,1.0,24.09343592436369,55.62947521642874
1002,996,6.0,6.0,0.4585889913228401,0.9523675401460661,24.306625906627907,55.606269394594015
728,1342,5.0,1.0,0.25448670728686784,0.027959074490013336,24.158514277935367,55.73966240736478
1249,308,4.0,4.0,0.5378946333859466,1.0,24.074435597774368,55.7699497987924
441,478,7.0,5.0,0.4444491937689981,1.0,24.32786143216577,55.67811612557661
1208,57,6.0,5.0,0.47978335724953375,1.0,24.13791151144804,55.84912348731293
945,1154,6.0,3.0,0.41294192022746085,1.0,24.117712505276597,55.680677850152385
61,1273,6.0,6.0,0.612509351204923,1.0,24.11748962069849,55.584761044692414
358,1189,6.0,1.0,1.6608543082997323e-05,0.29789963562993743,24.25922923262873,55.817889808089184
348,906,7.0,4.0,0.3315126107533514,0.9876306826180976,24.086658167405787,55.738077077521226
1468,132,5.0,5.0,0.6241972284756032,1.0,24.096191119997357,55.555283965484655
1323,1118,7.0,5.0,0.484811689246033,1.0,24.15793077306215,55.764993920639036
87,537,5.0,4.0,0.5571947552735068,1.0,24.108136567768266,55.68570177863903
897,757,6.0,5.0,0.4264593063439483,1.0,24.125839970845327,55.85271769376718
899,421,5.0,4.0,0.5704660213355739,1.0,24.1898435432839,55.66659907966611
1035,344,8.0,6.0,0.5372961421975415,1.0,24.321775958699796,55.60916837632777
890,962,7.0,5.0,0.507405833840555,1.0,24.14390963304217,55.58386327033185
444,501,5.0,5.0,0.5491513945972532,1.0,24.252109306450485,55.859199051449586
1333,229,5.0,5.0,0.5513860759656857,1.0,24.227305153950894,55.54651424384473
172,344,8.0,6.0,0.5249697612981838,1.0,24.254844117268394,55.62662370527006
359,1243,4.0,4.0,0.5444772065158237,1.0,24.31902949389631,55.76019714016128
1417,7,6.0,3.0,0.35247982379443854,1.0,24.24353835989482,55.80964304297542
1068,1320,5.0,5.0,0.4609840721756432,1.0,24.094755463664253,55.70446566778964
991,506,6.0,5.0,0.569316259526951,1.0,24.242341024074438,55.69384820110767
200,954,6.0,4.0,0.2940758798706723,1.0,24.234993457300998,55.89365274685375
1297,301,6.0,6.0,0.4820671644389914,1.0,24.2505445489377,55.70338483782478
820,845,7.0,1.0,0.009937856324521382,0.28655432174515705,24.26625797765837,55.75649460673363
279,798,5.0,5.0,0.41664997112734004,1.0,24.288190178412435,55.60728134798868
698,303,4.0,4.0,0.5544438345536865,1.0,24.31298977163983,55.752917890112414
1442,109,6.0,6.0,0.5099878075251867,1.0,24.250760925296042,55.63757353904982
90,269,6.0,5.0,0.4476821858396414,1.0,24.128091636572055,55.75639155650961
726,1288,5.0,5.0,0.559741875642799,0.841831327269275,24.29496389326435,55.592133427603464
1124,1032,7.0,6.0,0.4650790951142434,1.0,24.2283886493988,55.703143421801094
197,225,6.0,1.0,0.24963320099709785,0.7701591587267218,24.226836133760752,55.569756056443275
803,194,6.0,6.0,0.38861091442571793,1.0,24.34244270358918,55.803557053725626
1133,999,5.0,1.0,0.32399755010986214,0.04051908831465928,24.1967513423913,55.7591653628601
566,958,6.0,5.0,0.39900415864569794,1.0,24.216865434032098,55.57247121138211
186,1469,5.0,5.0,0.6562213671135068,1.0,24.08430526233384,55.76391192147841
1294,664,6.0,6.0,0.32724004034073373,1.0,24.14894954829979,55.89291205572355
617,914,4.0,4.0,0.6116216044215868,1.0,24.307380676485465,55.57635309263047
1035,1008,6.0,6.0,0.42612583865275167,1.0,24.32522841647447,55.619098911223205
231,551,5.0,5.0,0.5875132671445208,1.0,24.158794814897774,55.752693181747176
1405,875,7.0,6.0,0.4334502842904215,1.0,24.34342363563905,55.618090999320856
1499,619,6.0,4.0,0.5062487947142164,1.0,24.182414047716197,55.868345022174985
323,607,6.0,6.0,0.3792259256593852,1.0,24.277839210486874,55.86568883331433
717,238,5.0,1.0,0.02401467962669023,0.04161538739085335,24.094924398829463,55.70784199643108
680,1463,5.0,5.0,0.4632892478768356,1.0,24.110976076154643,55.699778477886426
34,616,5.0,5.0,0.6032544248472623,1.0,24.347075319077867,55.61982420879695
1403,1411,7.0,5.0,0.6760457354725355,1.0,24.341257219014775,55.82329768342804
530,30,5.0,5.0,0.48595408252892847,1.0,24.2470968201862,55.62588454141156
17,490,6.0,6.0,0.3846668703251885,1.0,24.18909075795189,55.681682708427864
169,762,5.0,5.0,0.3384609550092948,1.0,24.27220821560999,55.68455658774331
649,1458,6.0,1.0,0.4441080732968203,0.40674815830858624,24.321349802183587,55.798158953645796
24,913,6.0,5.0,0.3689848737077889,0.9671986591887198,24.091586624535715,55.58727570475176
1073,696,6.0,6.0,0.6621031078793427,1.0,24.142734500518,55.67198335440614
55,498,5.0,5.0,0.3777954033206156,1.0,24.316275914163374,55.59729283030277
1270,1439,8.0,5.0,0.49823760956047725,1.0,24.123325453361563,55.78110236430414
97,517,6.0,6.0,0.3264199238029757,1.0,24.21083925221884,55.73503168320195
668,567,5.0,3.0,0.5142947053748899,1.0,24.23365457089674,55.643937315227944
454,201,5.0,5.0,0.5509614836542953,1.0,24.22730630993379,55.576816105120265
1393,447,6.0,6.0,0.4294519058197882,1.0,24.268777276234392,55.66915402497809
651,1376,5.0,1.0,0.7418714220561232,0.3712843729552664,24.19392360985998,55.72952198555039
1188,1477,5.0,5.0,0.5706984348743952,1.0,24.161461851756616,55.59402751565518
49,844,6.0,5.0,0.7845598859193382,0.5,24.34311350305699,55.78413361080268
156,1429,5.0,5.0,0.3810920587105264,1.0,24.15344663358773,55.81084453089904
183,902,5.0,5.0,0.2709133237661301,1.0,24.0779762617441,55.7587652529145
918,196,7.0,7.0,0.42290604618822725,1.0,24.11386066913011,55.69239567963262
1074,716,3.0,3.0,0.6643200762680983,1.0,24.147300779601533,55.65781661109071
157,933,6.0,6.0,0.4183105857969134,1.0,24.288677382495347,55.839197140904936
1239,1079,4.0,4.0,0.5580223274522115,1.0,24.33792018161194,55.56176998196554
570,585,7.0,6.0,0.5581819197920135,1.0,24.102235053146483,55.63388659702099
804,614,6.0,6.0,0.46166725922163204,1.0,24.19348700074185,55.81874759821877
752,268,4.0,4.0,0.5499328216590971,1.0,24.123815468082807,55.57024887833802
84,1259,4.0,4.0,0.4483410179644003,1.0,24.19091662849437,55.810207553989464
552,1271,6.0,4.0,0.2870211335637577,1.0,24.19266143008434,55.80863306452437
1245,1303,7.0,6.0,0.4419429941534323,1.0,24.15894895088537,55.75989999504874
1297,668,5.0,5.0,0.4842374000778843,1.0,24.258483034174795,55.69769058528064
1035,493,4.0,4.0,0.4657090468597093,1.0,24.32408797438527,55.6203766353828
1048,1425,6.0,3.0,0.04766819154361674,0.06382916109804743,24.179118678057034,55.59640049041033
921,1244,5.0,4.0,0.5772901478544537,1.0,24.10930171244315,55.79977124718238
215,1365,7.0,5.0,0.485561700517436,1.0,24.21286076856122,55.605081255208944
1221,403,4.0,4.0,0.4198061944313734,1.0,24.103587942035396,55.80311322581971
326,1126,6.0,6.0,0.5806119270813938,1.0,24.25310676320328,55.835184804643326
1260,681,7.0,5.0,0.5329512123922387,1.0,24.351341464370385,55.702305739010875
1421,877,5.0,5.0,0.43973031900907145,1.0,24.193818324586797,55.767939090706776
1312,627,6.0,2.0,0.744660012679496,0.2438799769236809,24.256405311338334,55.64765965430649
1095,392,6.0,6.0,0.4542115670672823,1.0,24.25299685904389,55.58100885468441
587,954,6.0,5.0,0.663158143913442,1.0,24.2130296602559,55.811954853480444
766,879,5.0,5.0,0.49317241252343946,0.5,24.33590531430056,55.6637952865016
920,794,5.0,1.0,0.8325664983711758,0.304399100474687,24.317636768557175,55.83386317565437
272,56,7.0,4.0,0.4223287882524453,1.0,24.1822269731624,55.583704613457414
402,890,7.0,5.0,0.5522737572923108,1.0,24.28983337195829,55.652338946300155
1245,822,4.0,4.0,0.5853417304528667,1.0,24.158492013749587,55.75795024771106
1405,733,5.0,5.0,0.6073413539175433,1.0,24.343364692858522,55.61245341184125
1317,1038,5.0,5.0,0.40244616890687274,1.0,24.24208287154209,55.6422931434039
1236,194,6.0,5.0,0.4570763622518284,1.0,24.292248046237773,55.769709548607985
739,909,5.0,3.0,0.6307412686027428,1.0,24.120696740628585,55.85018948872006
392,549,5.0,5.0,0.3678766359574036,0.8987939283592024,24.190139066843816,55.82068696208758
1034,1088,4.0,4.0,0.5828481181784317,1.0,24.272909043809108,55.76938642953516
1233,663,6.0,6.0,0.6557397602434467,1.0,24.19091029374128,55.81969193696771
296,657,5.0,5.0,0.4887710847704244,1.0,24.13523957714888,55.74487740914272
578,1056,7.0,1.0,0.8106935808474534,0.4042625094166919,24.133862366158485,55.688447359673034
155,660,4.0,4.0,0.4675679804463756,1.0,24.27237248545785,55.58159539960287
878,984,5.0,5.0,0.6076164757185314,1.0,24.18212704381969,55.6910822221563
1234,1067,6.0,3.0,0.4811642202033805,0.3979350290622296,24.222887558100215,55.650915886079154
705,258,5.0,5.0,0.5602778809112432,1.0,24.3010011769333,55.763439140051496
134,121,4.0,3.0,0.3501904594430045,0.5,24.32485419320166,55.73588143226661
179,22,6.0,5.0,0.5209447551228946,1.0,24.065614431904752,55.77176324885755
1204,1357,3.0,3.0,0.5637483328986913,1.0,24.2808528524826,55.87505093036119
1361,1245,6.0,4.0,0.5848492053545119,1.0,24.175857463414705,55.754384032158114
171,1238,6.0,6.0,0.7839437143938981,1.0,24.294425994248897,55.68660818746604
128,292,6.0,6.0,0.7389384917956477,0.8398514579722427,24.290088960603967,55.729887475558414
498,946,4.0,4.0,0.4915568266332672,1.0,24.2866919795956,55.767662819667414
1400,371,5.0,5.0,0.6225262062309208,1.0,24.17751756569559,55.763393552687404
34,784,5.0,5.0,0.4986792959156444,1.0,24.347287603890827,55.6123039253235
859,1444,5.0,5.0,0.5512699911618661,1.0,24.162664671868434,55.71795518450334
727,201,5.0,1.0,0.0304415248654283,0.5,24.27415081523392,55.57573647853268
567,561,4.0,4.0,0.3709422560081964,0.9474702026685554,24.215510319524405,55.59067937991783
1416,301,6.0,2.0,0.005943485629106208,0.4517279541111841,24.252888550182224,55.71644724600532
1357,1461,6.0,6.0,0.5815420006927513,1.0,24.19605759501238,55.83330896387068
1279,584,7.0,7.0,0.608044049614484,1.0,24.342673512311922,55.65500541926066
470,253,5.0,5.0,0.3671383538566465,1.0,24.319815300015225,55.76473791416653
216,1136,5.0,5.0,0.4943145632006461,1.0,24.318184831148987,55.8138889591833
240,1462,5.0,4.0,0.4325540165788998,1.0,24.324074178807006,55.88071270193168
924,1197,7.0,6.0,0.47141259205604674,1.0,24.110952133311038,55.70554000412191
1084,369,5.0,5.0,0.4559663266089847,1.0,24.22025021165159,55.83354298060433
140,351,5.0,6.0,0.44556825621074236,0.12056103721520262,24.291885791659503,55.669725497721394
1353,561,4.0,4.0,0.6287597558038867,1.0,24.221357315327744,55.61397884297563
387,1083,5.0,5.0,0.5569542367226046,1.0,24.15904607159492,55.80066529181354
958,465,6.0,6.0,0.5806069090261149,1.0,24.20847111485311,55.6950616420818
816,387,7.0,4.0,0.47302387678855734,1.0,24.1630069208887,55.639890558859165
353,1146,5.0,4.0,0.44166489573601236,1.0,24.157099380937012,55.83450996787987
1078,291,3.0,3.0,0.3420310892169134,1.0,24.135869878961607,55.560567551382455
384,1150,5.0,3.0,0.6680851316882295,0.5,24.10955943434648,55.73349271465305
697,760,4.0,4.0,0.32606335924508667,1.0,24.252242696158785,55.640554833125194
461,906,7.0,5.0,0.5172602197187242,0.9328242516972192,24.14419156840912,55.71979397493831
1264,884,6.0,1.0,0.005026609097444752,0.07808819610229717,24.10332938747154,55.88222873905761
1479,1127,6.0,6.0,0.5584608176211551,1.0,24.370988514094996,55.63030664496552
1277,823,6.0,6.0,0.6806381052272636,1.0,24.09620501795354,55.680227609641506
902,560,5.0,5.0,0.599902439774483,1.0,24.29068963091646,55.856037427953524
980,981,5.0,5.0,0.48997963996334726,0.5,24.347924365680882,55.62722406247723
1274,383,5.0,1.0,0.45163220355351386,0.42095896815960737,24.139243882915938,55.88556400044351
75,767,4.0,4.0,0.3779395815288243,1.0,24.235745801344137,55.7346061135062
1454,1321,5.0,5.0,0.5140026144780301,1.0,24.255926078522958,55.57755141696488
580,1075,6.0,5.0,0.4186773541342323,1.0,24.205823203363884,55.66242794477186
654,47,6.0,6.0,0.485930775373157,1.0,24.261795262043016,55.78784216758298
110,1495,6.0,6.0,0.6042465691923352,1.0,24.07979327988722,55.85351467811153
1021,1442,5.0,5.0,0.4533393330178685,1.0,24.288664895814943,55.86916026673423
79,976,6.0,2.0,0.6421244163445868,0.1058492864251398,24.316939230102157,55.8254512891883
6,1343,5.0,3.0,0.6133936966102697,1.0,24.311814995148364,55.813379109328196
1370,1004,6.0,6.0,0.49443306469831194,0.9945407938498849,24.08815627889004,55.89143777567589
682,689,4.0,4.0,0.3415034248473031,0.9191185409924202,24.2134702235855,55.860504832360284
778,1410,4.0,4.0,0.4884277163675283,1.0,24.15183939005189,55.79527978083261
772,937,6.0,5.0,0.572407401598946,1.0,24.306229848830206,55.69348027920025
68,264,5.0,5.0,0.3519158673458007,1.0,24.34835215544592,55.774158025079515
1158,93,5.0,5.0,0.42818915477601405,0.8096946666013107,24.247535417390658,55.65020481621636
87,645,5.0,5.0,0.6339675065549717,1.0,24.09894488011958,55.68303189177125
1272,136,7.0,7.0,0.30467031450151383,1.0,24.08333044724274,55.84775723349858
749,540,5.0,5.0,0.5299753680171921,1.0,24.320394603068777,55.60898820103215
513,1082,5.0,5.0,0.7712914298484024,1.0,24.054567670917564,55.67252978476536
913,517,6.0,3.0,0.468259259008049,1.0,24.161923206406417,55.70937543169142
905,1425,6.0,5.0,0.5596444960521327,1.0,24.22538706334918,55.56599760803829
384,1093,6.0,1.0,0.9830713774104601,0.4833715963926323,24.10302095717234,55.724558563533805
575,923,5.0,5.0,0.6517664871529769,1.0,24.275257277828402,55.55258206026254
1332,763,4.0,4.0,0.5828869818129526,1.0,24.072296439547735,55.77534539294166
98,1231,4.0,4.0,0.46527766873813875,1.0,24.14839669712213,55.65868372035712
1017,737,5.0,5.0,0.6317562371048601,1.0,24.34751976394149,55.61868953772466
1155,1091,6.0,6.0,0.5024770980633162,1.0,24.1405842999469,55.693452651553656
1210,507,7.0,4.0,0.3082014794173214,1.0,24.146761803275965,55.76249625959381
833,468,7.0,2.0,0.01703262558156888,0.27512319774418326,24.10615770172826,55.79426394495066
548,1299,4.0,4.0,0.40327691079446,1.0,24.149687038360334,55.85730526897119
226,1223,6.0,6.0,0.6528361581759653,1.0,24.3370780952441,55.64924493110043
972,1431,4.0,3.0,0.4220572591331117,1.0,24.22272209724981,55.64952760948633
1055,258,5.0,5.0,0.5711654723488364,1.0,24.300059439020092,55.8012981563098
589,1355,6.0,6.0,0.22808033310948095,1.0,24.156770267897553,55.604171578874414
192,1194,5.0,5.0,0.2655638468388366,1.0,24.216565352067306,55.84829640855421
547,1143,7.0,7.0,0.5181676206602577,1.0,24.30575553638568,55.63030473828445
1361,65,5.0,4.0,0.5501145845446173,1.0,24.16666459931491,55.757154567027925
80,1259,4.0,4.0,0.6152500693233939,1.0,24.138508863200837,55.814999264211295
858,456,6.0,6.0,0.7714369926187289,1.0,24.36622949569083,55.55109888756741
255,1093,6.0,2.0,0.9631635553526511,0.2980931417981909,24.100113840541752,55.697833517827746
1104,572,5.0,5.0,0.48282698953947073,1.0,24.125856217594386,55.56919342693978
118,603,6.0,5.0,0.4526649664027169,1.0,24.18093198423215,55.83353461416678
1268,1001,6.0,1.0,0.06452790535959443,0.4736219063518805,24.193765708909268,55.64413985797802
34,478,7.0,7.0,0.625629113381541,1.0,24.350107034135743,55.61732063366445
210,212,5.0,5.0,0.424536324331832,1.0,24.11293128275676,55.85307502495829
865,408,6.0,4.0,0.4559591614635163,1.0,24.172480388082757,55.685565259677226
786,1161,6.0,1.0,0.3453756566542585,0.15498032431705833,24.099656272824728,55.557677466013786
1068,1102,5.0,5.0,0.43370033860863677,1.0,24.096538461974735,55.70456026332022
1433,660,4.0,4.0,0.45748845599010285,1.0,24.31777469740223,55.56991393198085
1271,1208,6.0,5.0,0.47489940532882424,1.0,24.13899781882457,55.565399924265456
671,1023,5.0,5.0,0.5327994538765922,1.0,24.22502900129657,55.70285182754391
1073,1452,5.0,5.0,0.6113264807244287,1.0,24.139562053533943,55.680393594521746
62,553,6.0,4.0,0.5278909130708712,1.0,24.32675889796871,55.8026024001311
451,15,4.0,3.0,0.5390897957501738,0.9784737108276306,24.165283332289672,55.76936322670067
1314,514,5.0,5.0,0.48306114423695107,1.0,24.268615019300203,55.764982875501886
1110,272,8.0,1.0,0.47292094542271645,0.03532333103462443,24.242904197583666,55.80611133239508
452,1028,7.0,5.0,0.5433792438048419,1.0,24.2732614414506,55.86079856029387
1129,890,7.0,7.0,0.6455259116943437,1.0,24.30994118592429,55.655563636648175
778,293,6.0,5.0,0.5438198190049416,1.0,24.160734437525406,55.80189501466103
108,1371,6.0,6.0,0.4909340777528709,1.0,24.276603304476993,55.68461059336501
6,1316,3.0,3.0,0.5061322188744134,1.0,24.304513141908604,55.807469246329816
525,241,6.0,4.0,0.4809187594098494,1.0,24.247608747093636,55.557169220173634
1073,980,6.0,5.0,0.5281279688211108,1.0,24.134404187445284,55.67068123755586
766,479,6.0,5.0,0.6361736632519539,1.0,24.34265012806701,55.65894181374903
982,647,4.0,4.0,0.5339771753535715,1.0,24.07885372992338,55.82899591063644
118,1461,6.0,6.0,0.5453298797249502,1.0,24.1880186892047,55.8273662018899
1141,1097,6.0,6.0,0.5046100829367771,1.0,24.143211740578145,55.673517455432126
365,160,6.0,3.0,0.19824849396210695,0.5575244154054435,24.282456530726893,55.85497865369365
1257,441,6.0,6.0,0.41211067955171365,1.0,24.145062804598204,55.61475002117159
454,1122,4.0,4.0,0.4473902453371282,1.0,24.230793918037822,55.57384277773723
227,882,3.0,3.0,0.5589773313673563,1.0,24.30741470174862,55.6031937852341
402,1414,9.0,6.0,0.4237121455111036,1.0,24.28256187679197,55.65052124431277
77,1240,5.0,5.0,0.4241932516948788,1.0,24.2867391968358,55.84292127108578
981,23,6.0,4.0,0.6477465188242563,1.0,24.059320338046806,55.69960340023724
995,841,6.0,6.0,0.3827550749940569,1.0,24.24496425784779,55.74663584393302
1333,148,4.0,3.0,0.6152745541878428,1.0,24.217513866980312,55.55511864839862
1463,1255,8.0,7.0,0.4714775864019849,1.0,24.207991903465892,55.535015703394684
737,487,7.0,5.0,0.5278611680979599,1.0,24.070347330646268,55.867671472449786
801,202,5.0,5.0,0.4056381248225218,1.0,24.31263735965229,55.88434551014638
454,1,4.0,4.0,0.37914723691807434,1.0,24.224504165013997,55.579024915613864
219,1278,7.0,7.0,0.48416842591468673,1.0,24.224622307830515,55.68100485330135
425,1057,6.0,6.0,0.3820366495247909,1.0,24.15810066936182,55.59523630950593
878,1042,4.0,4.0,0.5981197072791735,1.0,24.1911023623231,55.68441766370908
348,834,6.0,6.0,0.5471344099960387,0.9422818571504459,24.079703610808753,55.73612520671361
1076,550,6.0,6.0,0.43326803904638,1.0,24.250227285921767,55.5656885147968
402,86,6.0,6.0,0.4152942499995607,1.0,24.27518970311156,55.65333279944784
418,862,4.0,4.0,0.44964795506983973,1.0,24.16133936897147,55.58730621061032
477,471,5.0,4.0,0.4271722004996901,1.0,24.264842960941376,55.81344600966644
1266,427,5.0,5.0,0.27812737367178975,1.0,24.190941603494693,55.812380396603984
378,1405,5.0,5.0,0.6842532669538826,1.0,24.088709151756063,55.60682792772419
604,1071,7.0,7.0,0.6509091408101271,1.0,24.32112351175135,55.7574859690909
1252,342,4.0,4.0,0.5434047248761928,1.0,24.16511168301864,55.63408618161433
1456,700,4.0,4.0,0.5607597492051299,1.0,24.349971117849876,55.76025320618019
150,1290,5.0,5.0,0.3337693179747191,1.0,24.337417568776026,55.747711826501245
431,967,5.0,5.0,0.5573191328056379,1.0,24.12178049883347,55.70256524078926
1160,1197,7.0,7.0,0.46287237157410066,1.0,24.079376430530914,55.71700513147218
261,756,5.0,5.0,0.5581816952620905,1.0,24.219012789818954,55.77887567747275
638,544,6.0,6.0,0.513493460413524,1.0,24.250533570104174,55.63550170716413
800,136,7.0,5.0,0.4567194579275003,1.0,24.14834709377749,55.838765329333725
455,575,7.0,4.0,0.5562860166072636,1.0,24.11628699606561,55.87764658805486
1144,631,5.0,1.0,0.7149769870227491,0.8906335419714105,24.321662588008973,55.83807111422389
699,1290,5.0,5.0,0.38029546089640553,1.0,24.338366577435195,55.760839963174476
902,1162,5.0,4.0,0.5774229549601245,1.0,24.293110696213358,55.8485200327344
1060,1458,6.0,6.0,0.5296847284670845,1.0,24.30040012725401,55.765463016435326
1323,454,5.0,5.0,0.3880456019629752,1.0,24.148224900445538,55.757991829207356
1174,397,5.0,5.0,0.4314124586536965,1.0,24.22969362780739,55.57544496931813
687,629,8.0,5.0,0.4606619002850343,1.0,24.103699340387642,55.620726189518564
1257,1016,5.0,5.0,0.45537477599742937,1.0,24.149200010366794,55.62021574491481
614,356,5.0,5.0,0.42000112263414646,1.0,24.15606259228228,55.81448968737497
285,798,5.0,5.0,0.4430397576578432,1.0,24.27729170789718,55.57885709951243
473,1022,7.0,6.0,0.2629027518910744,1.0,24.192281811354903,55.673179733671496
1084,1172,6.0,6.0,0.4252503139142433,1.0,24.220711545906067,55.82653937166322
815,203,5.0,5.0,0.5966014545703431,0.8139278839145405,24.078637427106138,55.86306681160797
1034,1351,6.0,6.0,0.3411498403136149,1.0,24.278408510639117,55.77539633722234
2,467,6.0,6.0,0.3285696803219206,1.0,24.13677621642034,55.80515747679022
879,167,5.0,5.0,0.4562687154701654,1.0,24.263805357742324,55.81464160537625
829,69,5.0,5.0,0.7606461892885982,0.8375278398253779,24.334440530051406,55.721211768031424
710,479,6.0,5.0,0.4339954991729818,1.0,24.331002305280595,55.60733674595866
1366,345,7.0,4.0,0.08813853058103653,0.5,24.09523688841202,55.861391335672224
20,1290,5.0,5.0,0.41056379052549663,1.0,24.35802469600978,55.74918040273221
373,65,5.0,5.0,0.6184982346428205,1.0,24.169408576874094,55.68630934882623
978,1292,5.0,5.0,0.5931867942509028,1.0,24.282220366995908,55.723613138076956
835,147,5.0,5.0,0.29728769298259583,1.0,24.224120180042913,55.70134766934895
618,1336,5.0,5.0,0.5393495293008654,1.0,24.278279559425545,55.55522662382468
1043,509,5.0,5.0,0.4786118489927425,1.0,24.27366852381842,55.57801454434191
662,1260,7.0,6.0,0.5013514068449328,1.0,24.173209372449882,55.646994025806634
557,677,4.0,4.0,0.683479197257667,1.0,24.307644066006194,55.82873753744348
1115,341,3.0,3.0,0.4317767969101006,1.0,24.237699972479493,55.70891609369913
270,732,5.0,5.0,0.6487244060169296,1.0,24.27539157114662,55.57146772006798
118,72,6.0,6.0,0.6217503503454691,1.0,24.19027208987707,55.82430177810023
907,255,8.0,5.0,0.5332339848532907,1.0,24.28923975119785,55.873360177195636
338,1261,6.0,6.0,0.5524074580569527,1.0,24.155315951610095,55.87993173726327
1276,857,6.0,5.0,0.4608418804576433,1.0,24.05718413822069,55.69127214245167
1100,892,7.0,5.0,0.5350821090767222,1.0,24.237881681698617,55.85174403479226
799,307,5.0,5.0,0.45414711907998967,1.0,24.297364160849348,55.877432537500965
1494,812,7.0,5.0,0.392492760198098,1.0,24.091446493456377,55.71230579116319
96,624,6.0,5.0,0.4030943585098243,1.0,24.34189132097088,55.664958650523715
1236,1272,7.0,6.0,0.5745838867372661,1.0,24.291373426217675,55.76364046432262
200,369,5.0,5.0,0.41227758315721497,1.0,24.23877927476643,55.90131683940923
745,667,7.0,5.0,0.3881158701696933,0.9929554894359843,24.069976833219897,55.65602853760751
471,958,6.0,5.0,0.5130805074695035,1.0,24.257349427330674,55.632254771047805
937,1013,5.0,3.0,0.5463215605439893,0.1198888786748965,24.334825637801853,55.88413667856947
804,985,4.0,3.0,0.5394619389284422,1.0,24.19280229349612,55.81467298034443
473,869,5.0,5.0,0.4779771929387271,1.0,24.19909425843497,55.66974117555924
520,237,6.0,6.0,0.5638860942305086,1.0,24.15447077514422,55.82216291572105
922,822,4.0,4.0,0.6229311702866209,1.0,24.187019374889548,55.758001952632455
904,1150,5.0,5.0,0.6125284670423694,1.0,24.158053292739197,55.76428595182049
1170,1078,5.0,5.0,0.5292513914552381,1.0,24.073472500169693,55.87105458376111
1485,1253,4.0,4.0,0.5523886011651961,1.0,24.125789747090504,55.83562132439368
435,997,5.0,1.0,0.0659545493184747,0.26420444969760193,24.101647006851596,55.659087405711155
57,333,6.0,5.0,0.3770129950803006,1.0,24.07177266522857,55.61362626048205
773,10,5.0,5.0,0.6315403541573602,0.9726808321794652,24.339813870809376,55.626725629501905
761,105,7.0,4.0,0.5530876621032118,1.0,24.201206690444383,55.89404063188141
881,730,4.0,4.0,0.657050766568325,0.9492365075066417,24.100529368908045,55.71972165386847
686,615,6.0,6.0,0.590107929731882,1.0,24.322953522766877,55.808411143549215
231,1318,8.0,4.0,0.45438727267391865,1.0,24.164479591812565,55.74876400897201
1236,946,4.0,4.0,0.45152948291533035,1.0,24.293144870271234,55.76461948343649
1341,332,5.0,3.0,0.3390494183699015,0.3554790659093161,24.33282890998861,55.783461050755676
464,888,7.0,3.0,0.5933165912284105,0.5,24.190703655779775,55.85761004749952
858,784,5.0,5.0,0.3940694647466812,1.0,24.361304461711615,55.544180388036146
288,1119,5.0,5.0,0.5997814402856566,1.0,24.184268271762324,55.67728253782294
835,453,5.0,5.0,0.6745764401339296,1.0,24.228991987652446,55.711013919754166
1221,1133,6.0,5.0,0.5039715826354203,1.0,24.111376915015754,55.80952827672949
795,1257,7.0,5.0,0.6296673958563715,1.0,24.285918138625945,55.83018701934804
1469,347,5.0,5.0,0.44332047182756296,1.0,24.18220259090088,55.871263870477
270,287,6.0,6.0,0.46842211702802916,1.0,24.281577078379883,55.56768524429223
392,276,4.0,4.0,0.6882188519196222,1.0,24.180765417869825,55.82431615992816
332,1460,5.0,5.0,0.6252061214582892,1.0,24.11811853161954,55.56397498254457
719,918,5.0,5.0,0.5416537251433148,1.0,24.09886137867933,55.7377654589896
884,1195,6.0,6.0,0.46901625871456765,1.0,24.315976873188184,55.8140564086922
1337,624,6.0,1.0,0.3178399102307751,0.06393565375819538,24.356363499528957,55.636488239805196
216,844,6.0,4.0,0.5530669733530589,1.0,24.32706713733917,55.80760016144423
1118,327,7.0,6.0,0.3346412010188451,1.0,24.17792876863042,55.62011810912011
566,1131,5.0,5.0,0.47159589410379205,1.0,24.220062473780963,55.5807636474032
494,727,7.0,5.0,0.4653888635024787,1.0,24.292448033781902,55.67684604954087
1065,1422,7.0,3.0,0.3574045512481294,1.0,24.27645397384564,55.749896495557635
1302,269,6.0,4.0,0.45350831981102135,1.0,24.10623139627025,55.791303635525885
878,473,4.0,4.0,0.5761616772369824,1.0,24.182916059281364,55.68881560780587
1294,383,5.0,5.0,0.2362558147388939,1.0,24.156762534544402,55.88958347901434
960,1225,6.0,6.0,0.5634750895989957,1.0,24.10559950497374,55.77277601764209
1281,533,6.0,6.0,0.4140566690825454,0.5535090452360134,24.34481486748269,55.69646423964586
528,107,3.0,3.0,0.6273603542760654,1.0,24.297726380131525,55.76113216903061
1034,1050,6.0,6.0,0.5242952030178449,1.0,24.27807194539465,55.76940691365766
329,32,8.0,7.0,0.6536466811244261,1.0,24.275843464218983,55.67711753269804
1339,1300,5.0,5.0,0.5867978979220726,1.0,24.147552712940875,55.620505601985855
1297,1393,5.0,5.0,0.5270376699735864,1.0,24.257468835672654,55.68932517357037
288,1441,6.0,6.0,0.4696725966644879,1.0,24.192398971882096,55.676890831566
165,978,6.0,6.0,0.5051026637083015,1.0,24.19674249277032,55.56866782999144
604,91,6.0,6.0,0.5971271506686044,1.0,24.316982471808675,55.76331355474421
990,1141,6.0,6.0,0.5223229753214991,1.0,24.32816598470149,55.64951625797065
632,677,4.0,4.0,0.41288221405553405,1.0,24.34765892433133,55.80974079609633
890,942,6.0,5.0,0.4267874320296235,1.0,24.14443513710299,55.58046397965203
632,1212,5.0,5.0,0.5554970192734372,1.0,24.340240206984035,55.814319646832296
415,242,7.0,5.0,0.5228154298005963,1.0,24.331340059036123,55.777669867368466
115,531,4.0,4.0,0.4423248546454114,1.0,24.090112984012364,55.679287271784816
1035,690,7.0,5.0,0.53175612935993,1.0,24.31994466172077,55.62702025731451
1161,206,7.0,6.0,0.43653343090423535,0.8866764156548934,24.20986610517552,55.65448493471643
668,843,6.0,5.0,0.4756109496316576,1.0,24.237687360752442,55.63948302146923
160,659,5.0,2.0,0.41071414568716924,0.007472459224171668,24.31870424835472,55.755870064933596
984,1479,7.0,6.0,0.5584319139715735,1.0,24.207364783431217,55.8827140114595
1374,1253,4.0,4.0,0.46141872221288965,1.0,24.163608805380775,55.87798982207196
575,630,7.0,7.0,0.4342520733806367,1.0,24.26689510572146,55.54564920277772
778,636,6.0,5.0,0.2781948682257695,1.0,24.15077334147767,55.798459035167404
72,406,6.0,2.0,0.16494212763369193,0.5795361110244409,24.149584290705576,55.60235551385569
1270,1359,6.0,6.0,0.3327406687011383,1.0,24.12138008721774,55.77828710585222
378,788,5.0,5.0,0.5196048439817165,1.0,24.088390782601625,55.606406072395615
1210,747,6.0,5.0,0.4419130813571917,0.9311705935186229,24.147330253225046,55.769969653495885
1339,59,6.0,4.0,0.3631819963574081,1.0,24.151481270899886,55.62620242255652
414,1368,5.0,2.0,0.5085195418936757,1.0,24.17754264518435,55.635197868612565
1209,570,6.0,5.0,0.4771163080848661,1.0,24.2695557585637,55.72167777792748
1301,437,6.0,5.0,0.6166592521644529,0.9468760087911818,24.29503049035038,55.784579354694436
579,1478,6.0,5.0,0.49139512499480675,1.0,24.226317877302915,55.71623337725877
841,698,5.0,5.0,0.4476715027068038,1.0,24.172265622915695,55.77346512798314
799,443,6.0,5.0,0.573586315988856,1.0,24.288218998691768,55.88417355275979
1194,1068,6.0,5.0,0.4840402913805226,0.6750885621221931,24.191990070675487,55.829300088744624
352,1426,6.0,6.0,0.4767352470325323,1.0,24.220010757718587,55.86029024355996
1405,478,7.0,7.0,0.4937101159896276,1.0,24.33813734940955,55.60367125114185
576,196,7.0,6.0,0.48588378699855134,1.0,24.07309464491284,55.636433564570645
567,327,7.0,6.0,0.5173837572712067,1.0,24.216260650821113,55.59039379831615
362,1154,6.0,5.0,0.5826779939197402,1.0,24.152176423883613,55.650207846643106
1067,250,4.0,4.0,0.22671686106638,1.0,24.13531107919579,55.725279566327515
4,398,6.0,6.0,0.6204164112424005,1.0,24.32540845160624,55.60743649546379
969,801,5.0,5.0,0.29100461267657574,1.0,24.34448370455274,55.62335140971557
1020,1174,5.0,5.0,0.5262819884400932,1.0,24.18302203909176,55.66703038393335
371,451,6.0,5.0,0.6123418970295947,1.0,24.15386544790768,55.72119798069955
1364,623,5.0,5.0,0.5291557873279265,1.0,24.21820257678369,55.77718898552931
866,569,5.0,4.0,0.4395855401164754,1.0,24.198107591760447,55.583784037994576
1049,934,8.0,6.0,0.4090929598857694,1.0,24.108379125819063,55.63746070612039
513,806,5.0,5.0,0.5121419380880258,1.0,24.055934891073303,55.67099911459583
1224,1186,5.0,4.0,0.37783522852490065,1.0,24.09104682185427,55.71376439998132
778,1277,5.0,5.0,0.5675773091217747,1.0,24.145733076930632,55.80149619140611
277,293,6.0,5.0,0.6726620253926932,1.0,24.172054006812903,55.78037446868479
250,201,5.0,5.0,0.7127347987243715,1.0,24.25215057173264,55.58210194866474
47,814,5.0,4.0,0.582768059745956,1.0,24.088622808731266,55.81904627797752
1387,581,6.0,5.0,0.5612300326713223,1.0,24.12235318389342,55.769608113425996
365,1013,5.0,2.0,0.20843834237964423,0.3073402266180463,24.290442075779684,55.860901846119866
372,280,5.0,4.0,0.3480218974426824,1.0,24.20179867193439,55.553103293447954
332,988,5.0,5.0,0.44448447004195174,1.0,24.114132889180716,55.571370575112226
131,596,7.0,1.0,0.6928229473498487,0.1938642205237059,24.325251631281915,55.56543989965084
1055,1372,7.0,7.0,0.29018179877355144,1.0,24.302565514211082,55.80100633575869
136,10,5.0,4.0,0.36278240496026126,1.0,24.352648789528462,55.69078334929202
1228,231,5.0,5.0,0.5184224062760053,1.0,24.11713784654952,55.85560550329898
894,670,6.0,6.0,0.6309740426090201,1.0,24.223635104617692,55.72406930682677
511,907,4.0,4.0,0.5674924116046886,1.0,24.157738634700774,55.58630184345685
414,414,4.0,2.0,0.29889647205414016,1.0,24.18005071543382,55.64089165605409
1142,620,6.0,5.0,0.4938071517649911,1.0,24.144961508186107,55.64073935998534
841,104,5.0,5.0,0.49550311074256476,1.0,24.178892793262328,55.76800593566483
888,845,7.0,1.0,0.5645554851936478,0.4135044837235162,24.23229515355611,55.83153400864733
708,124,6.0,6.0,0.48064774771213514,1.0,24.135391126575932,55.624144339322385
865,650,6.0,6.0,0.48161150961849925,1.0,24.175216178822897,55.69375511037513
110,769,6.0,6.0,0.4953734309371146,1.0,24.07369989443494,55.862897011717294
306,1201,5.0,1.0,0.12212270893969723,0.23396954870256625,24.103650742531347,55.57970352768964
1346,1063,4.0,1.0,0.8538816768382491,0.07745166021805411,24.301168512817927,55.856738685366274
822,952,7.0,5.0,0.6040322273497964,1.0,24.2931610171996,55.610552238725845
724,969,4.0,4.0,0.5096556530802357,1.0,24.310096699784708,55.852108833108986
1308,1185,4.0,4.0,0.3897556428409623,1.0,24.274171956850562,55.8831119859345
307,1121,6.0,4.0,0.6264418142421236,1.0,24.259274529986484,55.68980721793202
311,1112,5.0,3.0,0.9594583495427005,0.09486268360889466,24.204261459583503,55.88836833173031
1349,42,5.0,4.0,0.5136259059989234,1.0,24.369213840229158,55.835332171812624
1459,1056,7.0,3.0,0.17656797520357584,0.5305662482671939,24.148376288457573,55.61324394885705
1016,399,4.0,4.0,0.5091546493564689,0.8127877135345892,24.09418872560928,55.82125998744406
1076,392,6.0,5.0,0.4402585683115954,1.0,24.259618951758597,55.556618137969366
162,1201,5.0,5.0,0.38995222267039437,1.0,24.097026354422347,55.57908233735524
599,473,4.0,3.0,0.4514717751683779,1.0,24.21793019857899,55.71179697689241
1333,37,4.0,4.0,0.6784682395308885,1.0,24.210309419110708,55.55385913447063
1351,1320,5.0,5.0,0.3963486111382222,0.8546506447057431,24.10282728676562,55.644597864998254
1421,373,6.0,5.0,0.38303489396018,1.0,24.20051893758794,55.77573739572911
1307,1312,5.0,5.0,0.5692013130502399,1.0,24.2705709612402,55.70356048743092
745,209,7.0,5.0,0.7067276287214481,1.0,24.079065907166488,55.658488459830394
998,604,7.0,5.0,0.5187884038530112,1.0,24.310756577796596,55.57062278395853
1236,554,5.0,4.0,0.6101951257054303,1.0,24.296780640153766,55.75949842181207
734,1035,5.0,4.0,0.529064483096487,1.0,24.257361658490133,55.82197628543214
582,406,6.0,6.0,0.6681339096537429,1.0,24.158346575645293,55.57508919838075
132,693,4.0,4.0,0.4851840889076112,1.0,24.069877869019972,55.89887813585162
118,1329,4.0,4.0,0.49377904089568536,1.0,24.189445671938362,55.82020198231097
471,878,5.0,5.0,0.4352581397667279,1.0,24.256531880389936,55.62333150855271
1185,672,6.0,5.0,0.49712407663364305,1.0,24.149493289113103,55.88352870722335
1095,426,4.0,3.0,0.4868404984642488,1.0,24.258731645911894,55.57703029467043
1415,747,6.0,5.0,0.44437008308258075,0.9415924800840691,24.193652044739594,55.744650230311926
221,136,7.0,6.0,0.38100867563788493,1.0,24.092821432761305,55.86334988522596
599,337,5.0,5.0,0.39262960904612765,1.0,24.208366316556802,55.70382259849302
458,123,6.0,6.0,0.6127826491457625,1.0,24.08608600430903,55.78118535358558
410,1477,5.0,5.0,0.4362149710660305,1.0,24.176256933050027,55.60318111012437
863,237,6.0,5.0,0.555891514834792,1.0,24.122299306599537,55.82157933239259
940,290,6.0,4.0,0.5481292346258065,1.0,24.198721697042462,55.711070056136755
1279,1494,4.0,4.0,0.552544928167334,1.0,24.34137907980215,55.654360807016836
110,261,4.0,4.0,0.556265933637721,1.0,24.063745775504085,55.86284655707618
307,1437,5.0,5.0,0.43111347461887967,1.0,24.26778733867128,55.68627654214823
1179,255,8.0,6.0,0.5374983580622665,1.0,24.33718134535158,55.865146012395286
458,1128,5.0,5.0,0.5120554419231202,1.0,24.092382919110644,55.78569905203638
609,499,5.0,5.0,0.43378796146741244,1.0,24.164861542414517,55.63820987773502
126,154,6.0,5.0,0.5253012184760419,1.0,24.117107430107932,55.743395723378136
1018,776,5.0,5.0,0.3502932118030002,1.0,24.271546920019354,55.74478363505541
3,192,4.0,4.0,0.5086555251987894,1.0,24.14742738852416,55.84407787539368
766,396,7.0,7.0,0.48574713843493256,1.0,24.351671493975633,55.66810673686562
1032,502,7.0,5.0,0.5425021696512189,1.0,24.11041587640104,55.82965146536994
929,241,6.0,4.0,0.5891917156167047,1.0,24.196241397291967,55.5495438141929
715,1102,5.0,4.0,0.5322139841583667,1.0,24.12993087607134,55.74860430940116
1294,1253,4.0,4.0,0.43158666013347724,1.0,24.158563184185475,55.88631439859418
87,967,5.0,4.0,0.5014531703998274,1.0,24.09425198530978,55.68882115546921
1246,271,6.0,5.0,0.5387573504520915,1.0,24.230004470164715,55.80536193529739
201,1336,5.0,5.0,0.4302248346266231,1.0,24.25941716625918,55.61869578811852
706,1184,5.0,2.0,0.9437355050296107,0.6977635100331729,24.210632116929684,55.69089612160782
411,1137,6.0,6.0,0.6681785417652025,1.0,24.08796181519673,55.716650615769986
50,1033,5.0,5.0,0.23240454092940172,1.0,24.32327602111071,55.60015501425674
481,1299,4.0,4.0,0.5212481763353047,1.0,24.18489500011622,55.825599752064754
493,398,6.0,6.0,0.5435020141062389,1.0,24.298976602742105,55.627244650796506
123,373,6.0,6.0,0.4706408121906665,0.912463185452882,24.198604841487153,55.765576691785725
1339,656,7.0,4.0,0.49712896751630503,1.0,24.154104232706324,55.632016032741056
528,944,5.0,5.0,0.45017995004924527,1.0,24.300174514071337,55.75946967366434
1382,11,7.0,5.0,0.41045122128753136,1.0,24.17951824470486,55.68576349043061
1017,1276,4.0,4.0,0.3239406412887964,1.0,24.33795944535741,55.62361677558072
1327,1304,5.0,5.0,0.6889614294465483,1.0,24.22023579481775,55.67480216108057
992,1024,7.0,6.0,0.5743458716235156,1.0,24.119027549684002,55.70668160153713
790,278,6.0,6.0,0.49476254145376736,1.0,24.32100059965208,55.79663007442994
1190,460,5.0,5.0,0.5304551794401248,1.0,24.188699855274972,55.570685621423735
1451,1223,6.0,6.0,0.5492019299758039,1.0,24.348725643640478,55.638050910960985
1437,1392,4.0,4.0,0.40761353048407833,1.0,24.11752959452852,55.851089258278286
752,176,7.0,5.0,0.37238640797462785,1.0,24.129758843335857,55.575377099185964
51,780,4.0,4.0,0.4929344729583414,1.0,24.323603910365673,55.714787641022774
349,226,4.0,4.0,0.3942990238704305,1.0,24.279728806937754,55.58103794057048
780,478,7.0,7.0,0.7081246369919233,0.9072665323536471,24.312012890672587,55.66613950748048
569,271,6.0,3.0,0.7908672876881248,0.6470858825171879,24.2980133953847,55.859373442908684
867,770,6.0,5.0,0.5214663949572833,1.0,24.094786895770923,55.77829000125321
1035,989,4.0,4.0,0.5269847541732029,1.0,24.318271379278656,55.63028212950895
669,133,5.0,5.0,0.6004945904871836,1.0,24.197572672805425,55.593331879874206
1065,1497,5.0,5.0,0.4544706791172361,0.8373939879591517,24.270862111167382,55.74589648262063
271,1195,6.0,5.0,0.4594399542772615,1.0,24.318144169199105,55.76696686036376
799,46,4.0,4.0,0.5092446409094895,1.0,24.288949487316657,55.88464701402452
710,378,3.0,3.0,0.496851613023732,1.0,24.34037952727003,55.61510108946582
653,555,7.0,4.0,0.30617822267329353,1.0,24.296565310002798,55.86754095671228
1305,57,6.0,5.0,0.4843566742921182,1.0,24.16197532864117,55.87203725667347
270,1030,6.0,6.0,0.5061996112192131,1.0,24.2772354019317,55.56152475170797
943,957,5.0,5.0,0.580307077438496,1.0,24.089926461020386,55.836328403186634
1364,741,7.0,6.0,0.5064595786991756,1.0,24.226226057656696,55.780208343780366
163,1498,5.0,5.0,0.5826943748638419,1.0,24.301312385814292,55.60395560862731
20,1483,6.0,6.0,0.638507681952769,1.0,24.34912113307026,55.742491345343964
1297,405,6.0,5.0,0.43739719945442346,1.0,24.254989229900303,55.67943468302893
1200,1216,4.0,4.0,0.27291408439533493,1.0,24.28669474679383,55.78955215256206
1365,1495,6.0,4.0,0.7024024298037566,1.0,24.113201660965384,55.86150871216895
446,13,6.0,6.0,0.4791836792062476,1.0,24.343128129873858,55.7975246584477
216,953,5.0,5.0,0.4614287893637779,1.0,24.321326671272228,55.79791776300068
788,1320,5.0,5.0,0.4349896004331742,1.0,24.089285923854906,55.67616056728839
458,455,7.0,5.0,0.5470014268228602,1.0,24.093403367575064,55.784276963154554
1485,1083,5.0,4.0,0.4082236832044767,1.0,24.13222474143303,55.82994858538507
879,437,6.0,5.0,0.37683542698120176,1.0,24.254726307812682,55.81669584621909
1067,906,7.0,6.0,0.3735689401619699,1.0,24.144837689035146,55.716466221647984
1433,1388,6.0,5.0,0.3678940060206984,1.0,24.313748790134895,55.565407027469945
1021,607,6.0,5.0,0.39147690037746574,1.0,24.2864942986419,55.86282792758681
984,1398,6.0,4.0,0.4679405279401121,1.0,24.211111841385662,55.878761505154
1379,1282,5.0,5.0,0.462703927274103,0.7922835432298174,24.307053784472508,55.68512118929109
122,681,7.0,6.0,0.6067200357133686,1.0,24.322122329879505,55.69503753474772
1009,1253,4.0,4.0,0.2762589652519695,1.0,24.13874286778076,55.83054864667647
1034,753,6.0,6.0,0.4828252121682144,1.0,24.27467098793713,55.76968830593469
1149,717,6.0,6.0,0.6025786711350621,1.0,24.14237054844914,55.63128102027873
624,821,4.0,4.0,0.4711891820244072,1.0,24.221726133147136,55.77835204949097
1204,362,5.0,5.0,0.5851486528164944,1.0,24.27932731978031,55.873476518979274
785,653,7.0,5.0,0.6131141892826494,1.0,24.14284765882185,55.59612796674441
761,535,5.0,5.0,0.39351352731435363,1.0,24.19524833130597,55.88888545592906
1311,281,6.0,1.0,0.8401720750530615,0.30601269376869433,24.11831386791175,55.77392177341138
943,487,7.0,4.0,0.44575490349573144,1.0,24.099120208206262,55.8339945036929
1138,917,7.0,6.0,0.3730586172026328,1.0,24.17606771678902,55.7382737350025
1097,192,4.0,4.0,0.40961162834790943,0.633803717833252,24.138723375029443,55.81383978995224
356,1392,4.0,4.0,0.49728344541337965,0.49969592072534874,24.108395423719426,55.84043447512679
1124,1305,6.0,4.0,0.4338328691041381,1.0,24.230527513972884,55.693251299507544
329,695,6.0,6.0,0.6891350102615055,1.0,24.277689310236717,55.67844818753242
1359,365,6.0,1.0,0.8021193882340564,0.46737326103364973,24.208844162971882,55.89430008193679
285,1,4.0,4.0,0.5806276094646283,1.0,24.272432604158563,55.5839275372694
553,632,7.0,5.0,0.6781189446475944,1.0,24.252033468496577,55.84011267563057
1499,1194,5.0,5.0,0.5196195421704803,1.0,24.187160056714692,55.85971473298906
734,7,6.0,5.0,0.4255510588397535,1.0,24.248287445294036,55.822870245360825
1212,1366,4.0,4.0,0.568226686343132,1.0,24.17919655450576,55.54346551633053
805,904,6.0,5.0,0.5660798407276092,1.0,24.101333675577198,55.80971018528673
1105,1297,5.0,4.0,0.4053484425721393,1.0,24.2632429594281,55.87039360841663
726,14,5.0,5.0,0.47257219643447473,1.0,24.302343664799224,55.59608894898806
1363,815,6.0,5.0,0.4181065852359047,1.0,24.234712736592293,55.80619507107703
1150,1460,5.0,5.0,0.4251668484288731,1.0,24.136439228448275,55.59587940543807
1009,311,5.0,5.0,0.49350162594786295,1.0,24.1457655638355,55.83881420941709
552,1308,4.0,4.0,0.5653040509895374,1.0,24.19621483924605,55.81783486785358
65,1113,7.0,4.0,0.43829411421179776,1.0,24.1419383659279,55.668716555495266
1459,966,5.0,2.0,0.013650345922909271,0.18709168036491503,24.15112987437403,55.60539391026947
436,79,3.0,3.0,0.6061653655835761,1.0,24.31450609993644,55.865356195283525
689,649,5.0,5.0,0.3954445581016212,1.0,24.191782109762848,55.63056318210041
30,1392,4.0,4.0,0.6755106983702895,1.0,24.14089492993165,55.896023320157916
991,63,4.0,4.0,0.5978564053063623,1.0,24.23238815840776,55.68826023584751
967,784,5.0,5.0,0.4450099634868321,1.0,24.322572252772165,55.595893478475695
285,1131,5.0,5.0,0.46692564518758206,1.0,24.266917507942335,55.589832381387126
800,779,6.0,6.0,0.3500868635291542,1.0,24.144966208224734,55.83066319244138
1130,735,5.0,4.0,0.5644110062687765,1.0,24.322009690315,55.871288562963315
1224,721,6.0,4.0,0.39134882771100404,1.0,24.083750855523416,55.706639454713006
382,488,4.0,4.0,0.48012460833877824,1.0,24.1581655867587,55.70153090157835
113,671,4.0,4.0,0.6479257682040922,1.0,24.092498857575055,55.593522603589605
1060,1326,4.0,4.0,0.43032750186785673,1.0,24.30388225612234,55.76669272637033
576,707,6.0,5.0,0.6238652085410737,1.0,24.063139042615077,55.63800830346434
671,254,6.0,6.0,0.7698204752334663,1.0,24.220912226707323,55.70721948624209
206,1359,6.0,6.0,0.5027767408858562,1.0,24.061077628021895,55.78091332952231
1138,1386,6.0,4.0,0.44547893246178427,1.0,24.16623138449644,55.73760855453017
1271,1232,5.0,4.0,0.380451344187405,1.0,24.146671183693513,55.569954850900466
683,421,5.0,5.0,0.5461311074676788,1.0,24.196903151391428,55.60298572968332
1092,234,3.0,3.0,0.5792920458896063,1.0,24.220818151676337,55.66356391012521
1023,183,5.0,5.0,0.6433409931941376,1.0,24.319579459028745,55.59350243317427
503,600,4.0,4.0,0.4742557378539548,1.0,24.16017474453192,55.6807338885372
391,793,6.0,1.0,0.24740945901085232,0.5,24.250784641543145,55.70402217215524
576,452,5.0,4.0,0.4950181156268328,1.0,24.056246895055985,55.63735278452297
1393,260,6.0,3.0,0.459923272130389,1.0,24.266480480876428,55.66925831875442
1131,391,6.0,1.0,0.923467141972366,0.27007127623601773,24.206875463689222,55.80119279429994
1374,993,5.0,5.0,0.6218244187354502,1.0,24.15835805856063,55.87336895828801
24,1085,8.0,5.0,0.4717297200533442,1.0,24.088002363572844,55.58033534613902
1188,842,7.0,5.0,0.6783202121388263,1.0,24.16832448997172,55.596533091384416
407,144,6.0,5.0,0.7332292418154197,1.0,24.30927720640214,55.82789509467563
850,681,7.0,5.0,0.5370785738923487,1.0,24.339842577242095,55.70872598351653
604,317,5.0,5.0,0.4146113215239495,1.0,24.32353029958572,55.76072966813391
442,449,7.0,7.0,0.47665827959086227,1.0,24.116330370867907,55.89341361006118
1009,1204,6.0,4.0,0.483939806727158,1.0,24.152367265408255,55.82895482283182
798,1080,7.0,6.0,0.6473809855685283,1.0,24.1858814824213,55.567656055672266
1388,293,6.0,4.0,0.461115475269114,1.0,24.175417147298386,55.811229390842094
788,850,6.0,5.0,0.46739370011368836,1.0,24.095666787092565,55.68546631001968
184,588,5.0,5.0,0.5374486770408174,1.0,24.310382204313512,55.7237629777399
1065,174,6.0,5.0,0.5770731628426455,1.0,24.272112587899706,55.751373032651514
1036,52,4.0,4.0,0.42872707406625055,1.0,24.321659401078055,55.84046002848782
397,178,6.0,5.0,0.45077544537964476,1.0,24.161867276660217,55.63441214114005
608,389,5.0,5.0,0.4243490404175729,1.0,24.28557327566322,55.89599888716049
470,152,6.0,6.0,0.4601057890721233,1.0,24.313901930660254,55.77048283394996
1330,1067,6.0,5.0,0.5093537924105102,1.0,24.25451852852103,55.71034886758109
977,1035,5.0,5.0,0.5342559894756521,1.0,24.262425098989336,55.78723543263096
382,710,4.0,4.0,0.6727734230162805,1.0,24.15869733166455,55.706502417228286
547,628,5.0,5.0,0.6836165034241776,1.0,24.304929579541934,55.63864488705843
1368,1476,6.0,5.0,0.6251633423640891,1.0,24.334450759135724,55.63790537683668
1266,1281,5.0,5.0,0.4771678896961619,1.0,24.198228291557474,55.8079594164006
141,1088,4.0,2.0,0.7040631020179647,0.6603798254133766,24.32099764094263,55.77405783979626
904,771,5.0,5.0,0.4613607076701163,1.0,24.161912485373744,55.75988767771432
1476,1374,4.0,3.0,0.2401048307221605,0.49891352685485585,24.14130894106741,55.848704687297655
253,776,5.0,5.0,0.5944776720570809,1.0,24.29560748065814,55.69215690792811
773,868,6.0,5.0,0.6306579524580969,1.0,24.33446205912145,55.63538127135775
285,119,7.0,7.0,0.5868100085151893,1.0,24.26550466563882,55.586637658381825
1257,579,6.0,6.0,0.6268654302866044,1.0,24.153357916372087,55.61111471800585
1155,1022,7.0,4.0,0.44223120738331023,1.0,24.144530147963152,55.69455781959026
197,622,6.0,1.0,0.6468664688245067,0.23825736690756938,24.234177710984106,55.57827102373564
555,500,5.0,3.0,0.4016566136509505,1.0,24.103962310023537,55.785163810398736
514,18,6.0,4.0,0.6109341977817773,1.0,24.293818381656294,55.84342907844301
1169,821,4.0,4.0,0.3514877033591851,1.0,24.218076882484375,55.83076333752396
26,247,5.0,4.0,0.3905233270711252,1.0,24.350411609915373,55.55211381212637
690,84,6.0,1.0,0.0033482453695754086,0.03227892219763179,24.326846971868587,55.67157183437369
460,480,6.0,6.0,0.3992223537327677,1.0,24.31811500189929,55.843443537601246
1049,1368,5.0,4.0,0.6401834381327569,1.0,24.106200354101386,55.63089016753182
533,1401,6.0,5.0,0.4575344000860754,1.0,24.248325138115142,55.74384649877657
1434,579,6.0,4.0,0.648341741154457,1.0,24.160715799416568,55.62782805250661
1091,991,7.0,6.0,0.5043663194453223,1.0,24.086454024517977,55.81656357616634
1177,235,4.0,4.0,0.5846472840105528,1.0,24.1040351557061,55.702880005574094
244,1326,4.0,4.0,0.4813750533542284,1.0,24.30671954417572,55.785136404736335
1315,649,5.0,5.0,0.4162770961387252,1.0,24.237455118428866,55.696210182586185
1471,93,5.0,5.0,0.4476189759524265,1.0,24.212432784690566,55.66722892338764
461,65,5.0,5.0,0.47943820539303034,1.0,24.150820217473235,55.7238897685401
1307,973,7.0,6.0,0.3638357226813437,1.0,24.27332189239921,55.70380302500224
1374,672,6.0,5.0,0.5925801786841013,1.0,24.16051358364713,55.870226238251405
759,210,6.0,6.0,0.41943091090648443,1.0,24.085944578504215,55.68251479590759
1339,708,5.0,5.0,0.5078508835767818,1.0,24.16013600361406,55.632929192362845
313,457,5.0,5.0,0.4157661553986087,1.0,24.094546067791068,55.72041095275826
649,1101,5.0,2.0,0.6556501141409228,0.06950806956097533,24.316744854055145,55.790269850271834
1276,23,6.0,6.0,0.3541674800413374,1.0,24.06681978366627,55.6987853325957
226,1248,6.0,5.0,0.4172307964287331,1.0,24.331668820394878,55.644475972750385
582,350,4.0,4.0,0.543790272179386,1.0,24.15346713480575,55.57197222833585
80,57,6.0,5.0,0.3068516773453758,1.0,24.134604576882527,55.806592898864686
467,412,5.0,5.0,0.41592897494940767,1.0,24.270653555970632,55.63996300158981
1175,359,5.0,5.0,0.41580961406884526,1.0,24.189536335701646,55.56471344091343
1308,92,8.0,6.0,0.43951835681648915,1.0,24.282991067748746,55.8778580348331
868,1296,6.0,5.0,0.6580283035154372,1.0,24.168144755822308,55.82677661655558
370,930,3.0,3.0,0.4826437294321007,1.0,24.123607750871138,55.57694602182505
1173,1361,7.0,6.0,0.5809042864299561,1.0,24.299144058611468,55.76123879492459
1332,814,5.0,5.0,0.4446957818048546,1.0,24.08217826532685,55.77363820776415
930,1284,7.0,5.0,0.37829346623868176,1.0,24.1890916503653,55.59243225613447
1388,993,5.0,5.0,0.40642706906209775,1.0,24.169649301688917,55.805352201603036
1247,1334,4.0,4.0,0.5656207279621212,1.0,24.199768611991317,55.77751551731452
186,983,6.0,6.0,0.6871781195685238,1.0,24.075535555862867,55.76499896700306
989,790,5.0,2.0,0.7653744172476534,0.25696601346255965,24.342094594545873,55.74774626048343
376,1037,6.0,2.0,0.5842275040195788,1.0,24.146835716737364,55.85681992255363
1277,1203,5.0,5.0,0.5455422209434035,1.0,24.101426364453516,55.68320276432187
1294,634,6.0,6.0,0.3666432897856665,1.0,24.167869628547777,55.88625095894677
498,278,6.0,6.0,0.47436096530806254,1.0,24.294655081607505,55.777345210904954
894,669,7.0,5.0,0.5625870222525962,1.0,24.216066408003826,55.72654126461305
1442,691,4.0,4.0,0.4620002445947716,1.0,24.249578956813323,55.64301431478636
555,1225,6.0,6.0,0.6122646270822686,1.0,24.09766037990905,55.789355976823025
1190,1198,5.0,5.0,0.45561939825257997,1.0,24.187329624875254,55.5665696524519
1077,1030,6.0,6.0,0.5820898618463224,1.0,24.30609044755281,55.57969177141354
893,349,5.0,4.0,0.21930131980870088,0.029616350427769278,24.331605460232247,55.59113832018644
816,125,7.0,5.0,0.5912497404939094,1.0,24.156367870027637,55.641514068254104
1195,383,5.0,5.0,0.6621291491333026,1.0,24.143914908791857,55.8576467652459
515,1065,7.0,6.0,0.5720591466764675,1.0,24.31939174638461,55.82353557145005
1278,802,5.0,5.0,0.5936209839044388,1.0,24.088871881394873,55.76118670911541
43,1369,6.0,6.0,0.4687786698290815,0.9441861374805536,24.209101007666558,55.733884234687224
669,1321,5.0,5.0,0.5145486902279659,1.0,24.1890858305443,55.58430144299745
711,8,5.0,5.0,0.39739344456003634,1.0,24.133644255899554,55.57587720191985
799,417,6.0,5.0,0.4498090302701091,1.0,24.292585745297185,55.88581288057027
242,772,6.0,6.0,0.44000672824225784,1.0,24.225194348873217,55.7572996046318
436,1013,5.0,5.0,0.35352096011562034,1.0,24.31389056768393,55.87495879821409
937,338,3.0,3.0,0.8045721725135655,0.458200400579851,24.340645479364383,55.88320222583988
258,1480,4.0,4.0,0.5820200940506607,1.0,24.14255188667247,55.63602697250157
855,985,4.0,4.0,0.5602988473726006,1.0,24.149251668601263,55.83289222465387
1433,1317,5.0,5.0,0.4499925380765556,1.0,24.31958454642942,55.55865815685058
72,1265,4.0,1.0,0.030187517122614103,0.12925508380602224,24.156489933731095,55.600882086009975
277,518,6.0,4.0,0.4568281346287996,1.0,24.169033150567852,55.78127546227025
387,898,5.0,5.0,0.5173856044523059,1.0,24.15022373727869,55.801206897076234
1317,30,5.0,5.0,0.4326647610164801,1.0,24.24632047629239,55.637498864048894
1033,896,6.0,6.0,0.5908445329619009,1.0,24.150197695457408,55.86907342426068
469,763,4.0,2.0,0.3212216542125218,0.1923385876388244,24.061539185129615,55.78891536115302
950,117,5.0,5.0,0.37114743068952016,1.0,24.219085211337255,55.85388680345125
1277,1320,5.0,5.0,0.5298787813573967,1.0,24.097219763719927,55.67922116586078
470,1328,5.0,5.0,0.43580094871397224,1.0,24.30397919121788,55.771934522452064
1391,721,6.0,2.0,0.3123931896968627,0.020022128954365226,24.168603155091674,55.702181239095644
1393,116,6.0,5.0,0.6061101652037554,1.0,24.259859304411872,55.66047946122453
1246,1375,6.0,5.0,0.5035569780675023,1.0,24.229574030750612,55.79632747133969
1186,1105,6.0,6.0,0.5564899668057458,1.0,24.10788408371483,55.667816857070626
1319,253,5.0,5.0,0.5531763435314773,1.0,24.331080992531223,55.8290955955114
356,714,7.0,6.0,0.592533177667305,1.0,24.104747010415725,55.84508593305921
15,1175,6.0,5.0,0.5863654776560404,1.0,24.239902115607237,55.889655877551824
272,782,4.0,4.0,0.5995441649824947,1.0,24.180816660235557,55.57540165072324
929,978,6.0,6.0,0.47755183704954857,1.0,24.20611130375042,55.542517575097236
825,127,5.0,5.0,0.6216494105210276,1.0,24.13654739936351,55.75540861814002
1175,842,7.0,6.0,0.5144370721374182,1.0,24.187897501533428,55.56564441955264
188,891,4.0,4.0,0.39366986439849727,1.0,24.11062197038707,55.61360426791058
1389,282,6.0,4.0,0.5072468436598448,0.5,24.12614017840708,55.66378911069369
1308,78,6.0,6.0,0.4302870767993906,1.0,24.282057293465062,55.87899943000763
1249,19,7.0,5.0,0.6407294405986063,1.0,24.07052554026133,55.76213501247688
1458,1379,6.0,5.0,0.6008313840303416,1.0,24.055953464828825,55.56678199083524
455,945,5.0,5.0,0.3536393798910348,1.0,24.1254356189156,55.88660016918757
1429,560,5.0,5.0,0.5140379502668045,1.0,24.301923726419602,55.86480294631649
879,72,6.0,5.0,0.5152857027583951,1.0,24.26341180671824,55.812744111015114
1293,75,5.0,5.0,0.625707936558686,1.0,24.24680155612839,55.624133116928704
691,1241,6.0,5.0,0.03748162488608404,0.31785079630444657,24.063456617508283,55.77505193518574
58,1348,4.0,4.0,0.2823022818852421,1.0,24.209949103619333,55.83059975030565
845,1275,5.0,5.0,0.42687368174800494,1.0,24.129824803371857,55.73157048981591
681,1153,7.0,5.0,0.2994794534081517,1.0,24.248818914858546,55.89121494813005
868,1003,3.0,3.0,0.49277313049082383,1.0,24.16316607970522,55.83652561992286
58,1421,6.0,5.0,0.5469644238893709,1.0,24.215073016851548,55.83523176401941
191,1351,6.0,4.0,0.544103709802239,1.0,24.28243061284001,55.72995349796604
65,1300,5.0,5.0,0.1545731256341349,1.0,24.142074440184285,55.67657638591188
407,1212,5.0,5.0,0.38498299869595926,1.0,24.305869667708706,55.821241618461954
377,920,5.0,5.0,0.5840748745838665,1.0,24.207496497089046,55.568085023099755
697,244,6.0,6.0,0.5963532325184401,1.0,24.255676414054182,55.6406161407282
441,343,5.0,4.0,0.41414362034136215,1.0,24.330261947958025,55.672217863433666
110,1226,5.0,4.0,0.6019004943509139,1.0,24.07230735161608,55.87086654906735
1363,1491,6.0,5.0,0.5707240450887712,1.0,24.226450173000643,55.80626103264033
1308,555,7.0,4.0,0.3892540932110563,1.0,24.277433613751192,55.87586387353084
1365,873,4.0,4.0,0.4314465331015724,1.0,24.112579140529494,55.864582281332666
442,288,5.0,5.0,0.6447963118811882,1.0,24.125030453106767,55.901724206224166
1480,883,6.0,6.0,0.5023222611700908,1.0,24.106582541172415,55.67700745111593
219,309,6.0,5.0,0.5564236913364919,1.0,24.21909090021549,55.686109985220426
1338,791,6.0,5.0,0.5531659385415166,1.0,24.352988742420358,55.79362829863877
467,170,5.0,5.0,0.3788031128648356,1.0,24.26852158689249,55.64332696773615
418,1378,5.0,5.0,0.6057904225395208,1.0,24.161256572623774,55.58657857945139
1276,806,5.0,5.0,0.4954051025957817,1.0,24.06005461379904,55.70777837226075
668,322,4.0,4.0,0.5180871051532101,1.0,24.231374953305313,55.6400450581818
543,92,8.0,4.0,0.6814768354866663,0.9716732596181745,24.300092623767714,55.90790500803965
272,597,4.0,4.0,0.5230170087596238,1.0,24.179793912827655,55.56865245333324
1008,936,8.0,2.0,0.510008637850069,1.0,24.24180040444145,55.63136104382704
1270,467,6.0,6.0,0.494942561639541,1.0,24.131230570153036,55.77000292838491
1165,620,6.0,6.0,0.44743257735236025,1.0,24.08239586708217,55.60208289921296
654,34,7.0,6.0,0.42566501253978695,1.0,24.2691032120545,55.78295794425052
106,1346,6.0,3.0,0.9192587318162235,0.07663142203413914,24.206847419269806,55.65886238244109
1308,108,6.0,5.0,0.4843824622128098,1.0,24.267639967356995,55.871654861786496
1434,489,5.0,5.0,0.3408669907560574,1.0,24.161922536717586,55.62894127608622
411,1055,5.0,5.0,0.6931233599809473,1.0,24.085458958931813,55.722241476645785
929,566,4.0,4.0,0.5414367481059962,1.0,24.214500098063272,55.551204189183714
1155,710,4.0,4.0,0.35796650685821074,1.0,24.151117479793342,55.698883140317804
785,1417,5.0,5.0,0.5005733993557381,1.0,24.140237942123584,55.603743261647175
279,910,5.0,5.0,0.6414753698101878,1.0,24.28322248779362,55.609486989398874
825,639,5.0,5.0,0.551559684411499,1.0,24.145544569482635,55.754458110742334
813,237,6.0,6.0,0.583436635342273,1.0,24.177622835917656,55.84191818471778
181,1495,6.0,2.0,0.5349631343817225,0.5,24.078832086158148,55.876233974729644
215,93,5.0,5.0,0.5322808450171505,1.0,24.20288497916189,55.608083228976426
734,761,5.0,4.0,0.5511236255485529,1.0,24.253258834283272,55.83076799131334
1440,1024,7.0,6.0,0.5441801482494109,1.0,24.15808576686467,55.74287219058275
749,1301,5.0,5.0,0.6240552311177353,1.0,24.31840734514914,55.601968304927446
242,756,5.0,5.0,0.417663447941439,1.0,24.22603974383571,55.76233699622509
601,461,6.0,2.0,0.9930347118812721,0.7861469707312572,24.322891108863754,55.66480789497479
915,1371,6.0,6.0,0.5841598788423403,1.0,24.264334207764257,55.69748440869626
226,1045,6.0,4.0,0.6048795377289173,1.0,24.325215742785055,55.642709762363076
467,402,5.0,5.0,0.43147493748645516,1.0,24.275691509877237,55.63656829471382
972,843,6.0,6.0,0.6998205421747751,1.0,24.22320914146668,55.65628644380542
1458,577,5.0,5.0,0.38897942731057517,1.0,24.063067920800975,55.574788437529904
1130,711,6.0,5.0,0.597646973653076,1.0,24.331537388061143,55.87449375998594
175,713,5.0,5.0,0.47923302770880494,1.0,24.215041477095888,55.567631048066
219,1142,6.0,4.0,0.5405366478831992,1.0,24.227269660238,55.68266157716658
1323,251,7.0,5.0,0.451413970141343,1.0,24.144755502599264,55.751692992296505
1157,561,4.0,4.0,0.5099993241142036,1.0,24.258522136045556,55.61856035573965
458,539,6.0,6.0,0.5776581275984033,1.0,24.093493678339215,55.776965206673694
1363,47,6.0,6.0,0.38885994343563146,1.0,24.229280111486784,55.80302672376123
1315,32,8.0,5.0,0.5246023007551527,1.0,24.240143999953485,55.68788948527226
130,289,7.0,5.0,0.5065751081785371,1.0,24.079637705012477,55.84456089522497
1204,160,6.0,6.0,0.7150428497798412,1.0,24.28477470762261,55.866937588732725
1342,747,6.0,6.0,0.670297297185898,1.0,24.135716751233755,55.75193650660547
980,745,5.0,5.0,0.608869034314706,1.0,24.348718493411766,55.62672932052453
528,1101,5.0,5.0,0.5962615308301021,1.0,24.306760080158504,55.755382916875725
140,768,6.0,1.0,0.0027862785670528588,0.8178878575365512,24.29986991489953,55.66151974627105
323,70,5.0,5.0,0.6625330215454209,1.0,24.27619169633282,55.86717604132676
665,761,5.0,5.0,0.3762157065569952,1.0,24.236509736282578,55.75993986279634
866,1467,7.0,5.0,0.25916903636462507,1.0,24.191311859690504,55.58431909678747
780,344,8.0,6.0,0.34970083184798906,1.0,24.303613051807087,55.65823429980935
871,775,4.0,4.0,0.5878980503304332,0.9489173513267635,24.22985226183341,55.877425889575214
1305,674,5.0,4.0,0.4146144272424457,1.0,24.152365720017166,55.877616899160806
613,657,5.0,5.0,0.5189097995319031,1.0,24.088368701837833,55.804135423578735
1221,854,7.0,6.0,0.454734124704731,1.0,24.112160823768058,55.809518523746206
1078,1057,6.0,6.0,0.49703964676689605,1.0,24.134387092705264,55.55549439408261
1270,39,6.0,5.0,0.680686311614448,1.0,24.1214326553353,55.76045223137913
1100,1136,5.0,5.0,0.47172893900371576,1.0,24.245982119831783,55.851467088274816
1330,1023,5.0,4.0,0.42649784668752444,1.0,24.251526746116816,55.71843104613934
159,487,7.0,6.0,0.3712452356717657,1.0,24.12675642486263,55.86714547143354
1442,1075,6.0,6.0,0.5596991755266371,1.0,24.24243692037118,55.648937322865265
474,770,6.0,6.0,0.563796630591291,1.0,24.048210571259048,55.76973335991098
0,389,5.0,1.0,0.3715942946213771,0.4503350782149908,24.275731151184438,55.846991031890184
1068,512,4.0,4.0,0.37050280123864987,1.0,24.08832071817237,55.711416041550386
253,1036,4.0,4.0,0.3256849787942697,1.0,24.295666277848383,55.68647546802711
805,601,7.0,5.0,0.35421644310717026,1.0,24.09997805797879,55.800079204980705
878,1270,5.0,5.0,0.45783221901290444,1.0,24.17589439288025,55.687706341921526
838,670,6.0,5.0,0.6099564103971148,1.0,24.230274072608697,55.7838517770857
455,938,5.0,5.0,0.4736855970919905,1.0,24.126154639648725,55.890127755169765
749,1030,6.0,6.0,0.6045309691351058,1.0,24.316287591330116,55.60085253328695
130,1373,7.0,6.0,0.48013078880480814,1.0,24.08447616376609,55.85424886562567
1220,251,7.0,5.0,0.39566831901981503,1.0,24.15733450394706,55.783697491065794
766,655,7.0,5.0,0.3933496302903614,1.0,24.36113087354422,55.66148496311859
304,205,4.0,4.0,0.5861775535506202,1.0,24.096445544138522,55.694142867942524
185,710,4.0,4.0,0.5020310203836688,1.0,24.127190099714436,55.67928484079155
1392,627,6.0,1.0,0.0007276603539323605,0.5,24.270039817368673,55.69440007060188
454,404,5.0,5.0,0.4681775006489621,1.0,24.229500115881642,55.58550170689392
1370,348,7.0,6.0,0.6049255528500385,1.0,24.089877830470876,55.898977310475914
976,618,4.0,1.0,0.6313892028503079,0.2038772497993499,24.113084729901754,55.74222228270903
265,965,7.0,6.0,0.5149344627334752,1.0,24.259694106448137,55.80658770671797
325,1150,5.0,5.0,0.5237623588209149,0.5,24.145459658093845,55.78377051925694
499,137,5.0,5.0,0.49030821317435597,1.0,24.188458878640585,55.82096606808346
119,1256,6.0,5.0,0.4953309454319861,1.0,24.12758437505952,55.812519611358695
1476,1256,6.0,1.0,0.2792820695761084,0.539522910893137,24.146509172540107,55.85179109333942
1084,391,6.0,6.0,0.4751339530949556,1.0,24.211980144769846,55.82622241754411
1130,553,6.0,6.0,0.5822687209394788,1.0,24.323295779021972,55.87098839763788
1043,1122,4.0,4.0,0.4671594248547969,1.0,24.2782780517013,55.5857432938674
98,1105,6.0,4.0,0.4782828005298602,1.0,24.14400032958243,55.65658281126166
604,728,5.0,4.0,0.5781796272139914,1.0,24.31382220450378,55.768737760194995
464,1081,5.0,2.0,0.2500286933133089,0.38593317776304875,24.190067203430605,55.854203363892914
1202,826,6.0,5.0,0.5180233778202546,1.0,24.253561959181408,55.61952484837081
551,533,6.0,6.0,0.5234333180992228,1.0,24.307765073669774,55.67535493230782
653,1041,7.0,5.0,0.6105431350010596,0.9286171200771807,24.294208520994967,55.86185360490667
1177,834,6.0,6.0,0.38989751389034655,1.0,24.09843740877995,55.71285820061166
298,897,5.0,5.0,0.38500038991989066,1.0,24.31717495268075,55.76560900430005
141,274,5.0,1.0,0.8900554539315215,0.5063184018087472,24.324813136592017,55.783747955952364
1027,1119,5.0,1.0,0.9604527100394911,0.20344820628134452,24.19462656666172,55.687500931863
1218,588,5.0,5.0,0.5209806868775029,1.0,24.325879039745832,55.73804523245572
149,373,6.0,6.0,0.40440949246530716,0.967636710137935,24.206325277393823,55.820628335159554
670,481,6.0,6.0,0.5304169037520903,1.0,24.32152776463958,55.73292084217457
1345,770,6.0,4.0,0.3219584294677038,1.0,24.107977967064105,55.759574772871275
962,1038,5.0,1.0,0.8242482845359745,0.34206347720644187,24.212773443191306,55.633433096337995
1008,829,6.0,5.0,0.3454490561191904,0.9973741274278058,24.234965359438636,55.63564284701392
177,887,7.0,4.0,0.9263115441091471,0.5,24.329209363879166,55.582450166727156
503,330,4.0,4.0,0.4586286901653569,1.0,24.16013795242445,55.68308694321105
1038,1391,6.0,5.0,0.5552745332872098,1.0,24.081019313875302,55.813159650183536
554,1234,4.0,4.0,0.5118158698042173,1.0,24.124797896134666,55.55423387568012
1187,138,5.0,5.0,0.4712846350392675,1.0,24.262509930967934,55.89370333773261
572,137,5.0,5.0,0.44306837237192875,1.0,24.142859390412546,55.85066451104077
3,1196,6.0,6.0,0.4627305740290809,1.0,24.148511181833488,55.85034134950474
551,872,5.0,5.0,0.5042381967829002,1.0,24.31201976764431,55.6788937679364
1293,592,6.0,4.0,0.46130674524077847,1.0,24.237801293164612,55.62287919055936
1405,616,5.0,4.0,0.46438287539028156,1.0,24.347946664090724,55.60416893892716
1433,718,5.0,5.0,0.7238202867134673,1.0,24.323156060676617,55.5633417648448
410,1208,6.0,6.0,0.5886540640503869,1.0,24.181791155386602,55.59573421754525
1497,51,7.0,1.0,0.539420534476241,0.5,24.11427139507384,55.88368361907694
1101,427,5.0,4.0,0.5070476620852359,1.0,24.180364003292393,55.81223932175166
265,549,5.0,4.0,0.28353441757717474,1.0,24.260939692062188,55.81267323199376
866,428,5.0,5.0,0.45389344132463805,1.0,24.196764130210212,55.5806095989263
906,235,4.0,4.0,0.6901177996439832,1.0,24.142560918633524,55.77325375528893
285,226,4.0,4.0,0.535965570418523,1.0,24.27159938465687,55.59076311466832
1341,610,6.0,1.0,0.41617875864993836,0.34604512404413823,24.334800060648014,55.788634732234655
672,472,5.0,4.0,0.49473559093934616,1.0,24.160247719432153,55.54399322032908
642,1403,5.0,3.0,0.9660331065832737,0.3606993218502204,24.219794226292162,55.87972922812275
1166,270,5.0,5.0,0.4430094649921988,1.0,24.125435574589574,55.79515362088801
1151,612,5.0,5.0,0.37506860813010834,1.0,24.0985329883625,55.682405228927706
471,12,6.0,4.0,0.43041480338425675,1.0,24.261464118741756,55.62559830939506
1091,1218,4.0,4.0,0.47970378926567636,1.0,24.095940892652493,55.80852083856553
393,139,5.0,5.0,0.5365251431764089,1.0,24.110909531842218,55.88898954974383
1015,519,3.0,3.0,0.5648878048313067,1.0,24.31101097504907,55.88612155078044
1297,900,4.0,4.0,0.3652527682444742,1.0,24.24567447969073,55.6771120282649
1101,636,6.0,5.0,0.3935612433412613,1.0,24.182062630828767,55.80797000436427
1124,33,7.0,7.0,0.467920481289251,1.0,24.222063476320567,55.70019365099068
1480,806,5.0,5.0,0.48353509149895146,1.0,24.11634762564745,55.67889978258865
1328,38,3.0,1.0,0.14033783392841798,0.3829776796578377,24.091826590454854,55.600832076382304
1498,1388,6.0,1.0,0.9897517517142169,0.4186309929241728,24.3316867449746,55.58718013944274
1354,762,5.0,5.0,0.6138939293244952,1.0,24.261694451697963,55.67044354001162
1497,1363,4.0,2.0,0.040106512620910445,0.3829461072988908,24.106149327461253,55.873830595095555
980,542,6.0,5.0,0.6156601541243365,1.0,24.34993018050437,55.635549938172716
422,75,5.0,4.0,0.4543749419150363,1.0,24.18339300485859,55.62846548574202
387,1117,6.0,4.0,0.5764775925983762,1.0,24.149212799319468,55.802251720532695
1077,660,4.0,4.0,0.49227995058621143,1.0,24.301171461958813,55.588501928468816
673,1474,5.0,5.0,0.4926414030262197,1.0,24.188351727471588,55.63375183226039
108,1295,6.0,6.0,0.5657708128262808,1.0,24.274361133635658,55.694491029465205
1367,461,6.0,4.0,0.29358085347709306,1.0,24.348710388195276,55.71232595926992
905,652,6.0,6.0,0.5054391645455298,1.0,24.230896313200436,55.569475682808694
1142,326,5.0,5.0,0.4039216432924133,1.0,24.14229652164855,55.635494582031185
499,1410,4.0,4.0,0.5617104248674393,1.0,24.191995421016713,55.825524962222424
239,70,5.0,5.0,0.4058961281468997,1.0,24.272082655078634,55.84055350364642
1038,136,7.0,7.0,0.41288047387350896,1.0,24.08627794470072,55.821266443479985
35,1288,5.0,5.0,0.6048976434208262,1.0,24.300204537360923,55.60609757511598
682,70,5.0,5.0,0.5270593698534319,1.0,24.221619857164313,55.86108302730183
1431,1372,7.0,4.0,0.6197547523828144,1.0,24.270782826811452,55.82287412596092
473,1174,5.0,5.0,0.5171038785342739,1.0,24.19470509871696,55.666238151533776
720,248,5.0,4.0,0.6323462302577074,1.0,24.3270354225747,55.71964141973923
486,473,4.0,4.0,0.5431569268439782,1.0,24.175018148167446,55.71642572090398
1273,105,7.0,6.0,0.7311948042275953,1.0,24.20923227456383,55.88697446124185
273,470,4.0,4.0,0.4599151739252427,1.0,24.069686885917033,55.78091230353944
699,1086,7.0,7.0,0.49563358827406107,1.0,24.333539219753177,55.75219393627842
277,840,6.0,6.0,0.4730446781589663,1.0,24.168493546338297,55.77541887585347
829,481,6.0,3.0,0.7119336436717911,1.0,24.331920987989452,55.727551770231024
221,839,5.0,5.0,0.6007557966622618,1.0,24.09536780718564,55.86179376925757
251,896,6.0,6.0,0.5146973366300406,1.0,24.13055163800692,55.83033610028147
110,873,4.0,4.0,0.5133149758737195,1.0,24.07572274749913,55.87989474727196
1194,1213,6.0,5.0,0.5663280051531864,1.0,24.185916960129195,55.83611533199337
1037,1090,5.0,4.0,0.43106183253151126,0.5,24.312861325980453,55.811588198512524
1429,329,5.0,5.0,0.3159836975012461,1.0,24.29800134993428,55.86261604163274
210,1196,6.0,6.0,0.6408612502836524,1.0,24.104964240256734,55.85042815642564
466,924,6.0,6.0,0.5169582246699063,1.0,24.105896150756344,55.83580637532134
822,412,5.0,5.0,0.407933915005777,1.0,24.287019215727675,55.619963744975095
1177,857,6.0,6.0,0.4763722878493949,1.0,24.1045842528576,55.71217168183976
816,942,6.0,5.0,0.4881567957460034,1.0,24.158887736257263,55.63336191255811
1026,844,6.0,4.0,0.5407792731801138,1.0,24.281798036320588,55.76592326654901
813,1262,6.0,6.0,0.2750657373621235,1.0,24.182601304943194,55.83520594337516
111,1452,5.0,5.0,0.4800993813342531,1.0,24.11304809364786,55.735159512675246
7,28,6.0,1.0,0.9765200370858875,1.0,24.191070335177187,55.729575889538026
1183,203,5.0,5.0,0.33775963794567665,1.0,24.05454993327914,55.77577310206566
503,792,5.0,4.0,0.541346911610255,1.0,24.15325512996281,55.6920502182756
455,57,6.0,5.0,0.5637156503799851,1.0,24.12889902106832,55.88890273740306
896,177,6.0,6.0,0.413862026546031,1.0,24.29434056602109,55.7542974153456
497,1403,5.0,4.0,0.4677413936063364,0.5,24.21131195145146,55.85385798208049
1026,16,5.0,5.0,0.5321942656022389,1.0,24.286123439590224,55.7561675954746
171,776,5.0,3.0,0.44769219849610464,1.0,24.294950594530718,55.692570152683444
410,148,4.0,4.0,0.5335030062861847,1.0,24.185209419232496,55.59525979966273
914,265,6.0,6.0,0.40412283748210753,1.0,24.10128639978189,55.69624061238565
1308,70,5.0,5.0,0.35390635858875874,1.0,24.267122001249884,55.86180849859753
62,152,6.0,5.0,0.5661520911193203,1.0,24.33366180456106,55.80623577256397
604,694,7.0,7.0,0.6765986934482026,1.0,24.314228839317185,55.77509450695624
1015,1487,6.0,5.0,0.6178767688749734,1.0,24.312689059877105,55.894708579353924
952,754,6.0,5.0,0.5066132332382431,1.0,24.292045899905972,55.60399434687292
1421,89,6.0,4.0,0.6928647289848505,1.0,24.20336240169354,55.76827345304908
136,317,5.0,5.0,0.6382226922175711,1.0,24.346833435332627,55.699325069674174
177,197,5.0,1.0,0.3478659297069021,0.194576428729476,24.32135226575875,55.58494122773331
978,6,6.0,5.0,0.5547164479282665,1.0,24.278696316012418,55.72295599571766
771,716,3.0,3.0,0.4604258005240535,1.0,24.202996883060376,55.65532749253555
1177,180,6.0,6.0,0.49712743773469376,1.0,24.104149981071266,55.715564305708284
143,1176,5.0,4.0,0.5313979775491,1.0,24.190387574055688,55.78725938502563
1158,1284,7.0,6.0,0.39195139102957355,1.0,24.242091887119514,55.64070833076969
893,287,6.0,1.0,0.32976702268063013,0.09935946862377948,24.33982773887119,55.59539743821419
1303,176,7.0,5.0,0.7746113049476704,1.0,24.083336357028347,55.622651493934235
896,323,4.0,4.0,0.5702216481999084,1.0,24.302471987368282,55.74615015608348
1342,1496,5.0,5.0,0.5870060900986973,1.0,24.132242885233165,55.74198098595842
1461,991,7.0,6.0,0.3790010739248941,1.0,24.081451218172894,55.83612421865244
1036,1385,5.0,5.0,0.4927712401816069,1.0,24.329202454416276,55.849789675992135
835,1478,6.0,5.0,0.4249281333505939,1.0,24.23597353726123,55.71575230286046
601,1457,6.0,5.0,0.9987633086516637,0.17603227733067994,24.318473788580253,55.65596896445369
22,417,6.0,6.0,0.49721859873318447,1.0,24.253492536794088,55.87376458398204
1335,658,6.0,6.0,0.533755195718556,1.0,24.251664733479437,55.87834811321804
1322,861,7.0,6.0,0.5450081819245653,1.0,24.27836720824821,55.66689709530253
1067,173,5.0,5.0,0.410104383422526,1.0,24.136310642675273,55.713332190570235
652,849,6.0,5.0,0.4991034602220618,1.0,24.221446046029808,55.556527622364335
1470,766,4.0,4.0,0.5625774239075405,1.0,24.15571266641623,55.7640345429843
768,632,7.0,6.0,0.6034554313929558,1.0,24.203369503600463,55.813665337012594
1118,56,7.0,5.0,0.37385421946707853,1.0,24.182269727109645,55.619930238279665
1479,979,3.0,3.0,0.6021401994756821,1.0,24.369565700774793,55.639543010881745
17,1184,5.0,5.0,0.4301556596812094,1.0,24.18111314502111,55.672912079943295
451,1469,5.0,5.0,0.5439720119047032,1.0,24.161802613938818,55.77837144704475
451,1039,6.0,6.0,0.5261982997692419,1.0,24.17012776025839,55.77059933897194
407,1195,6.0,5.0,0.6535027631397232,1.0,24.313072357538267,55.8285586303139
775,143,6.0,5.0,0.5449434113674482,1.0,24.252344288130782,55.661275157030666
1151,834,6.0,6.0,0.4774130416794299,1.0,24.103907676778103,55.682617832548445
572,1454,5.0,5.0,0.40870415532532417,1.0,24.14671201251441,55.84988971738672
460,1106,7.0,4.0,0.5410276654277476,1.0,24.326182439817295,55.85301212466029
1279,450,4.0,4.0,0.5952492474180325,1.0,24.33908120838685,55.64448673882324
624,276,4.0,4.0,0.6301010596573662,1.0,24.214833435220882,55.787728985735335
46,174,6.0,1.0,0.7960841239374423,0.4009746269395901,24.28624804763076,55.70674409897455
551,727,7.0,7.0,0.3996505585925309,1.0,24.303775486122788,55.67607146192349
897,383,5.0,4.0,0.5329402270320717,1.0,24.12227015813695,55.84392982671593
1177,457,5.0,5.0,0.2818861045315783,1.0,24.11358008427518,55.723578813359545
982,528,7.0,7.0,0.45916880033165475,1.0,24.07431161873895,55.82110395482827
1100,1063,4.0,4.0,0.48592227983756353,1.0,24.252264666346424,55.855241286448184
310,1143,7.0,4.0,0.5891233241087644,1.0,24.27944667921742,55.60137512967257
930,483,7.0,5.0,0.6047819295611897,1.0,24.18141597661491,55.58322534993346
1109,1237,6.0,1.0,0.9938736103873337,0.2650409538845217,24.134027506856068,55.70336862159199
502,1369,6.0,6.0,0.35377196517375087,1.0,24.244344919523506,55.71008898687845
1245,1342,5.0,5.0,0.4216369335972793,1.0,24.159457842462963,55.75569844098246
1277,612,5.0,5.0,0.4841524949712718,1.0,24.091632490262402,55.67978819894782
1085,862,4.0,4.0,0.6347161551485027,1.0,24.127620793237032,55.60930391862442
1476,739,5.0,1.0,0.7545189362906422,0.03563688629420425,24.139351730158882,55.856860174202865
502,1292,5.0,5.0,0.49660240069727607,1.0,24.253262045871903,55.708022982046124
75,187,7.0,6.0,0.675895338121467,1.0,24.234180819733364,55.74302150519246
317,22,6.0,4.0,0.6374109319987686,1.0,24.10090603936245,55.76421792884379
998,759,4.0,4.0,0.3590668065229927,1.0,24.303242044572322,55.563972052122644
315,1082,5.0,2.0,0.776297842278817,0.5,24.115628821635834,55.635821204561736
275,1097,6.0,2.0,0.1812791649737704,0.4836184448838299,24.13243879024192,55.6713032686152
906,802,5.0,5.0,0.34185043621679856,1.0,24.152232041468405,55.76950899899818
886,993,5.0,5.0,0.41696857940815135,1.0,24.1474349997183,55.82001255147206
825,238,5.0,5.0,0.4290049068959546,1.0,24.14068448004409,55.7535561479937
93,588,5.0,5.0,0.3967487193258186,1.0,24.277797284223094,55.71549209249167
67,685,6.0,4.0,0.5847624169268602,1.0,24.126210755025323,55.61103970648397
123,1188,6.0,5.0,0.590591023366931,1.0,24.197987738565626,55.77354876798092
474,1359,6.0,6.0,0.5241391168730918,1.0,24.042965926500525,55.77638941344832
1194,1454,5.0,5.0,0.6014218972761891,1.0,24.18558312630925,55.84013840041808
1293,48,6.0,5.0,0.2596251060799809,1.0,24.243767803785016,55.61300212071474
688,54,6.0,5.0,0.5049975836324142,1.0,24.21918696510846,55.65899673667697
320,923,5.0,5.0,0.4183041848944279,1.0,24.331056848764227,55.547712442584356
969,745,5.0,5.0,0.4576254125146442,1.0,24.345352208736763,55.62754429732212
1034,199,6.0,5.0,0.4926538246392676,1.0,24.269097047930497,55.76838873056205
1434,1353,4.0,4.0,0.607921737643818,1.0,24.159805857907877,55.63085658526573
795,1316,3.0,3.0,0.3383571864468964,1.0,24.291507003370118,55.823442512972974
935,1102,5.0,5.0,0.38130391246892953,1.0,24.089322612607056,55.75306397231135
1357,135,5.0,5.0,0.5531325600761421,1.0,24.197173873199866,55.83233701438741
1190,475,6.0,4.0,0.5040149412394909,1.0,24.18606021419271,55.57425275581128
1004,686,7.0,5.0,0.3913871580165308,1.0,24.18978751967495,55.76436467380794
1146,847,5.0,1.0,0.44246588575334483,0.7875376093174509,24.106698818591486,55.77053976408233
1188,1198,5.0,5.0,0.5609729494985409,1.0,24.177967743259735,55.60457249586768
698,1312,5.0,5.0,0.7164306973003518,1.0,24.304388527994426,55.7510088629109
701,1085,8.0,5.0,0.4986897962547136,1.0,24.081477323858984,55.58883599964071
288,905,7.0,6.0,0.6550880251261452,1.0,24.190843968989494,55.68569486051593
216,319,6.0,5.0,0.48253838595562415,1.0,24.32070240023864,55.80370380448377
471,1075,6.0,6.0,0.424116189327273,1.0,24.262046631792103,55.618268546316344
382,1064,5.0,5.0,0.5483663582848173,1.0,24.148945359544612,55.71626791685384
759,899,6.0,4.0,0.3716694811404298,1.0,24.095642284914145,55.690594057369424
481,1194,5.0,5.0,0.44428200047106,1.0,24.184683545414593,55.817857225690496
640,1175,6.0,4.0,0.3559916182767646,1.0,24.239747820236694,55.895414332761156
451,1309,4.0,4.0,0.38368942434227993,1.0,24.166381837994148,55.7755809241519
89,629,8.0,5.0,0.46387865231544734,1.0,24.107498474233374,55.673122892433675
884,1310,6.0,6.0,0.46248317384949,1.0,24.317322862481998,55.80818283238541
548,601,7.0,5.0,0.5576046616333363,1.0,24.154137003289403,55.852824594575516
418,300,5.0,5.0,0.13613124479688493,1.0,24.164551441271595,55.59509140360069
98,650,6.0,5.0,0.48058245628451174,1.0,24.14656190555983,55.654274605264725
945,730,4.0,4.0,0.47572970595215275,0.964502981375885,24.10779508671819,55.673685144717275
785,1378,5.0,5.0,0.5988395013441956,1.0,24.133072012640714,55.61052282401381
1118,219,3.0,3.0,0.3786518948245273,1.0,24.175824031152814,55.61239033017556
1060,728,5.0,5.0,0.43437350437770644,1.0,24.299797226765136,55.766788926078604
503,971,6.0,6.0,0.48175730132449707,1.0,24.14668262387982,55.6860326061375
1205,1374,4.0,4.0,0.3991679046447713,0.9604655203625093,24.176484209307812,55.849917842929905
471,914,4.0,4.0,0.3591208264648241,1.0,24.253893005122595,55.612988517173854
1225,744,8.0,1.0,0.9768910810807581,0.896674245245586,24.17091516381173,55.56364344085794
224,1405,5.0,3.0,0.9759469468820028,0.6823720844719181,24.099725666231173,55.620042144795136
1090,351,5.0,5.0,0.5489946192263094,1.0,24.260293514108998,55.66377528744548
518,189,4.0,4.0,0.3626699697425686,1.0,24.237898662107614,55.7362657065196
543,68,6.0,6.0,0.5518311585483922,0.8395805949829337,24.290129442448908,55.9045830061572
513,1018,5.0,5.0,0.4764279638653181,1.0,24.051053954042903,55.671383479406224
156,1329,4.0,4.0,0.48592132329647486,1.0,24.161095657337697,55.81400699304974
1349,1212,5.0,5.0,0.5524469457242551,1.0,24.372808508160603,55.82670188667117
297,1058,6.0,6.0,0.6482770175735371,1.0,24.231866381328803,55.74398046526768
533,916,5.0,5.0,0.5214772061889701,1.0,24.24758656804792,55.75160739188846
1303,1066,7.0,6.0,0.5226529902678808,0.9890872309645957,24.08075969328381,55.62178271121197
554,17,6.0,5.0,0.5272322094057974,1.0,24.130125890990882,55.555688659584305
1479,1008,6.0,5.0,0.5210633081546995,1.0,24.37319640633444,55.643387087848375
525,426,4.0,4.0,0.4290564138638712,1.0,24.24112189013083,55.547335147361004
479,424,6.0,6.0,0.38526050340083895,1.0,24.213964091419804,55.7591909635316
467,1276,4.0,4.0,0.6137558800535388,1.0,24.275987780178788,55.639427186871096
1382,290,6.0,6.0,0.40814548714441146,1.0,24.17473425666061,55.69498439984504
1332,819,7.0,5.0,0.4868582092623647,1.0,24.075575189563285,55.77085152167938
1101,1160,7.0,6.0,0.5119940970418169,1.0,24.17808482194132,55.81117041262835
81,1089,6.0,5.0,0.5883286039526427,1.0,24.262926287556336,55.77084159452755
945,1353,4.0,4.0,0.3083515863614593,1.0,24.116918268730025,55.67054155790911
761,273,6.0,5.0,0.3635363489293725,1.0,24.193323794086893,55.87951649100342
670,248,5.0,5.0,0.5922325155985593,1.0,24.33104801197286,55.73206746758057
1118,268,4.0,4.0,0.5648562099530704,1.0,24.183357760965972,55.6053950776817
1447,259,5.0,5.0,0.5632585670684934,1.0,24.327242435839363,55.73527283098442
566,1413,6.0,6.0,0.6105384051402992,1.0,24.224992744972077,55.572559111546234
54,1283,5.0,5.0,0.43588826613754234,1.0,24.28259428244909,55.56435275825108
589,1269,7.0,6.0,0.40542214025878887,1.0,24.16631365770413,55.59480270984174
1188,229,5.0,5.0,0.6474261038276736,1.0,24.18531873179947,55.60076566150253
240,982,7.0,4.0,0.5853558039075468,1.0,24.322312785201987,55.88742333049376
1205,632,7.0,6.0,0.4420683992876072,1.0,24.175085461250127,55.84901962744577
710,1248,6.0,5.0,0.52384561606149,1.0,24.346715377296935,55.616748130981016
804,741,7.0,7.0,0.6056122675470014,1.0,24.19069536953144,55.80927544092841
845,180,6.0,5.0,0.4227525821381239,1.0,24.133628383423254,55.73347398662348
554,101,8.0,6.0,0.5709769565197502,1.0,24.12278478162688,55.56529958498085
844,424,6.0,6.0,0.560991443880967,1.0,24.19439581829419,55.73792288876154
1361,390,5.0,5.0,0.6734798153258397,1.0,24.166175156883742,55.751497462705714
80,214,5.0,5.0,0.5404041313951191,1.0,24.138303811290022,55.80825633682413
1104,1163,6.0,6.0,0.3980283047730271,1.0,24.119206312191718,55.56772678216516
248,327,7.0,7.0,0.6442873413457688,1.0,24.232823850325758,55.61149133483053
372,475,6.0,6.0,0.579966419559999,1.0,24.199508247791357,55.55392220718367
1212,1011,6.0,4.0,0.4841034556125943,1.0,24.18852239994349,55.54118258552458
1160,721,6.0,6.0,0.47639895517001957,1.0,24.08366382649649,55.71962159325055
1155,1207,7.0,6.0,0.45683695383378026,1.0,24.155808602431687,55.69342591320796
1174,1440,6.0,6.0,0.35035023767032564,1.0,24.22626809325317,55.566961795314334
6,1484,6.0,5.0,0.6447894575613502,1.0,24.312589344594073,55.811104846863984
1120,435,5.0,5.0,0.4749756950300554,1.0,24.32679394349609,55.5732664296167
1081,1101,5.0,4.0,0.6225609422604367,1.0,24.306084254257016,55.79140012364298
844,518,6.0,6.0,0.5355289018549735,1.0,24.203073045724114,55.74735784989137
992,390,5.0,5.0,0.4997014022483762,1.0,24.10930135019812,55.714574456996296
902,217,4.0,4.0,0.5606460146385649,1.0,24.28529437137614,55.856060775433065
4,1254,7.0,5.0,0.4747233702208358,1.0,24.327303964724674,55.616767626721746
967,833,7.0,5.0,0.29664326927267004,1.0,24.32409475854798,55.58718488431059
448,654,6.0,1.0,0.9988180222040581,0.24472598260309253,24.18311321424257,55.82159875865605
319,1401,6.0,6.0,0.6231267398402711,1.0,24.223627799992205,55.72137906658384
83,553,6.0,6.0,0.501827669346135,1.0,24.32671205775967,55.839923268965364
1323,315,7.0,4.0,0.38149844985627024,1.0,24.151775913628978,55.749361636146865
1342,581,6.0,5.0,0.38225346425166995,1.0,24.123181545303805,55.73589681556389
711,585,7.0,5.0,0.5164387817537622,1.0,24.12793706975244,55.58344996721537
65,238,5.0,5.0,0.4285116531054182,1.0,24.149776398698407,55.67161443176747
1468,785,4.0,4.0,0.4756373265918772,1.0,24.104807490693076,55.556331517274444
596,763,4.0,4.0,0.5509255768934945,1.0,24.122923010820344,55.77990651458104
1465,1075,6.0,6.0,0.6258944686866642,1.0,24.25584612999032,55.593340130352075
96,432,5.0,5.0,0.7818549559095596,1.0,24.341240457605945,55.66562479651827
208,312,5.0,5.0,0.568523843852868,1.0,24.252736277607962,55.82518437879171
780,626,6.0,5.0,0.5751562598081562,1.0,24.2981060836888,55.663463674607556
2,643,7.0,4.0,0.4248805826979479,1.0,24.146292629754882,55.79995900630672
632,294,7.0,4.0,0.5805576282436634,1.0,24.34882929310133,55.822107744237236
1420,1277,5.0,3.0,0.28910902106064607,0.03414892736872521,24.161328201527247,55.815672526729536
700,719,7.0,5.0,0.3085973432497137,1.0,24.144195556260108,55.761575989216354
1130,389,5.0,5.0,0.3870399103456329,1.0,24.33104674229513,55.871439925924996
1145,158,4.0,4.0,0.24554003296453103,1.0,24.34841788962351,55.84656988399373
1291,1173,7.0,6.0,0.49145980046624566,1.0,24.110614363132527,55.845462395566386
1374,335,5.0,5.0,0.537978410625074,1.0,24.162037111168907,55.876858256761224
589,1332,5.0,5.0,0.45905725434546407,1.0,24.172593665287113,55.598293764628
557,777,5.0,5.0,0.3841739212042191,1.0,24.299101352737626,55.82411343827985
795,1211,4.0,4.0,0.532523382750174,1.0,24.28256721558218,55.815369966577855
801,389,5.0,5.0,0.43572079845622513,1.0,24.31106932368745,55.87802618324071
1276,812,7.0,4.0,0.4724093619568567,1.0,24.050842507759256,55.7177037396669
1306,299,4.0,4.0,0.5614900360718189,0.9901102843536174,24.167038646161817,55.54679417990536
1406,596,7.0,4.0,0.46386030335461315,1.0,24.325663922634114,55.60807570147686
1445,297,6.0,3.0,0.4746376713910898,1.0,24.301341949761774,55.89119425850724
1295,960,6.0,5.0,0.1969497986576092,1.0,24.23718632107533,55.73311662068066
1055,1420,6.0,4.0,0.41699883968334583,1.0,24.306291613585152,55.801273433273984
1032,679,8.0,7.0,0.3327393943518375,1.0,24.10174339174157,55.8215584208727
202,446,4.0,4.0,0.5604709338001286,1.0,24.076897923916246,55.55337646351025
272,164,5.0,5.0,0.4945619566589992,1.0,24.180927147162645,55.5606316708869
1463,1453,3.0,3.0,0.3954292702343112,1.0,24.20360520455793,55.529402368528935
1404,598,5.0,4.0,0.5687047736927228,1.0,24.10872972990379,55.58325010772229
657,564,5.0,4.0,0.5545155785769381,1.0,24.322029351439408,55.892552476401356
1243,70,5.0,5.0,0.4309360497989724,1.0,24.26660585294985,55.82565920803476
168,1383,6.0,6.0,0.568625663520996,1.0,24.211238029691128,55.661834635335474
780,695,6.0,5.0,0.43266450612248597,1.0,24.295512560671025,55.66244012872121
7,639,5.0,1.0,0.07608480510040878,0.23959821446377683,24.183773831001748,55.73188104669835
977,1028,7.0,6.0,0.5474221207526112,1.0,24.269324167368463,55.79464920934633
749,524,5.0,5.0,0.4130250729208658,1.0,24.325940581476374,55.59458105009297
265,705,5.0,5.0,0.5503452061439791,1.0,24.263474715269222,55.812696798600115
1068,238,5.0,5.0,0.4847739434183967,1.0,24.097145200476863,55.70225293444308
1147,746,6.0,5.0,0.3054212744805276,1.0,24.254639122308234,55.65671821975199
605,316,5.0,3.0,0.9967958432083954,0.20382458983147378,24.06626114511367,55.789195321559234
564,1342,5.0,5.0,0.5778996683052683,1.0,24.19306971490156,55.70923212723491
253,1295,6.0,6.0,0.6057758465713867,1.0,24.28810544812576,55.6783383629781
329,344,8.0,4.0,0.6030302313335216,1.0,24.282091005042034,55.67791554010733
1036,794,5.0,5.0,0.44601084059625096,1.0,24.323095093910553,55.85290390827178
937,74,6.0,6.0,0.7713041174982277,0.7033604387382412,24.340186975470022,55.89030445025659
1443,1459,6.0,6.0,0.5224329662100657,1.0,24.312355872879202,55.865004433260324
128,897,5.0,5.0,0.48492672376899043,1.0,24.29457682668204,55.73902598633488
1076,9,4.0,4.0,0.45502662938620564,1.0,24.257225589971323,55.55821429983229
96,1223,6.0,5.0,0.34062749115990487,1.0,24.334256011895985,55.66310656907605
739,896,6.0,6.0,0.45635433526537483,1.0,24.12657132254925,55.85342549829349
1155,490,6.0,6.0,0.5914935913272484,1.0,24.15013306797105,55.69629306788945
342,648,4.0,4.0,0.5369621045803621,1.0,24.10272291632129,55.883704932446406
1144,144,6.0,2.0,0.9946827369073298,0.4267428664664719,24.314803950341023,55.82830947617212
61,1046,5.0,5.0,0.5282349146391155,1.0,24.121094011817696,55.57862745788127
432,796,7.0,6.0,0.5326593025376052,1.0,24.18534917702136,55.72157688534293
614,1094,8.0,8.0,0.6049617783699365,1.0,24.158371141304112,55.808996303109325
708,401,5.0,5.0,0.33447613350747957,1.0,24.13927155059766,55.63144536606959
1032,983,6.0,4.0,0.4349247332876437,1.0,24.09514278930608,55.8199588583444
768,1327,5.0,5.0,0.4928248239280889,1.0,24.198356794522052,55.81367708189136
798,1236,4.0,4.0,0.5286127781560247,1.0,24.18126897463318,55.56869834336061
407,1209,5.0,5.0,0.4319600355034618,1.0,24.321959060491768,55.833081006019746
1140,1130,5.0,3.0,0.027900329752122033,0.05633658624334459,24.28658807927414,55.8335082040759
1046,682,5.0,5.0,0.45112544158269297,1.0,24.30699001151025,55.59177503932882
290,712,6.0,3.0,0.6205065535364469,1.0,24.1303191129183,55.658040982410725
93,21,5.0,5.0,0.5778831505546066,1.0,24.284318692787366,55.71285115471114
395,977,5.0,4.0,0.6167917431255624,1.0,24.188661334496352,55.894009105066814
785,1260,7.0,6.0,0.4732507252206142,1.0,24.129918330664623,55.61699325154003
1478,258,5.0,5.0,0.5012945969436888,1.0,24.34679129869706,55.7888647498091
697,1474,5.0,5.0,0.5375368806057916,1.0,24.25821842295167,55.63931980526703
1342,710,4.0,4.0,0.5203884068475826,1.0,24.123561568393622,55.73523087689906
436,1065,7.0,6.0,0.5820427052962711,1.0,24.305834843999154,55.87689481214615
121,624,6.0,5.0,0.6516003468958341,1.0,24.337290055247045,55.62775399536472
924,1072,5.0,4.0,0.47658492001687064,1.0,24.108199450862376,55.71137875106136
115,552,5.0,5.0,0.45251499440155135,1.0,24.09640347771318,55.68600148220505
1365,1196,6.0,5.0,0.47930865987497073,1.0,24.114104450078884,55.86769559323291
287,1244,5.0,5.0,0.42778679707751427,1.0,24.09893887382529,55.82659039574707
9,1144,6.0,5.0,0.508917945695796,1.0,24.283362639058435,55.854983660524816
1165,1061,4.0,4.0,0.40126746697724863,1.0,24.080641300499835,55.6079320918437
1180,1130,5.0,5.0,0.39545022823876164,1.0,24.30076807710123,55.82412008941389
1323,377,4.0,4.0,0.4838229896698047,1.0,24.145714168129714,55.75216389740391
1478,870,5.0,5.0,0.44472121718637814,1.0,24.354112009818046,55.792881211435414
1009,521,7.0,6.0,0.5537657055873669,1.0,24.15427178678473,55.83742727827918
838,466,6.0,6.0,0.45937880847077384,1.0,24.238142062857044,55.78364777703619
886,985,4.0,4.0,0.5210212805220052,1.0,24.147154902800875,55.82224551173363
1304,429,6.0,6.0,0.5935133996021893,1.0,24.208775083958972,55.63629867393841
561,101,8.0,5.0,0.6616793710674714,1.0,24.178433130064104,55.563731915461716
428,1424,4.0,4.0,0.4167839330601331,1.0,24.325333455818164,55.754102828323816
894,262,5.0,5.0,0.5721089522722418,1.0,24.21062762473135,55.73411233194972
1118,579,6.0,6.0,0.6085062126023657,1.0,24.17898294676746,55.612091053500826
652,44,6.0,6.0,0.37916958948039103,1.0,24.229316500898125,55.552530690058454
338,683,4.0,4.0,0.5056331382213999,1.0,24.14833675771528,55.88851799263913
1032,1475,6.0,6.0,0.3870050699049193,1.0,24.09298879637872,55.82496293933351
271,168,4.0,4.0,0.5184799250957449,1.0,24.319839281921638,55.75974618542681
1294,614,6.0,6.0,0.5044831415960608,1.0,24.173488453867634,55.8779183308913
739,575,7.0,4.0,0.3934723640223002,1.0,24.117193235332987,55.84711509610941
1433,375,6.0,6.0,0.4787823765711349,1.0,24.313203633438366,55.554355333111076
1479,62,6.0,6.0,0.48921162442893673,1.0,24.383126772474693,55.64320500969433
425,314,5.0,4.0,0.42480250380354184,1.0,24.163160891436252,55.58652201326769
1174,1349,7.0,5.0,0.5408689331123678,1.0,24.223440062794857,55.57561735578269
643,1207,7.0,4.0,0.42544262079872225,1.0,24.142238948150652,55.70619793392793
1272,983,6.0,6.0,0.4746692881685083,1.0,24.08633434753316,55.845695233847785
554,1265,4.0,4.0,0.7250363608465672,1.0,24.11808236447001,55.566412738678885
165,225,6.0,6.0,0.4611253859235284,1.0,24.198940579066992,55.56701652235422
1096,376,5.0,5.0,0.389279622230296,1.0,24.127062012801087,55.89580396437096
706,425,5.0,1.0,0.983175675069197,0.20414379394574045,24.212157623349427,55.69695177777377
1092,48,6.0,5.0,0.362437223306725,1.0,24.224244301725264,55.66968889835715
93,1465,5.0,5.0,0.6330877249563263,1.0,24.28116822726409,55.70612169777638
470,1424,4.0,4.0,0.47029555194329403,1.0,24.3009921949267,55.77539328678776
192,516,6.0,6.0,0.7518805884069928,1.0,24.22514908247693,55.85505860792487
1188,401,5.0,5.0,0.598982798554313,1.0,24.19354123340869,55.60342314343377
825,796,7.0,5.0,0.337170198400098,1.0,24.14364914290526,55.75227963455653
653,160,6.0,4.0,0.33741464258655907,1.0,24.292463431663023,55.867881497130874
571,1227,6.0,4.0,0.44572911746234106,0.7306705613299866,24.182801745414004,55.82493072800499
569,794,5.0,1.0,0.051997774494477206,0.4063020760791275,24.294060050581635,55.85534854409452
397,342,4.0,4.0,0.46890376424168473,1.0,24.16128784973346,55.636394340428836
1055,217,4.0,4.0,0.44664281367685293,1.0,24.310708428002542,55.810626720097424
525,433,5.0,5.0,0.4001680462623743,1.0,24.24831022688202,55.54188349915979
749,952,7.0,5.0,0.6566845308439071,1.0,24.320577247440717,55.60368055251691
1039,262,5.0,5.0,0.4591642522601604,1.0,24.207724757352793,55.755695786255956
297,1220,7.0,7.0,0.4450235093206889,1.0,24.23306951385462,55.73437581682156
1394,507,7.0,4.0,0.4921161237451211,1.0,24.17263782437638,55.731903519567325
992,1076,6.0,6.0,0.48051196073556574,1.0,24.110550581025574,55.72272252746525
136,1347,6.0,5.0,0.44186957622395906,1.0,24.346009518586026,55.70697421027027
144,1142,6.0,4.0,0.43953338008252224,0.9776477599622522,24.219811347182816,55.68917368418647
356,455,7.0,5.0,0.3675214473853211,1.0,24.10051704790391,55.848488875520594
1162,317,5.0,5.0,0.5355248084663793,0.7726659500248023,24.320879424243277,55.693859670133136
265,52,4.0,4.0,0.3326041228987202,1.0,24.27329646084869,55.80454994476585
17,980,6.0,6.0,0.6081613533508953,1.0,24.179560453840804,55.67199150214225
883,61,5.0,5.0,0.3529639965162407,1.0,24.1100240111884,55.67189914298497
326,1059,4.0,4.0,0.3624269638894093,1.0,24.259655780568774,55.82977842602558
1291,1287,7.0,7.0,0.5468070777377942,1.0,24.117660792910744,55.83724164706208
242,1042,4.0,4.0,0.5373686975301637,1.0,24.220831443895122,55.75404975719422
650,954,6.0,6.0,0.5033805593572526,1.0,24.203400224425177,55.870437201162105
210,1218,4.0,4.0,0.30176787084623047,1.0,24.09680935959024,55.85445794197505
159,1164,5.0,5.0,0.6395099675107112,1.0,24.126559912514494,55.87653728058087
608,443,6.0,6.0,0.5192777472888629,1.0,24.280475087373237,55.90589764177899
940,623,5.0,5.0,0.5784925386493851,1.0,24.196077015457508,55.71048754735007
1053,293,6.0,6.0,0.4845519089911121,1.0,24.200227907371513,55.75578967391482
349,119,7.0,5.0,0.5871779644139479,1.0,24.277222107426386,55.58218940373097
1043,732,5.0,5.0,0.6070473719324573,1.0,24.2809635699637,55.579028138888695
1120,809,7.0,7.0,0.4806195768021795,1.0,24.332324162176718,55.57700162313716
1431,1464,7.0,6.0,0.6225475336338315,1.0,24.278488053754728,55.823628695658776
1415,104,5.0,5.0,0.4108622686588913,1.0,24.203518845442254,55.74555277598658
304,823,6.0,6.0,0.3672239491672038,1.0,24.104294764937123,55.698836016251114
393,1253,4.0,4.0,0.3071379598193644,1.0,24.10226047661245,55.886329095524715
1485,664,6.0,4.0,0.3952521499306705,1.0,24.129071045700673,55.83886336563612
902,215,7.0,7.0,0.41063425034467993,1.0,24.286719124837827,55.85422108590796
537,46,4.0,4.0,0.6757404556826742,1.0,24.334663651325958,55.8800610248706
601,703,4.0,4.0,0.97986599477266,0.0601065269754496,24.321209227933114,55.652482782187946
312,998,7.0,7.0,0.4595285991805206,1.0,24.197065554289935,55.793248650567165
209,467,6.0,6.0,0.4850634235930193,1.0,24.15529373597829,55.79604603800823
357,590,6.0,4.0,0.440645423098781,1.0,24.142095569072715,55.877829582400345
379,456,6.0,3.0,0.5680530740768989,1.0,24.32996479544752,55.542896305250764
375,185,6.0,6.0,0.6475890179190233,1.0,24.172844843004913,55.55423384720603
956,349,5.0,5.0,0.46646614006647624,0.5,24.31707646939511,55.59115910189169
914,806,5.0,5.0,0.48032010763162236,1.0,24.097072183988367,55.69853676409111
337,485,6.0,3.0,0.8789407561338605,0.5722628097227702,24.279337347763363,55.7593037731435
721,237,6.0,6.0,0.6144184118408178,1.0,24.12453744299347,55.862879859073026
415,1290,5.0,4.0,0.5059456140572883,1.0,24.339962092351406,55.77772709268739
1269,1331,5.0,5.0,0.5971219589384757,1.0,24.20547663400143,55.79953913378915
517,742,5.0,5.0,0.8078730713182649,1.0,24.12744736101547,55.56101321680166
537,78,6.0,5.0,0.6049936160332117,1.0,24.339605067541612,55.8781746753417
771,393,5.0,5.0,0.4847796684422686,1.0,24.20670159651628,55.66106346588132
1299,697,6.0,6.0,0.4149772384160152,1.0,24.324668891650806,55.6986852424496
1212,579,6.0,6.0,0.5817323291004437,1.0,24.195510201662156,55.54956212267982
108,951,7.0,6.0,0.5508834124498054,1.0,24.26603235293835,55.687131035336776
1447,523,5.0,4.0,0.4737161221209481,1.0,24.326712895369795,55.736045911049935
1037,870,5.0,5.0,0.5103453341414994,0.7807889920017275,24.316730172064087,55.81641896066339
1124,473,4.0,4.0,0.5551581605440706,1.0,24.21528494261442,55.69757600868446
1273,1428,6.0,6.0,0.3591963895737541,1.0,24.20676539633803,55.87851158060231
1014,1345,5.0,5.0,0.4549044087862319,1.0,24.281075146679154,55.82455768325129
1403,42,5.0,5.0,0.3630537328729585,1.0,24.345553873750546,55.83220659416505
1322,1401,6.0,6.0,0.4987595426354765,1.0,24.269183797039265,55.672218878711575
465,1139,4.0,4.0,0.5542005565593208,1.0,24.15814984766528,55.695230578031314
78,889,5.0,4.0,0.589893908089856,1.0,24.12959407419395,55.58346314867374
618,1289,7.0,6.0,0.64492422266563,1.0,24.271332258019335,55.550846791601515
665,189,4.0,4.0,0.5251163016741272,1.0,24.245031065873373,55.765790759369686
480,1161,6.0,4.0,0.9239327308656164,0.20564292633139925,24.069282403400937,55.54725876863419
1162,533,6.0,6.0,0.4587758010720415,1.0,24.324532463277183,55.68717662574006
554,268,4.0,4.0,0.6144498538179939,1.0,24.120775873032315,55.57356128216378
209,840,6.0,6.0,0.6518321425280241,1.0,24.15750151772831,55.79042977079223
969,450,4.0,4.0,0.4880537355624748,1.0,24.343087598519663,55.627672878654195
1297,1295,6.0,6.0,0.37753256043528655,1.0,24.247311878889807,55.676093038513095
1306,462,5.0,5.0,0.4777430664632321,1.0,24.17507844298687,55.54725917769458
797,556,7.0,5.0,0.7783838039137099,1.0,24.308816600033442,55.69957926247894
599,1228,4.0,4.0,0.4881242208263828,1.0,24.215966562787195,55.70491058460832
329,351,5.0,4.0,0.4542541564408761,0.9462123341787264,24.28900870620839,55.669152983486214
474,545,4.0,4.0,0.49436366503594587,1.0,24.043379460929614,55.76761858061941
446,1041,7.0,5.0,0.5090029745986578,1.0,24.341934030729185,55.790174658845345
766,95,5.0,5.0,0.41930606786366503,1.0,24.36696917971581,55.664238914748154
39,841,6.0,6.0,0.369038019002667,1.0,24.279478296665435,55.679627199620356
339,296,7.0,7.0,0.4167850970340043,1.0,24.085849053523777,55.88747937152233
157,7,6.0,6.0,0.4746984236020087,1.0,24.290722908983877,55.83611368188249
1453,1066,7.0,6.0,0.4613702104794422,1.0,24.078835891892655,55.602661640944746
978,1437,5.0,5.0,0.41145484676247035,1.0,24.28855943026965,55.71553079851201
179,1377,6.0,6.0,0.5962119748473768,1.0,24.07458992524467,55.77104948278684
143,324,4.0,4.0,0.5700212518336435,1.0,24.188043031466524,55.79166199366616
967,1276,4.0,4.0,0.47955216240473275,1.0,24.315710641038415,55.594064390560995
617,67,6.0,5.0,0.5396186356644305,1.0,24.309410110495616,55.56772578328209
265,0,6.0,6.0,0.4742619298605739,1.0,24.264627432072178,55.811256949043326
1354,64,6.0,6.0,0.4288680687577644,1.0,24.257996806522133,55.675826459782364
24,990,6.0,6.0,0.4928015863022492,1.0,24.090979344638193,55.57984512340048
888,1108,6.0,1.0,0.9524826084955248,0.04191079603789977,24.22557573779649,55.82779922268083
711,578,7.0,4.0,0.5335422588518766,1.0,24.123015404453422,55.574798438502334
531,389,5.0,5.0,0.5269615702295075,1.0,24.25455839362598,55.883568259303615
499,828,5.0,5.0,0.4341564132434299,1.0,24.19000072006017,55.825702032223504
310,378,3.0,3.0,0.5695304964661815,1.0,24.28520270670202,55.61014631160486
878,414,4.0,3.0,0.5324091840835504,1.0,24.16857128558579,55.684519826305696
1190,1430,7.0,6.0,0.5895615862077866,1.0,24.179981578470425,55.56560926018872
67,786,6.0,6.0,0.4032328010320535,1.0,24.131788148860476,55.61490140621151
392,1449,7.0,5.0,0.6030481745031331,1.0,24.172347270486505,55.82948935848469
339,568,5.0,5.0,0.47478957342300965,1.0,24.080275748599988,55.88484514618572
479,756,5.0,5.0,0.47343148495315107,1.0,24.210065560077844,55.765333962618676
163,861,7.0,5.0,0.5506009627145674,1.0,24.301511988954537,55.60542080852093
261,845,7.0,6.0,0.5636328606436931,1.0,24.20978065806033,55.773134871465366
841,866,5.0,5.0,0.6089204194350789,1.0,24.185559115770396,55.761937077095084
1063,1481,6.0,4.0,0.43273627276410087,1.0,24.320255343005837,55.69995465263003
464,382,6.0,2.0,0.07904040685961271,0.0861398348942029,24.192049527396456,55.848175795817625
875,226,4.0,3.0,0.002502287458157396,0.7036816623559768,24.279854825978088,55.59034719959234
193,275,5.0,5.0,0.6017084001659143,1.0,24.101749411198632,55.83814814106926
1220,356,5.0,5.0,0.4194627655856958,1.0,24.158379399685742,55.78284535434869
1055,264,5.0,5.0,0.4135836446343919,1.0,24.30306621056087,55.80320118017655
1363,1068,6.0,6.0,0.4657354664082457,1.0,24.233668027938414,55.810863591083546
493,1223,6.0,6.0,0.37411284047229054,1.0,24.300372137508486,55.62221768009611
866,579,6.0,4.0,0.36583168300893165,1.0,24.201960055883045,55.57111958663511
897,1333,8.0,6.0,0.5181653741976093,1.0,24.113242568581445,55.84278172636943
566,1274,5.0,5.0,0.5840315474539345,1.0,24.230544089501425,55.581708073202975
1091,805,6.0,4.0,0.44651430107725254,1.0,24.10184350651876,55.80770309131123
978,694,7.0,6.0,0.6960803949600104,1.0,24.28313664830995,55.719889376065495
897,470,4.0,4.0,0.5659402081187586,1.0,24.11331919440623,55.84285616139079
78,1379,6.0,5.0,0.565804046132361,1.0,24.119689485268186,55.59100817138925
1461,839,5.0,4.0,0.4945855727328894,1.0,24.090802451669937,55.831708341377414
672,1232,5.0,5.0,0.43793592830532874,1.0,24.151372841857274,55.55029257772626
1494,673,5.0,5.0,0.40930606815054016,1.0,24.089798438405545,55.70522156748978
720,975,5.0,5.0,0.35522621299856166,1.0,24.330497699343915,55.72069600664588
960,1449,7.0,5.0,0.5722607543913989,1.0,24.115019274742032,55.781594845685845
1305,619,6.0,4.0,0.5490105347433749,1.0,24.15781561614846,55.88349712068262
400,630,7.0,5.0,0.3971770321133638,1.0,24.2893754124061,55.60635894561688
668,227,7.0,6.0,0.5255120580998507,1.0,24.221577605462382,55.64066629385936
1451,682,5.0,5.0,0.49468186135593006,1.0,24.344585397537358,55.6296273900311
1202,867,3.0,3.0,0.47493534749209826,1.0,24.25965799314803,55.614064039405534
640,1059,4.0,4.0,0.6020018426265654,1.0,24.23458023186984,55.89317839019085
1365,1287,7.0,5.0,0.4861255533751635,1.0,24.111188328831545,55.86628891960567
803,1490,5.0,5.0,0.4257553097513663,1.0,24.33444220111504,55.80729558195398
301,470,4.0,4.0,0.5522490004753359,1.0,24.06733154309813,55.80865850985137
1038,1495,6.0,5.0,0.37878601080097773,1.0,24.09155264099894,55.83093046379835
163,882,3.0,3.0,0.325448057375883,1.0,24.292159598405316,55.60545186063458
157,1195,6.0,5.0,0.38454931424182387,1.0,24.283157225332662,55.832902071425714
169,885,5.0,5.0,0.529668177860811,1.0,24.265190734267406,55.679595285578586
1146,129,6.0,2.0,0.9673610763877148,0.4792499574106307,24.109166468432434,55.767689905424
319,165,7.0,5.0,0.3083944395603009,1.0,24.22276478528766,55.72329599533565
867,1475,6.0,5.0,0.277127943512544,1.0,24.09912231599173,55.78695804067233
451,581,6.0,5.0,0.45168488083875896,1.0,24.168661330609584,55.765928144354326
183,1377,6.0,5.0,0.43501264743769125,1.0,24.077840520606717,55.75681946429266
724,1400,6.0,4.0,0.554849772620016,1.0,24.30996820759553,55.85841233064834
377,241,6.0,6.0,0.5633597168404264,1.0,24.198641633015175,55.57713551191156
123,518,6.0,4.0,0.27981137149229973,1.0,24.20364719128453,55.76500731268528
511,781,5.0,5.0,0.49159530824013153,1.0,24.160631595808724,55.58454752583116
638,949,4.0,4.0,0.3450477384068755,1.0,24.248403562213564,55.64212193674006
942,339,6.0,3.0,0.5167543749558332,1.0,24.336164604986948,55.86181311255063
774,704,4.0,4.0,0.5346355984119364,1.0,24.321536231490956,55.871687187833395
606,1009,4.0,4.0,0.42808239833568945,1.0,24.341859734047294,55.74934686766037
356,1202,7.0,5.0,0.47659347832033705,1.0,24.106829214977854,55.85763656851828
461,1444,5.0,5.0,0.43597413007381947,1.0,24.15862403610745,55.72923223601327
524,1229,7.0,1.0,0.12903091151851018,0.453566170943988,24.077270788631747,55.79626878332592
1429,0,6.0,5.0,0.27423246399800916,1.0,24.28998111118261,55.87069442847786
1005,842,7.0,1.0,0.35479276397260195,0.8226575606690216,24.175037726624943,55.57502776879182
61,862,4.0,4.0,0.6191864601813853,1.0,24.114373894443393,55.57348773764542
533,91,6.0,5.0,0.45365014407227383,1.0,24.25209639504102,55.747875053497395
797,1489,5.0,5.0,0.5007247179080285,0.9851433632741712,24.305136839123715,55.700877181624385
826,795,6.0,1.0,0.9988264487207892,0.32349212403370486,24.295118160373995,55.75311686393563
906,511,5.0,5.0,0.5438592849434066,1.0,24.15301015078095,55.7613022618676
1384,616,5.0,5.0,0.5150515882924397,0.9652158859990083,24.320530418497807,55.583368171039304
241,170,5.0,5.0,0.545023176955448,0.5,24.23763269855008,55.65132601922078
315,585,7.0,1.0,0.799809391315062,0.17344582316985602,24.114340017735145,55.631536144570084
1053,1140,7.0,6.0,0.6438939814804137,1.0,24.20554027327109,55.75633694865812
794,44,6.0,6.0,0.430686813226268,0.5,24.16137335315804,55.550709773470665
756,372,7.0,5.0,0.530561282867344,1.0,24.25947039286174,55.8557950091605
338,1157,5.0,5.0,0.4091389245070577,1.0,24.15209970421904,55.879013023912
143,998,7.0,7.0,0.3441391774809886,1.0,24.195386991218875,55.790076719800254
1150,240,6.0,5.0,0.7108088053822473,1.0,24.134905291189874,55.594077374768105
1471,649,5.0,5.0,0.5689909118653109,1.0,24.205121007211652,55.674711808298945
1468,38,3.0,3.0,0.5138578747758552,1.0,24.113146278617435,55.55776135234731
1447,340,7.0,6.0,0.47731060406851505,1.0,24.317230946559356,55.738920138623975
1297,393,5.0,5.0,0.5748110061304398,1.0,24.242744447807873,55.67052825593071
224,1416,5.0,2.0,0.9923896511606706,0.3559051493486006,24.099437680294567,55.6246302390969
163,1276,4.0,4.0,0.5528525223479104,1.0,24.282677414702878,55.60806012232733
372,966,5.0,5.0,0.50972754796386,1.0,24.190110292670717,55.55816244592618
26,981,5.0,4.0,0.5229956408329627,1.0,24.353725086677002,55.5574113135069
806,39,6.0,6.0,0.6163700935892729,1.0,24.10953463539732,55.75690744877243
78,611,4.0,4.0,0.5125980692989484,1.0,24.12925885596329,55.584891536952995
972,419,6.0,6.0,0.4439597984993044,1.0,24.226284769327844,55.64710250869476
1081,182,4.0,4.0,0.3481595326031932,1.0,24.29739138646383,55.793795016462255
734,615,6.0,4.0,0.48888314290287105,1.0,24.24671458669242,55.82374829805421
1266,1156,5.0,5.0,0.49868060476040366,1.0,24.190630608853603,55.81545068553944
1067,65,5.0,5.0,0.5081638159629788,1.0,24.127283255858323,55.706156377357594
450,1263,6.0,6.0,0.4975126926772269,0.6520212179242756,24.343202150502336,55.6834325243871
1115,1036,4.0,4.0,0.30675812381323064,1.0,24.229413824396246,55.71379454886654
1322,33,7.0,6.0,0.4722134554483908,1.0,24.277405506688535,55.663588658406375
692,702,7.0,4.0,0.6869708516694749,0.5,24.246950938742163,55.81411630532113
788,1082,5.0,5.0,0.4195156346175575,1.0,24.092193086653598,55.69197064176523
1166,663,6.0,6.0,0.4837567766443704,1.0,24.122715802856877,55.7980326358126
771,863,5.0,5.0,0.539430141864057,1.0,24.209814379589663,55.65408945522256
426,720,5.0,5.0,0.48458041745943276,1.0,24.205228437691545,55.836587767632274
1147,12,6.0,4.0,0.27347313319352906,1.0,24.254917903027554,55.6474998035446
880,1080,7.0,6.0,0.417070672237433,1.0,24.173492352345054,55.604637158548655
474,904,6.0,6.0,0.6253757881194226,1.0,24.048011930720815,55.761597739204156
1092,1278,7.0,6.0,0.6191320312673985,1.0,24.223584024351407,55.664939954269684
39,285,6.0,5.0,0.5703183210881794,1.0,24.28224083547118,55.68902013768982
1074,1353,4.0,4.0,0.4634402470804214,1.0,24.14789948614171,55.6652813356718
1458,1025,6.0,6.0,0.43654157336577387,1.0,24.06169537948802,55.576279171326256
1306,1234,4.0,4.0,0.4631610570171298,1.0,24.173882840759795,55.55036282723285
1005,56,7.0,2.0,0.06780521796689905,0.36887693479512557,24.183882914189805,55.57863395223939
24,778,5.0,5.0,0.5922800998816727,1.0,24.087659067021182,55.57411765161261
377,849,6.0,5.0,0.5901905249443063,1.0,24.199921654011792,55.5806117416486
458,390,5.0,5.0,0.5864882971865468,1.0,24.08533447715882,55.77115163843113
35,1033,5.0,5.0,0.273605468291947,1.0,24.298442435987123,55.60476575521779
1031,551,5.0,5.0,0.6474786406937464,1.0,24.12520435459227,55.76872381615137
149,548,5.0,5.0,0.448210733819107,1.0,24.21234939126338,55.816948438819786
261,877,5.0,5.0,0.39397513441947046,1.0,24.20391484982909,55.76500821663891
792,1388,6.0,6.0,0.446125864272662,1.0,24.32833073421992,55.567526000941776
1004,151,6.0,6.0,0.568240053332726,1.0,24.195516818268935,55.75882738290595
175,1080,7.0,6.0,0.66749470279753,1.0,24.209525952738936,55.56273837855244
221,469,4.0,4.0,0.3517424277914253,1.0,24.086943678040374,55.86008918211854
1463,225,6.0,5.0,0.4615272070995558,1.0,24.204507954750063,55.52172489509163
410,400,4.0,4.0,0.4388454779281008,1.0,24.18750817203691,55.588955606077384
1302,111,6.0,4.0,0.5152425952025431,1.0,24.103728706663766,55.800793498515866
1274,51,7.0,1.0,0.3128025078503811,0.3589162753950215,24.132032245173647,55.88600431862137
414,649,5.0,5.0,0.5137870755399474,0.8503391621909364,24.176672817118153,55.650334585808054
884,1316,3.0,3.0,0.47816157546733623,1.0,24.311673391424907,55.81452284469866
1375,663,6.0,6.0,0.5144857088490821,0.9946144283193041,24.16376617118217,55.83208208586245
1215,499,5.0,5.0,0.39667671731452014,1.0,24.144895720281404,55.66776231151202
978,301,6.0,6.0,0.4438554735244413,1.0,24.276291950279834,55.72780135205476
1339,35,4.0,4.0,0.4344840508971347,1.0,24.150740997480895,55.6344767828372
881,238,5.0,4.0,0.5116254917841362,1.0,24.096330247736148,55.713530007308485
1443,994,6.0,6.0,0.3797933174827378,1.0,24.31007395877562,55.874384572191644
470,1088,4.0,4.0,0.4299666132079038,1.0,24.308756618128527,55.78296147306237
1156,215,7.0,4.0,0.624915765060138,1.0,24.34312573999937,55.88349083327594
863,313,5.0,5.0,0.618232214434352,1.0,24.120410967398964,55.82256436383278
768,324,4.0,4.0,0.5649176932428825,1.0,24.20354882912781,55.8200305045434
32,988,5.0,5.0,0.5010164955808905,1.0,24.16816213262338,55.57550606057503
992,871,7.0,6.0,0.51472652569856,1.0,24.113398497167474,55.71887022385368
1101,551,5.0,5.0,0.6037938308167914,1.0,24.181688326068638,55.81020348426223
202,1362,7.0,5.0,0.5832402095755012,1.0,24.07266426422388,55.563156962650595
1314,1220,7.0,7.0,0.5744179283259173,1.0,24.2719285635811,55.759748959711644
375,569,5.0,5.0,0.4369214959529817,1.0,24.17516639524945,55.56223266793819
915,813,5.0,4.0,0.5769186127796582,1.0,24.256076845911718,55.70178793910476
339,957,5.0,5.0,0.5070416983580153,1.0,24.0836589612316,55.880365131336845
684,975,5.0,4.0,0.6188985183820805,1.0,24.303805255991506,55.702562190930394
304,906,7.0,7.0,0.3668063740649566,1.0,24.096643813857394,55.695290689988774
1382,50,4.0,4.0,0.40549650341084525,1.0,24.18247651613063,55.689957605499345
204,265,6.0,6.0,0.41852107949556683,1.0,24.09009386193739,55.65853718494372
913,1137,6.0,4.0,0.4295258264573052,1.0,24.153356309637456,55.703873464922204
981,811,5.0,5.0,0.5617926450954924,1.0,24.051566450842348,55.707114333952234
1342,1002,6.0,5.0,0.5826158758872255,1.0,24.114781564486027,55.73941094684433
1055,553,6.0,5.0,0.5921794405257097,1.0,24.295187347226808,55.801018996906535
958,1435,6.0,6.0,0.5491697773052346,1.0,24.20561176569678,55.69635772368986
1442,1040,6.0,6.0,0.45106928051024603,1.0,24.233345567649376,55.64579029571158
1002,398,6.0,6.0,0.5305853578541545,1.0,24.305574401948483,55.601532172589565
471,952,7.0,7.0,0.5067453091151674,1.0,24.255398092072305,55.60473746909529
597,543,6.0,1.0,0.7298650855730567,0.1855738041160645,24.191864921544454,55.628639337862126
911,944,5.0,5.0,0.4564481849876776,1.0,24.25423954566888,55.76752815678012
767,1182,4.0,4.0,0.5165155051204445,1.0,24.250662362981313,55.6006628098734
359,332,5.0,5.0,0.5417016053729692,1.0,24.3221190160874,55.76229228434179
945,906,7.0,6.0,0.4733810015837993,1.0,24.110311853158876,55.67884395912119
638,882,3.0,3.0,0.549919431061543,1.0,24.25488461093204,55.635710219900055
1004,1156,5.0,5.0,0.6567621896230271,1.0,24.18683612911343,55.763597275566184
1260,60,7.0,5.0,0.684157859654167,1.0,24.34419892355823,55.69460889219564
372,299,4.0,4.0,0.7544094299718669,1.0,24.182048450795175,55.56688130510508
221,55,6.0,5.0,0.5412725566492371,1.0,24.091453555704625,55.86862432866116
752,1208,6.0,6.0,0.6636501340687282,1.0,24.12136733970635,55.58348815725903
991,1239,5.0,5.0,0.37022672522946176,1.0,24.223281560739682,55.69539341935364
1187,1112,5.0,5.0,0.6110420044450305,1.0,24.260537532781697,55.90223290387355
462,1246,5.0,5.0,0.3324647783540347,1.0,24.19111931447753,55.81658613664451
287,647,4.0,4.0,0.569985109933839,1.0,24.102067778081558,55.82924077334076
835,1184,5.0,5.0,0.40666802112647993,1.0,24.2349877022478,55.72394127787943
1266,1313,6.0,5.0,0.42011748145057126,1.0,24.18169151174177,55.80639407003254
845,1386,6.0,6.0,0.4572253420193268,1.0,24.1348439176614,55.73750549061466
1034,144,6.0,5.0,0.4409248915957184,1.0,24.277255520562942,55.76705828352016
1234,755,5.0,2.0,0.3635317030760648,0.6432396039241264,24.219769522450534,55.64207887970215
1418,1035,5.0,5.0,0.4158300636633355,1.0,24.226205319789834,55.79317351453622
1221,316,5.0,4.0,0.42692311557441687,1.0,24.102550156986695,55.804273768781876
1111,1473,3.0,3.0,0.4511543849495489,0.656505974993691,24.1219814803111,55.681082968833095
424,1210,4.0,4.0,0.47839396874502893,1.0,24.123945306587384,55.85745427738822
1348,738,5.0,5.0,0.5861426006242099,1.0,24.11492981374693,55.84666714022345
285,1190,5.0,5.0,0.43024447229734264,1.0,24.26391403908484,55.59336588026456
601,533,6.0,3.0,0.9737179091188672,0.12922185424318444,24.32790331277776,55.64551296565048
1220,204,6.0,6.0,0.5063576011364219,1.0,24.15507026640612,55.79232689852954
812,1326,4.0,4.0,0.483637281509385,1.0,24.308905623863293,55.76288818829374
205,1329,4.0,4.0,0.5693118489537073,1.0,24.132227764302403,55.83338675535077
680,23,6.0,6.0,0.5978645792452719,1.0,24.109111946069,55.69201221086997
41,362,5.0,5.0,0.4049375479733758,1.0,24.228721078759285,55.90700351358988
196,212,5.0,5.0,0.5655330388412931,0.5,24.138638571755184,55.85260387563089
272,1430,7.0,6.0,0.39359117393874565,1.0,24.173908482351294,55.552495521442054
111,819,7.0,6.0,0.5623452693132143,1.0,24.118846595673382,55.735862648732684
784,201,5.0,5.0,0.4783874156721027,1.0,24.215385589584347,55.60895558608569
395,1454,5.0,4.0,0.5120157875125848,1.0,24.192974416896256,55.88752720153249
861,478,7.0,5.0,0.43917271494744364,1.0,24.344934098137394,55.63289619452313
897,1367,6.0,5.0,0.5840087995012708,1.0,24.11324117360141,55.843978587015386
382,730,4.0,4.0,0.33757359926700076,1.0,24.15203470622493,55.7178941168591
296,796,7.0,6.0,0.4748224517076944,1.0,24.14081575994486,55.749481902285005
533,1328,5.0,5.0,0.6288611266987836,1.0,24.246260507509337,55.74404862310664
554,298,6.0,5.0,0.44704315067015443,1.0,24.124188933744655,55.58127276516651
165,1425,6.0,4.0,0.416222087171454,1.0,24.20826905957892,55.558438538224024
682,1297,5.0,5.0,0.4724132909685041,1.0,24.225279466507516,55.85820565188309
1451,343,5.0,5.0,0.4614061136612589,1.0,24.345075927111044,55.625776363525375
140,780,4.0,2.0,0.19420889020079732,0.037338688237828266,24.298535664244877,55.668225835907265
1063,396,7.0,7.0,0.5118395608512006,1.0,24.318131719938147,55.699859121345426
231,1039,6.0,5.0,0.48812307043921854,1.0,24.158923816191784,55.74473558825177
599,1466,6.0,5.0,0.47129008315114695,1.0,24.222649936982332,55.70084797187192
930,1236,4.0,4.0,0.40640923924111905,1.0,24.17849513922255,55.57975596582687
803,1424,4.0,4.0,0.5294821927710708,1.0,24.330214145519935,55.79828002048144
741,358,6.0,4.0,0.7192020044094162,1.0,24.261556682854707,55.617413702560675
988,1381,4.0,4.0,0.48163425807610133,1.0,24.344314770561727,55.89382415691568
899,1224,6.0,4.0,0.5656592765231143,1.0,24.18591444310866,55.66306182260129
1017,1432,5.0,5.0,0.5404042712967799,1.0,24.346226464288513,55.63248494450449
227,287,6.0,4.0,0.4194311578479217,1.0,24.298767299265826,55.612884021650586
880,56,7.0,5.0,0.4062470259020372,1.0,24.174680907486472,55.60115003193252
599,147,5.0,5.0,0.2977019761210731,1.0,24.217800651737267,55.693310369687936
1039,1334,4.0,4.0,0.43110357915202346,1.0,24.2164406401232,55.7490284919764
942,982,7.0,6.0,0.8065105855356907,1.0,24.34114369668784,55.86281880113117
1297,1012,4.0,4.0,0.507655822865923,1.0,24.246925542849823,55.67413835073549
1387,766,4.0,4.0,0.45566732530760745,1.0,24.121438045603902,55.76393938045238
1366,1226,5.0,2.0,0.49493023362659266,0.21125501813845587,24.102471250857718,55.86883092121486
1100,131,3.0,3.0,0.5158292437130332,1.0,24.256065658420116,55.863132673974796
1202,540,5.0,5.0,0.5402732769242088,1.0,24.252230687243664,55.621187243929974
1308,1459,6.0,5.0,0.5793350707445273,1.0,24.273096289025094,55.870817794351304
800,839,5.0,5.0,0.4896152060628187,1.0,24.150586275780963,55.82229455429945
795,1331,5.0,5.0,0.39467139693243153,1.0,24.27296515328548,55.82156267047101
665,246,6.0,6.0,0.4286652751987567,1.0,24.23658537450344,55.75881661057673
1292,786,6.0,5.0,0.6353131749088314,1.0,24.084033785859294,55.61369600413738
697,878,5.0,5.0,0.3363495907377312,1.0,24.257820221605105,55.63255581632368
362,178,6.0,6.0,0.446551631146384,1.0,24.14905948184378,55.64960867310917
1288,160,6.0,2.0,0.9670410851782669,0.40593560988937727,24.30477270037183,55.80539229672253
372,1265,4.0,4.0,0.48746923662289354,1.0,24.187680097795376,55.56941357274543
298,171,6.0,4.0,0.3187799957006814,1.0,24.31485899516005,55.762767177663456
1361,235,4.0,4.0,0.32441685472330756,1.0,24.165214615923,55.745094129685874
800,528,7.0,6.0,0.4717944447396641,1.0,24.14400959851873,55.822487671499886
9,1487,6.0,5.0,0.48863669679476884,1.0,24.27528875090849,55.858925665846115
1060,1015,5.0,5.0,0.45544035900357316,1.0,24.29658693297137,55.7689168647346
1270,22,6.0,6.0,0.6501245220035132,1.0,24.12117293401654,55.762844470256994
1293,1413,6.0,6.0,0.5086146244905015,1.0,24.25148140249237,55.6222584022075
684,768,6.0,4.0,0.372137605115733,1.0,24.300686135617664,55.69292683678438
655,445,6.0,6.0,0.5096494531722957,1.0,24.314157535950297,55.71512571941777
265,1111,6.0,4.0,0.5154688136008742,1.0,24.262637628209223,55.819636446850424
206,228,5.0,5.0,0.3857041252019236,1.0,24.052223387797504,55.78044359304919
998,20,5.0,5.0,0.504300751826948,1.0,24.2959490212609,55.571632169578116
884,107,3.0,3.0,0.49588477759457333,1.0,24.318165687074174,55.819712114974074
1221,528,7.0,4.0,0.5995254953047131,1.0,24.09470633383105,55.802174207789854
1455,1130,5.0,5.0,0.4526831967646659,1.0,24.270910752803978,55.82141026661292
302,688,6.0,5.0,0.4677644404593367,1.0,24.216095120523168,55.64529259928902
232,312,5.0,1.0,0.9931069122762419,0.445217707884223,24.28704612955633,55.85666756194589
514,573,5.0,5.0,0.5372925369715258,1.0,24.29476193833378,55.83526498149443
1409,642,4.0,4.0,0.48934328505995317,1.0,24.177226575220846,55.799659602266004
701,599,6.0,5.0,0.34728849681034446,1.0,24.091215919574957,55.57941563576453
50,733,5.0,5.0,0.4637077007941033,1.0,24.330521561642378,55.59920246258561
1259,923,5.0,2.0,0.14846855194609335,0.3872934568849518,24.27919579542554,55.55977820523592
1454,14,5.0,5.0,0.4447482346593432,1.0,24.262826766347995,55.58603543244468
1174,1471,6.0,5.0,0.32743950310086634,1.0,24.232512587378768,55.578753400370346
632,264,5.0,5.0,0.5028274807448189,1.0,24.35768335907811,55.82046068084257
587,18,6.0,5.0,0.4910062840310374,1.0,24.22280295322446,55.81922193068073
481,251,7.0,5.0,0.5541539473147125,1.0,24.177829530537924,55.81973103545769
371,205,4.0,4.0,0.5515805024186902,1.0,24.14912748883235,55.72726378861429
799,92,8.0,5.0,0.641600270203052,1.0,24.286306448610684,55.87607204039712
889,1437,5.0,5.0,0.5516401348905451,1.0,24.28444847812895,55.69239278958869
1276,263,5.0,5.0,0.49815155332238337,1.0,24.05183418087567,55.72728474941312
296,747,6.0,6.0,0.6538832309233268,1.0,24.138103936216737,55.75039689604661
981,902,5.0,5.0,0.5781010546567593,1.0,24.057646659470194,55.716720258259144
261,424,6.0,6.0,0.6509742433052801,1.0,24.195463938779252,55.758430101064796
687,580,5.0,4.0,0.5453438070629589,1.0,24.095167740427513,55.62662557619565
912,399,4.0,4.0,0.6236501872918059,1.0,24.118030524154975,55.795136505795085
165,223,6.0,5.0,0.7676906719312486,1.0,24.211178923955153,55.550478723330464
1120,1476,6.0,5.0,0.6163741702724173,1.0,24.327666023356482,55.58260970282984
258,353,7.0,7.0,0.4528517583582536,1.0,24.142664074281264,55.6358604472194
1142,903,4.0,4.0,0.5564430732264618,1.0,24.139945991362406,55.6366947989609
209,269,6.0,5.0,0.6019537745703626,1.0,24.161745894868687,55.79771942971594
902,1041,7.0,6.0,0.555409270387569,1.0,24.29592877959391,55.856181843351514
1220,1344,6.0,5.0,0.5825273827433577,1.0,24.150226217299213,55.78736859645893
238,1306,4.0,4.0,0.42350693520420296,1.0,24.160723475366034,55.716834274048686
1177,899,6.0,6.0,0.4436880888697043,1.0,24.105282577348795,55.72321398883449
710,1096,7.0,5.0,0.3113679617158416,1.0,24.33747283847314,55.61540095673152
181,1363,4.0,4.0,0.14927665527365996,0.5744945486551496,24.071493285085314,55.881306705917005
805,1360,7.0,5.0,0.3921545088411392,1.0,24.09709593500541,55.796690821589586
155,759,4.0,4.0,0.34624038057462647,1.0,24.264098850925915,55.57535288788434
428,874,6.0,6.0,0.5739720747957253,1.0,24.330884071278724,55.74927915617436
1166,269,6.0,5.0,0.36534281679557457,1.0,24.115925369423948,55.80554072422304
15,1213,6.0,5.0,0.41448679078161393,1.0,24.23563525011881,55.87975977491471
292,1007,6.0,4.0,0.4324851331081479,1.0,24.08533468569393,55.674655160709385
701,1378,5.0,4.0,0.6368364482217443,1.0,24.083986101136578,55.583710689014424
1032,200,7.0,4.0,0.5391953411898268,1.0,24.08493685583569,55.83319746437435
792,1096,7.0,6.0,0.551652523531161,1.0,24.323857276122844,55.56026349859951
494,1238,6.0,6.0,0.48658842546543346,1.0,24.297336693034524,55.675967235359074
1194,557,8.0,5.0,0.5039821400076239,1.0,24.191676191388687,55.83495626579995
726,733,5.0,5.0,0.4855226087846485,1.0,24.303555009279183,55.60009856054102
67,988,5.0,4.0,0.400518891280389,1.0,24.12540813897916,55.60706260798821
1437,1364,6.0,5.0,0.5582740114894202,1.0,24.119292524847342,55.860979858378386
803,554,5.0,5.0,0.5590453382616161,1.0,24.335287727427318,55.796457569986835
1272,769,6.0,5.0,0.5491590009674246,1.0,24.080786835706423,55.843018070663426
265,7,6.0,6.0,0.44394643683869695,1.0,24.26956840231208,55.81308663605862
1445,1065,7.0,5.0,0.4466778781397297,1.0,24.310449821081978,55.881443664959605
1485,354,5.0,5.0,0.5444623654894082,1.0,24.137096869021356,55.848461640848974
903,893,5.0,5.0,0.54377990636346,1.0,24.28265735224612,55.63854655278111
981,997,5.0,5.0,0.5268795997303608,1.0,24.05640251269864,55.720438207669126
1275,407,7.0,6.0,0.24565810617215744,1.0,24.351027943452905,55.59048533605243
372,1198,5.0,5.0,0.4667634198482028,1.0,24.181828174376875,55.574713988577464
26,541,5.0,5.0,0.5097027742254479,1.0,24.353870441264675,55.563522609117015
10,384,5.0,5.0,0.7473807664712716,1.0,24.098888218224886,55.67008611036365
545,411,6.0,5.0,0.43265000538415405,1.0,24.30712709023802,55.87037531113769
734,530,6.0,6.0,0.4777845758741935,1.0,24.24839503528012,55.81390149904406
1330,32,8.0,5.0,0.5354204898539319,1.0,24.253867903419728,55.70971891792245
945,1463,5.0,5.0,0.5121445213030005,1.0,24.103588456618223,55.6858790563502
1169,939,6.0,6.0,0.8089085733020471,1.0,24.22522603559134,55.82726891071579
935,1445,3.0,3.0,0.4310159750341429,1.0,24.09055668303357,55.753763558151775
393,57,6.0,6.0,0.4937851831217126,1.0,24.11080615144223,55.87851229801357
817,163,7.0,6.0,0.4530949371945393,1.0,24.10885619914374,55.85887626895038
312,391,6.0,5.0,0.6054783110059117,1.0,24.2062497221458,55.78629272752931
945,205,4.0,4.0,0.5276681046824879,1.0,24.097020195678443,55.67642327715226
654,845,7.0,5.0,0.5249916799677568,1.0,24.27015998063727,55.77788531123805
357,430,4.0,4.0,0.5884648132310608,1.0,24.138766957587283,55.87160013087438
1107,1333,8.0,7.0,0.4614064504857824,1.0,24.085634061303942,55.81714676121798
234,1084,4.0,4.0,0.5056818672862176,1.0,24.136885703297743,55.87967451495262
471,1339,5.0,5.0,0.484680194798149,1.0,24.24922831011331,55.61191397790553
922,337,5.0,5.0,0.45523725251672353,1.0,24.177924077968402,55.762115687095005
768,1293,5.0,5.0,0.4868562823016037,1.0,24.207717978810894,55.81823099156962
1202,759,4.0,4.0,0.6158932137632075,1.0,24.25478996186622,55.62057757893641
1156,1095,4.0,4.0,0.5340539327996151,0.995110239771782,24.339569008232996,55.893286351258084
1185,1286,5.0,3.0,0.4651218702162562,1.0,24.15670377239994,55.879019904796365
1155,696,6.0,6.0,0.5177193843627499,1.0,24.157441803728634,55.69814227728798
356,1319,6.0,6.0,0.5783665101513701,1.0,24.10505000745529,55.86482742846962
297,1191,5.0,5.0,0.3668914378832493,1.0,24.234269063774544,55.72664587039901
253,1166,5.0,5.0,0.5542246409289091,1.0,24.29691559921954,55.675143219984825
1228,835,4.0,4.0,0.40188215844755987,1.0,24.11672868391833,55.85186366655751
84,636,6.0,4.0,0.4789604710133931,1.0,24.192663459194595,55.81534223289146
202,671,4.0,4.0,0.4634339661046457,1.0,24.074090794795982,55.56505062914327
1161,221,5.0,5.0,0.39373449381439146,1.0,24.210554865503855,55.64562806757095
1111,800,6.0,5.0,0.40829748403149924,1.0,24.128401437580205,55.69071416836406
22,751,4.0,4.0,0.5703275275501307,1.0,24.26331861492754,55.8784192999377
1418,423,6.0,4.0,0.5227341549096015,1.0,24.21915732169733,55.798933207793795
927,644,5.0,5.0,0.5743682401709659,1.0,24.242041042905736,55.60608818694858
108,793,6.0,6.0,0.45959310068555315,1.0,24.27512465410172,55.696637656448914
1308,83,6.0,4.0,0.4113734925307738,1.0,24.281552535059642,55.86561796961883
1357,151,6.0,6.0,0.5692078235963605,1.0,24.203378691684087,55.8319186624596
67,708,5.0,4.0,0.48641845859411653,1.0,24.130161306765263,55.61126618662977
692,845,7.0,4.0,0.4771472776318243,0.4333487112997063,24.249009517604616,55.820547143280265
188,1423,6.0,6.0,0.5330407556679256,1.0,24.118494113448307,55.60641129033699
352,1271,6.0,6.0,0.38176274067630844,1.0,24.216502061431108,55.86549419829408
310,388,4.0,4.0,0.5948418284471659,1.0,24.28151990178792,55.606894874030196
589,942,6.0,6.0,0.4493212512758858,1.0,24.162727971201086,55.59722606648933
352,1387,4.0,4.0,0.4175022590987816,1.0,24.222804622808965,55.86851271850442
894,1191,5.0,5.0,0.5974893067315024,1.0,24.21528041382791,55.73556079952786
1038,539,6.0,4.0,0.5203578238352555,1.0,24.091397345882704,55.837711411067204
1418,1257,7.0,5.0,0.4140326845084672,1.0,24.21365021702182,55.79065404030615
1327,1031,4.0,4.0,0.5746850467000486,1.0,24.217131360049454,55.68044211724425
442,977,5.0,5.0,0.4561124519089758,1.0,24.117218761724462,55.9014620211647
1151,685,6.0,5.0,0.46331107081420037,1.0,24.105388991699325,55.6880944474064
1038,647,4.0,2.0,0.6483882584461569,1.0,24.092561344089066,55.8370784670908
159,959,6.0,4.0,0.6589398156671231,1.0,24.116779892406672,55.87085012914653
768,1217,7.0,6.0,0.45773105273963566,1.0,24.217211592771264,55.80937139110687
1305,146,4.0,4.0,0.660135514546846,1.0,24.151694983090437,55.88750109597559
372,1423,6.0,6.0,0.5649856560859222,1.0,24.189774076473682,55.580869981418374
914,263,5.0,5.0,0.4948317483919077,1.0,24.10423048907323,55.69601249687691
721,637,6.0,6.0,0.36555364224910747,1.0,24.127723671955746,55.858223278350664
1404,606,5.0,5.0,0.5466843773366239,1.0,24.102173724500563,55.57941746107917
136,1434,7.0,4.0,0.6428451287752789,1.0,24.345245098932306,55.703660656857494
426,474,6.0,6.0,0.5488451608937112,1.0,24.195809090194242,55.83449854686476
1236,813,5.0,5.0,0.5806920439499366,1.0,24.29270229064011,55.75298660217736
379,1026,5.0,5.0,0.6366203454857086,0.980903393128322,24.338985934414,55.545787904640044
185,23,6.0,6.0,0.44729716396493296,1.0,24.12530175451607,55.68480697469411
1292,580,5.0,5.0,0.3559841710155286,1.0,24.09108965230902,55.608244100888804
1302,739,5.0,5.0,0.4366637538107802,1.0,24.10488924384974,55.809540415013835
279,1336,5.0,5.0,0.47943078380597204,1.0,24.287568366937048,55.61388357317487
1014,1148,6.0,6.0,0.36620377352722305,1.0,24.2787309156113,55.817896376898254
701,491,5.0,5.0,0.5196600274508393,1.0,24.086679801816437,55.58075999089645
1421,424,6.0,5.0,0.4545563285842277,1.0,24.196600099645256,55.77589646862416
252,598,5.0,5.0,0.1809306927219343,1.0,24.094624624229983,55.587519668046006
216,794,5.0,5.0,0.46667022102460043,1.0,24.31764994327433,55.799713452102964
1479,1485,5.0,5.0,0.4619290179759297,1.0,24.388570487076,55.63833314069522
438,59,6.0,4.0,0.6584049015646485,1.0,24.158454750665967,55.70544228789675
1210,15,4.0,4.0,0.47917298210796133,1.0,24.147685493612013,55.76390992264288
326,480,6.0,6.0,0.4751969585491949,1.0,24.259378687077472,55.83531379752878
917,1154,6.0,2.0,0.15815668593699517,0.24309427170809295,24.177207217755903,55.6728694718802
1205,714,7.0,6.0,0.6147036345865216,1.0,24.170385789353315,55.84096665068232
357,354,5.0,5.0,0.5475061867354563,1.0,24.132857676783836,55.87666012018391
75,668,5.0,5.0,0.5868406944329232,1.0,24.239745966697686,55.73530328358491
393,959,6.0,5.0,0.4654607165763458,1.0,24.101621054099116,55.882580053297
943,289,7.0,6.0,0.556888695312055,1.0,24.091005210355224,55.82853693964256
1308,1442,5.0,5.0,0.6144578729828011,1.0,24.278713390069797,55.8688874807819
372,1341,5.0,5.0,0.5624414855085853,1.0,24.184622627693674,55.58519453058382
301,316,5.0,5.0,0.31647612350911425,1.0,24.064246531375122,55.81687733589347
665,1422,7.0,6.0,0.5541677546298046,1.0,24.23073283717951,55.75045049193673
954,285,6.0,5.0,0.500593989060787,1.0,24.25244701689329,55.73707104921229
1200,570,6.0,4.0,0.5492945515870991,1.0,24.28399316317348,55.78092819716206
226,872,5.0,4.0,0.6058602890403418,1.0,24.322272520786903,55.64798642301032
1049,1397,6.0,5.0,0.6108228388824116,1.0,24.099020964537555,55.63900966172892
1279,436,7.0,6.0,0.4932356167527281,1.0,24.342727314971285,55.652651644945266
63,627,6.0,6.0,0.5338187212467222,1.0,24.234373664653585,55.70425330169446
511,299,4.0,4.0,0.4825716086762584,1.0,24.1553349943532,55.589555521799234
490,251,7.0,7.0,0.5143184496175996,1.0,24.19432126826592,55.798853991604624
91,761,5.0,4.0,0.5759218849640249,1.0,24.229302929978488,55.82410554068315
143,1308,4.0,4.0,0.5509833082748725,1.0,24.190030156103145,55.78059669400264
1008,1365,7.0,7.0,0.5685783877138842,1.0,24.227303343709693,55.626334793303464
387,137,5.0,5.0,0.5302840368020273,1.0,24.140947705944704,55.807047820202484
772,1347,6.0,5.0,0.4367719742717343,1.0,24.31553501371381,55.70293796224033
401,969,4.0,4.0,0.5487128775208352,1.0,24.341940694274818,55.84016133751232
134,303,4.0,1.0,0.8550708434485051,0.6518864369481396,24.33226642695682,55.7349393677014
338,376,5.0,5.0,0.3288127158727623,1.0,24.159395883375407,55.888519670347044
1243,1209,5.0,5.0,0.4400641474733532,1.0,24.264991973393432,55.83173336546537
1287,455,7.0,5.0,0.5609581791748072,1.0,24.12701732036955,55.8443306771441
813,1264,5.0,5.0,0.34145327953070015,1.0,24.176957467278285,55.84134689353961
788,906,7.0,6.0,0.4382100289889976,1.0,24.09405869806813,55.69980832575133
244,791,6.0,5.0,0.587264758130803,1.0,24.298688313592432,55.78805978221709
400,102,7.0,5.0,0.7077662971533818,1.0,24.29010828406015,55.603889064111435
1279,887,7.0,6.0,0.3823027610409218,1.0,24.336434938272216,55.653834288411
1094,1443,5.0,5.0,0.3511368451924983,1.0,24.102672416219136,55.666556683664396
43,1010,5.0,5.0,0.4551136803016219,1.0,24.217331579062694,55.726230044905975
844,767,4.0,4.0,0.5278924672230737,1.0,24.209256597335486,55.747369772684344
1053,1039,6.0,5.0,0.5014741852805292,1.0,24.199987192324414,55.748794743207156
759,265,6.0,5.0,0.7139830558290718,1.0,24.08695926449666,55.68964903760026
761,1099,8.0,5.0,0.3819530855324115,1.0,24.183972009457054,55.87351555151125
1465,604,7.0,5.0,0.4577557403264712,1.0,24.25523336852521,55.58860546746686
1085,124,6.0,6.0,0.6535235346327157,1.0,24.13532274233643,55.61197535723289
1128,1372,7.0,4.0,0.4835635019951253,1.0,24.24951116649935,55.773008565668256
1485,295,4.0,4.0,0.48598000784327894,1.0,24.146516661985864,55.84388868688654
718,1079,4.0,4.0,0.5836811600275593,1.0,24.336190893336365,55.57296864597136
1004,1094,8.0,6.0,0.44023740972071695,1.0,24.195520907999523,55.75665690961825
272,162,5.0,5.0,0.47161902934689737,1.0,24.16781021919015,55.559121522620416
1186,1417,5.0,3.0,0.34608919834529495,1.0,24.100495948801093,55.65807634950266
121,733,5.0,5.0,0.4111155155152266,1.0,24.332357999588453,55.63129777258414
1458,1405,5.0,5.0,0.44615444152249384,1.0,24.068722925016942,55.56658542125608
865,367,5.0,5.0,0.6802120920578079,1.0,24.1764215045914,55.702499958320615
338,313,5.0,5.0,0.6790067085756708,1.0,24.155774158156756,55.89303744611429
797,1409,5.0,5.0,0.5002410567248471,1.0,24.310929118262205,55.70481360592555
829,1483,6.0,1.0,0.11315876533667203,0.8374981579769023,24.339114903621986,55.726065818334185
1470,511,5.0,5.0,0.5673642916775837,1.0,24.16357891711161,55.7670989080111
1039,1032,7.0,7.0,0.5226492529050418,1.0,24.219856061240446,55.749086288904664
525,1317,5.0,4.0,0.5306092641688364,1.0,24.250291617530987,55.54911608130894
451,1160,7.0,7.0,0.6869516914896665,1.0,24.17734038382377,55.76374244559401
780,951,7.0,7.0,0.4000421038121764,1.0,24.29680720232037,55.67072765985032
686,264,5.0,5.0,0.39960390542423635,1.0,24.331925767767064,55.7988104826988
692,471,5.0,5.0,0.4027698811082931,0.748983588951089,24.249531357406262,55.82088575594643
798,169,5.0,5.0,0.37081714864506105,1.0,24.183052065489733,55.576635463630524
1443,307,5.0,5.0,0.6286186820660619,1.0,24.30775377327868,55.878690683933556
761,619,6.0,5.0,0.5706491135449242,1.0,24.182778233009795,55.86743604721836
1015,1352,4.0,4.0,0.40184853166961343,1.0,24.304637919244364,55.89580983421166
790,27,5.0,5.0,0.53239610626643,1.0,24.32830793476379,55.79347804967679
709,268,4.0,4.0,0.3806010447413427,1.0,24.175355283974564,55.594607899578385
150,1483,6.0,6.0,0.5935704249426215,1.0,24.34497631623665,55.7563845083412
1187,608,5.0,5.0,0.47661968648398834,1.0,24.25838511199779,55.91212567190353
136,1009,4.0,4.0,0.37072023230158957,0.976849437788889,24.349098432552484,55.6960738701404
15,915,6.0,6.0,0.4942284971449434,1.0,24.23587223584695,55.87568046438941
1292,446,4.0,4.0,0.5191467696969242,1.0,24.084978105510668,55.6077696149666
928,936,8.0,5.0,0.5446536977317852,1.0,24.28227564945223,55.6788536924704
118,474,6.0,6.0,0.43308372922705124,1.0,24.193176684221722,55.81574920581493
466,991,7.0,4.0,0.6772678943374286,1.0,24.11243365032355,55.828437202851156
84,702,7.0,5.0,0.7143853056526772,1.0,24.18705658879665,55.82026615773305
1190,422,5.0,5.0,0.36258800168887584,1.0,24.181083708987458,55.56049106493363
875,426,4.0,1.0,0.011186844125681984,0.5045491086520457,24.27645052734072,55.59058880371569
737,945,5.0,4.0,0.5832030409201937,1.0,24.075021773853223,55.868936341995415
640,751,4.0,4.0,0.5243199122680157,1.0,24.22776954609289,55.89786618407575
1041,1198,5.0,5.0,0.5471184912679139,1.0,24.18362643407893,55.62487161131713
1494,1219,8.0,5.0,0.46922332300890224,1.0,24.085187069962004,55.6957533165368
205,765,5.0,4.0,0.3705433609445411,1.0,24.140374375066525,55.8332539680972
528,121,4.0,4.0,0.46360025051694015,1.0,24.301351607224397,55.76465271252539
293,94,6.0,6.0,0.5429321745669625,1.0,24.310788518279615,55.73883505213822
404,1425,6.0,6.0,0.4395005500062182,1.0,24.18334961288067,55.640582014062645
319,925,6.0,6.0,0.42163384503175944,1.0,24.216956777402252,55.72225428136299
990,690,7.0,6.0,0.6405890551416533,1.0,24.32548519750018,55.658059387662774
1494,1470,4.0,4.0,0.5027883578390521,1.0,24.090196572058442,55.701858802011635
1418,1068,6.0,6.0,0.5311320500643241,1.0,24.207490850319573,55.79205733174217
275,1180,6.0,1.0,0.5552073527333623,0.04740129916625235,24.128791374424353,55.67647832316974
582,1234,4.0,4.0,0.4095239096730706,1.0,24.16185831360479,55.571295408745264
265,1402,4.0,4.0,0.595653659061467,1.0,24.273296614770576,55.81905816274215
861,989,4.0,4.0,0.49016263607489535,1.0,24.343381896009657,55.62872768670216
1342,304,6.0,4.0,0.4529288618272715,1.0,24.10856476387653,55.744439982468656
734,199,6.0,5.0,0.5212276493726993,1.0,24.249323579077924,55.8229539155971
189,417,6.0,6.0,0.5029455697494052,1.0,24.30604943122134,55.88687873106855
1384,346,7.0,4.0,0.7461753829050057,1.0,24.328651891239222,55.59033987740794
640,1157,5.0,4.0,0.4819183974333503,1.0,24.22311954469754,55.906179913679956
1098,163,7.0,6.0,0.3676176103186926,1.0,24.11266367295151,55.81037530676196
971,709,4.0,4.0,0.40354788104054057,1.0,24.273018604453036,55.65471143075816
1461,203,5.0,5.0,0.2984575304079474,1.0,24.083403768353243,55.82628240105139
84,72,6.0,5.0,0.29598766523314096,1.0,24.18888892471597,55.81381657148167
708,707,6.0,5.0,0.409256881212135,1.0,24.137244486480363,55.63553496222527
202,930,3.0,3.0,0.5022986603221761,1.0,24.069703487977385,55.563169345746026
1379,960,6.0,6.0,0.47051971407893384,1.0,24.30163177080428,55.67520211581993
1187,153,6.0,6.0,0.5327290352964702,1.0,24.26345895144164,55.91278512757392
878,600,4.0,4.0,0.49442097811067975,1.0,24.168204100153392,55.686747020445246
909,1054,7.0,7.0,0.4393787121859383,1.0,24.24584310425572,55.832648664212975
927,1131,5.0,4.0,0.44700856176586223,1.0,24.250043483288188,55.60216946901396
50,1301,5.0,5.0,0.45858745021721653,1.0,24.339870587020986,55.59377913098949
216,144,6.0,6.0,0.8204015632559252,1.0,24.316354824639724,55.80168591710551
977,286,6.0,6.0,0.4391009386268395,1.0,24.26410925888538,55.79968531891309
638,1322,7.0,3.0,0.6139966423193667,1.0,24.249066698653394,55.62869134806007
195,85,4.0,1.0,0.024485701919624542,0.06322066442227847,24.317981083749512,55.69768906006153
26,927,5.0,5.0,0.48055204461666534,1.0,24.35572945441089,55.566419173611585
1366,313,5.0,1.0,0.4485261062281921,0.35991837722736897,24.095394114267094,55.86983538221628
456,890,7.0,5.0,0.5595259810322176,1.0,24.35258404456347,55.63005835111924
143,391,6.0,5.0,0.6130075855659411,1.0,24.186661937010147,55.781610510685894
1104,1362,7.0,5.0,0.44018718850271854,1.0,24.110418623671755,55.57041702598727
68,844,6.0,6.0,0.562673165349558,1.0,24.351531806540553,55.7694928459315
1452,1279,6.0,5.0,0.39669634431906875,1.0,24.173434235923107,55.65433134645753
1082,988,5.0,6.0,0.013970795882215616,0.4330851441925058,24.121409700757468,55.55787519217947
1254,317,5.0,5.0,0.537550829479035,1.0,24.2854874318096,55.719994272545
288,421,5.0,5.0,0.47420076447883347,1.0,24.181133052139472,55.67934787042195
784,462,5.0,5.0,0.5669235727106318,1.0,24.206844056023,55.60924024145259
1327,405,6.0,5.0,0.46800395114977755,1.0,24.216821234010936,55.68868394043508
1269,866,5.0,5.0,0.6099697454225573,1.0,24.215284016293833,55.791521439975824
22,892,7.0,5.0,0.5054167722161409,1.0,24.255977931341185,55.8766236758289
650,1081,5.0,5.0,0.536625770232761,1.0,24.201746300226336,55.8779211599122
68,1310,6.0,6.0,0.5794443368339165,1.0,24.344920142333233,55.768007033309026
287,141,8.0,6.0,0.6530007918997233,1.0,24.093237097345185,55.824569089692645
882,687,3.0,3.0,0.5220344454542188,1.0,24.1753104659383,55.66783170631906
1368,318,7.0,5.0,0.554707368279378,1.0,24.326719711701337,55.63344144382183
401,1330,6.0,5.0,0.6087253666464577,1.0,24.345722612874276,55.833630194577296
293,301,6.0,4.0,0.35586947007998015,1.0,24.314081418070778,55.7395560839172
863,779,6.0,5.0,0.49012751402740296,1.0,24.125770442871072,55.81382297311102
189,1200,5.0,5.0,0.5917943959183558,1.0,24.297590939542513,55.89376385702514
1348,311,5.0,5.0,0.38181815885226766,1.0,24.12130910888536,55.852566263969756
179,457,5.0,5.0,0.4205574992258393,1.0,24.082647848647557,55.762828402656304
63,473,4.0,4.0,0.45574407741959566,1.0,24.23307747840828,55.695764120838504
354,923,5.0,5.0,0.6174100617562318,1.0,24.279144430035295,55.57632836760225
886,57,6.0,6.0,0.5354031382998824,1.0,24.149807989388776,55.829993541405486
655,1129,4.0,4.0,0.440077729010795,1.0,24.31795025855389,55.705738674109824
205,1410,4.0,4.0,0.4381655502798761,1.0,24.13781522639066,55.82434358880033
179,230,6.0,6.0,0.5007835936966458,1.0,24.082974838063684,55.760990225584045
1468,1460,5.0,5.0,0.5033905990376575,1.0,24.11124809725586,55.55859531039929
1187,943,6.0,6.0,0.4858017433569815,1.0,24.258836371306135,55.90862173880719
17,1119,5.0,5.0,0.610921994160409,1.0,24.171109531003445,55.665784873246714
604,286,6.0,6.0,0.4433390829017583,1.0,24.30985655753337,55.78145820447706
1194,619,6.0,5.0,0.5091687547724073,1.0,24.1907307924989,55.828434940962296
47,500,5.0,5.0,0.33263867451822715,1.0,24.079971402084823,55.82724552989488
397,1251,5.0,5.0,0.5790770151049842,1.0,24.15132330623234,55.635266759243024
1060,1090,5.0,5.0,0.5066064787834748,1.0,24.300773257368935,55.77319174866269
999,1171,4.0,4.0,0.4102368640788643,1.0,24.32701182107897,55.8133939203572
1342,552,5.0,5.0,0.41379500920448875,1.0,24.10547053234356,55.74424458847476
696,1182,4.0,4.0,0.6466290110735766,1.0,24.205517370420598,55.592335932301665
1327,367,5.0,4.0,0.6084335613953462,1.0,24.22431408265713,55.69224385470428
389,1264,5.0,5.0,0.48352629974976924,0.9739685878702189,24.184936119926398,55.773175722492425
1323,1150,5.0,5.0,0.5770412005284526,1.0,24.145932543381704,55.75782241861712
414,328,5.0,5.0,0.43674858890012336,1.0,24.168546586470672,55.64815389956609
1130,677,4.0,4.0,0.6136835009983991,1.0,24.332243344769378,55.875687740168026
47,430,4.0,4.0,0.27292470601004215,1.0,24.08806259827141,55.81985009161848
850,780,4.0,4.0,0.696043065624012,1.0,24.333742940863196,55.716709677306326
557,416,8.0,4.0,0.3898606932294831,1.0,24.292142733611666,55.8174887740458
22,365,6.0,6.0,0.4710764136993146,1.0,24.265405632497266,55.880913481646424
469,233,6.0,2.0,0.01719944389171699,0.06400011019976848,24.0556908282873,55.78285643638786
184,1434,7.0,5.0,0.5752683518274747,1.0,24.310772368896558,55.71606400639218
419,1289,7.0,5.0,0.487205258299023,1.0,24.291470717704556,55.571006092229425
1480,191,4.0,4.0,0.4801512579455656,1.0,24.117607706777246,55.68229945339087
640,1398,6.0,6.0,0.5228791740677687,1.0,24.22843014181767,55.913407347391065
1245,787,5.0,5.0,0.6906199411929569,1.0,24.157772954616068,55.7651344361126
1169,583,5.0,4.0,0.5020890354086411,1.0,24.22213370825654,55.82707393015956
424,1078,5.0,2.0,0.34092121287791677,1.0,24.127129978830748,55.848040620533
822,936,8.0,5.0,0.3878264320499195,1.0,24.278990164884558,55.61386215022426
451,1429,5.0,4.0,0.4011330772279246,1.0,24.180928399961324,55.769857139820665
481,423,6.0,6.0,0.7170502274849562,1.0,24.172120920211974,55.810984242201904
767,86,6.0,5.0,0.2593177630201211,1.0,24.244250591367386,55.605950000338304
1435,450,4.0,4.0,0.44845537541060204,1.0,24.317155226448346,55.59626834980977
83,52,4.0,4.0,0.49810534623245534,1.0,24.318939928602617,55.83126530594464
1033,924,6.0,6.0,0.6058128156819258,1.0,24.14743565963452,55.87395271274504
696,1440,6.0,4.0,0.6421136392483873,1.0,24.20500926560248,55.58937752161891
24,1379,6.0,6.0,0.4744162241269397,1.0,24.078191024929612,55.582846382792674
1449,978,6.0,4.0,0.3551234874730953,0.252494007025166,24.195134649312596,55.577006848945814
113,862,4.0,4.0,0.31983468357468847,1.0,24.093245268532065,55.59516346487216
227,433,5.0,5.0,0.39667695335700853,1.0,24.302435494271293,55.611663231592594
829,1347,6.0,8.0,0.0035904143478108237,0.16467181631935812,24.34715425720532,55.727933548407464
418,1355,6.0,6.0,0.37238637254849805,1.0,24.169103215604455,55.58838370791287
1081,844,6.0,4.0,0.4783645880655133,1.0,24.304282097937122,55.79395609615854
282,1121,6.0,6.0,0.45921875762656544,1.0,24.297166926264556,55.69526438053122
1179,824,5.0,5.0,0.50430867006267,1.0,24.344156177224907,55.86088733817713
1330,1354,6.0,6.0,0.4341943644318078,1.0,24.249805525122046,55.71442834440492
145,192,4.0,4.0,0.3995960888195676,1.0,24.191150814781043,55.7969743555741
514,1189,6.0,6.0,0.4844220429383225,1.0,24.293873573293745,55.843342457171424
244,1136,5.0,5.0,0.37746058440386887,1.0,24.292095536357145,55.7838413200364
528,1249,5.0,5.0,0.3035834118760409,1.0,24.306742416271963,55.76278520164674
1279,120,6.0,4.0,0.613884683440266,1.0,24.338352680377163,55.64829097739328
191,841,6.0,6.0,0.5319789542690031,1.0,24.27415444630433,55.73026173726081
1323,698,5.0,5.0,0.6850754713391021,1.0,24.137653236628463,55.75369565159649
656,915,6.0,4.0,0.3368173298320834,1.0,24.257272570639728,55.888254626067244
1068,883,6.0,6.0,0.5213034557168813,1.0,24.090096944177517,55.712076288832726
1067,956,5.0,4.0,0.3787350109705597,1.0,24.13332957930837,55.71037182648055
184,813,5.0,5.0,0.46362466418175236,1.0,24.31744961088849,55.72283941076127
57,749,6.0,6.0,0.5019588289746135,1.0,24.06259982972409,55.622905208132295
342,1149,5.0,5.0,0.6056773730301551,1.0,24.10154204479296,55.88492528542845
1314,320,4.0,4.0,0.5854189613085797,1.0,24.269337037835143,55.764949974555776
442,237,6.0,5.0,0.5549447685350003,1.0,24.113779688008155,55.89210378153698
287,864,6.0,5.0,0.6699950222450578,1.0,24.0990378867878,55.828965215473914
58,583,5.0,5.0,0.5083237228933883,1.0,24.223862485572237,55.83768571261377
513,748,7.0,6.0,0.6177320221359568,1.0,24.05378539162157,55.67301088706074
899,178,6.0,6.0,0.3998990553368919,1.0,24.17671607113435,55.66624227974667
263,511,5.0,5.0,0.5917776449215288,1.0,24.21177070836504,55.76581097752341
143,315,7.0,6.0,0.4218344989298964,1.0,24.182753348434726,55.79107518653109
1219,231,5.0,4.0,0.42238803575428635,1.0,24.097228790618768,55.81341346339178
1076,1404,5.0,5.0,0.5733709633438671,1.0,24.25861111585823,55.55933690786941
152,42,5.0,5.0,0.598978954190738,1.0,24.331771945935834,55.794026923002214
1437,738,5.0,5.0,0.5210738265248013,1.0,24.117624003543504,55.86066471043675
479,507,7.0,6.0,0.6348287705732979,1.0,24.21236278843253,55.769601858338056
179,403,4.0,4.0,0.4329344889510849,1.0,24.08530788665765,55.75640454999579
662,1113,7.0,4.0,0.5692330832146407,1.0,24.171221362236437,55.63917853441356
641,1344,6.0,6.0,0.544232221835886,1.0,24.116270291211418,55.786364116120836
414,125,7.0,5.0,0.6674521944670099,1.0,24.17205956292638,55.657557911978095
144,405,6.0,6.0,0.43803660639952363,1.0,24.214864113102163,55.69511014481039
1183,468,7.0,4.0,0.5332807660309522,1.0,24.061651239184588,55.76708874824098
988,735,5.0,5.0,0.6441767775705276,1.0,24.339850309089996,55.88555808225723
885,384,5.0,5.0,0.43979739307798393,1.0,24.133300617055323,55.61555145420202
502,621,6.0,5.0,0.5857550376751418,1.0,24.246560108569653,55.712971816079104
909,286,6.0,6.0,0.6133363275047954,1.0,24.251948940465162,55.822987960202994
929,1274,5.0,4.0,0.4715376815493959,1.0,24.223723040932157,55.55876252012559
566,505,6.0,6.0,0.5574919910948224,1.0,24.223392532562066,55.581989365229845
671,1039,6.0,4.0,0.4220718074878109,1.0,24.21645512159626,55.70937072236927
571,1429,5.0,1.0,0.7685696349789977,0.8917362307059948,24.178325846370875,55.81725325721532
813,1256,6.0,5.0,0.5737262621799512,1.0,24.177833262326175,55.84462971265566
1063,60,7.0,5.0,0.30685346853540973,1.0,24.313734899103864,55.69377789249898
771,130,5.0,5.0,0.6227568271492535,1.0,24.204134495133186,55.65004226348196
301,1363,4.0,4.0,0.4219605640701245,1.0,24.07325997768402,55.809532074902094
708,862,4.0,4.0,0.4874521789770141,1.0,24.136060240825675,55.626015458039504
580,688,6.0,5.0,0.6691441167292292,1.0,24.20534073457796,55.66056201597023
113,1201,5.0,5.0,0.5756269971330463,1.0,24.087941949665105,55.60436861091984
3,1244,5.0,5.0,0.6041217743550011,1.0,24.140378143747053,55.84593259247681
604,1490,5.0,5.0,0.4073398531401104,1.0,24.304547989066315,55.78597423688949
1463,422,5.0,5.0,0.35249737055712127,1.0,24.198033679687587,55.51958299507888
97,393,5.0,5.0,0.5373155192210183,1.0,24.203957892110292,55.73114595010522
1418,678,6.0,6.0,0.4282619477461566,1.0,24.213455630548115,55.79250810258641
181,1226,5.0,8.0,0.4627149715707225,0.7715593860063148,24.067762699818328,55.89090991203566
912,684,4.0,4.0,0.37913599323283526,1.0,24.110022646152945,55.80098445100099
1317,322,4.0,4.0,0.5267729887855004,1.0,24.247488153088472,55.62867540556343
686,459,5.0,5.0,0.43522904333191526,1.0,24.33532317779421,55.808517119128794
726,540,5.0,2.0,0.27715441539886565,1.0,24.310128500179616,55.60370505480174
1014,795,6.0,4.0,0.3965323413282547,1.0,24.282259617601454,55.822670084508566
992,918,5.0,5.0,0.41302510601512094,1.0,24.103800302147125,55.71286169209486
895,1337,3.0,1.0,0.9994657591058455,0.04897864561465565,24.235667102239518,55.583701197290914
186,684,4.0,4.0,0.46776604702669444,1.0,24.076653249512024,55.76551078096804
1170,487,7.0,5.0,0.4204267659704144,1.0,24.075910938139824,55.86716603003361
57,374,7.0,6.0,0.6833081874501494,1.0,24.055865017466907,55.62851384589199
342,311,5.0,5.0,0.5242234461205435,1.0,24.10890687616613,55.88282235351688
1190,397,5.0,5.0,0.23866903640080428,1.0,24.18712790074066,55.56794437210962
688,64,6.0,4.0,0.48639150735113723,1.0,24.223819746862553,55.66695486284926
1033,672,6.0,6.0,0.5706660882492536,1.0,24.143173830473167,55.86600901859893
1117,913,6.0,5.0,0.4688358020496991,1.0,24.083122040372825,55.62734276550115
1252,1431,4.0,4.0,0.5898077256762404,1.0,24.169998365892454,55.62707978283855
1314,91,6.0,5.0,0.7098471327106715,1.0,24.27110813817661,55.759667657215516
1428,424,6.0,5.0,0.541822821868806,1.0,24.20684478656315,55.77117322339307
130,311,5.0,4.0,0.5801939160869867,1.0,24.090230049011517,55.86154423049426
444,965,7.0,6.0,0.5989230341111756,1.0,24.253071383357437,55.86807356210207
95,992,5.0,4.0,0.7166612810597968,1.0,24.145165972494226,55.60145732909621
241,1166,5.0,5.0,0.4493768472448182,1.0,24.24169089196809,55.65844990563059
657,969,4.0,4.0,0.6269349351581113,1.0,24.318474313837626,55.88665093851986
982,470,4.0,4.0,0.6324710231307938,1.0,24.06916620264647,55.81686872678606
835,262,5.0,4.0,0.43618013166411074,1.0,24.236924464655374,55.722035769176415
1339,901,6.0,5.0,0.374799824634933,1.0,24.1588841042996,55.64110553478683
26,1250,7.0,5.0,0.4805183335380945,1.0,24.3637519799783,55.569642449500265
778,57,6.0,4.0,0.5855689190465198,1.0,24.146334292493584,55.81009904646654
1272,1364,6.0,5.0,0.4302789023298077,1.0,24.07999034847209,55.85151522920475
674,599,6.0,5.0,0.47276500873517546,1.0,24.073562945429384,55.55673932063259
705,1071,7.0,6.0,0.40064607024439336,1.0,24.29996628718824,55.761595895730245
446,1343,5.0,5.0,0.34426202005551676,1.0,24.349996483250465,55.79495425965823
700,29,7.0,4.0,0.537903730409695,1.0,24.146445640860414,55.761590456890545
665,894,5.0,5.0,0.6052747589852564,1.0,24.2212961389228,55.74321549976324
807,31,5.0,5.0,0.4951974824532569,1.0,24.31210498684711,55.83975773548573
373,266,4.0,4.0,0.639914006816979,1.0,24.164536515483064,55.68238631110222
890,1366,4.0,4.0,0.5312443187957365,1.0,24.15086197113925,55.577855254600344
1331,1158,5.0,5.0,0.5739201702773109,1.0,24.281496726624876,55.614149837246885
1017,84,6.0,5.0,0.3047440556984097,1.0,24.353181558265934,55.63291266272142
1030,338,3.0,5.0,0.6453419252136793,1.0,24.336290699725193,55.848189128539126
407,158,4.0,4.0,0.5409470070074046,1.0,24.32939825487411,55.84103371133028
554,133,5.0,5.0,0.6159159695643378,1.0,24.12593471737049,55.586880893779956
650,928,6.0,6.0,0.42365964913344956,1.0,24.19823682041537,55.87300229963433
319,1140,7.0,6.0,0.45610157276786467,1.0,24.207284871797377,55.71969107481341
799,79,3.0,3.0,0.6066162091308245,1.0,24.280171988219077,55.88543911897406
1018,1050,6.0,6.0,0.49607402520600546,1.0,24.26895113413601,55.73541497796858
901,959,6.0,4.0,0.497075068924999,1.0,24.120638354389776,55.85514648295275
1375,1247,6.0,5.0,0.5326877946330055,1.0,24.162758283170252,55.823112331909876
150,1005,5.0,5.0,0.5834565076906839,1.0,24.33682405290689,55.755959471779015
681,751,4.0,4.0,0.6267887906788729,1.0,24.251086628212157,55.89758949058698
84,1152,6.0,6.0,0.5054247948693882,1.0,24.190302083418562,55.81717265590061
113,961,7.0,4.0,0.5282360190283458,1.0,24.095288558780787,55.60044598243343
3,237,6.0,6.0,0.5173855999139431,1.0,24.145213132169097,55.84043763574613
553,1338,6.0,5.0,0.5122113327949673,1.0,24.250094509429182,55.83128243689287
960,551,5.0,5.0,0.48421120013554253,1.0,24.119140392020796,55.78243557398052
202,665,4.0,4.0,0.5686553693048828,1.0,24.065729602643486,55.560851831771586
575,1192,4.0,4.0,0.5251860443866065,1.0,24.259561004542277,55.54419434088927
1158,1325,6.0,5.0,0.5359531268610012,1.0,24.24335557202408,55.64941409508397
1276,545,4.0,4.0,0.4746803552742298,1.0,24.04930543775998,55.72686435136197
1016,763,4.0,4.0,0.6192567154558192,1.0,24.090769973734837,55.812646028249326
441,525,5.0,5.0,0.47986065335493155,1.0,24.330824511874802,55.66569445689363
111,173,5.0,5.0,0.4025489253800302,1.0,24.12824143727625,55.74205314575558
157,1420,6.0,3.0,0.5712807512181578,1.0,24.27769765825532,55.83653754991333
741,544,6.0,6.0,0.3954576829131804,0.9960174646195429,24.253012603073934,55.607828566844475
673,1346,6.0,5.0,0.3894504124201377,1.0,24.187217588759417,55.6420369819362
662,150,4.0,4.0,0.4930677901328077,1.0,24.179688014059952,55.642521483441506
1373,1258,7.0,5.0,0.5359073338267069,1.0,24.06848476891879,55.62951630561805
312,1499,4.0,4.0,0.5248852975471195,1.0,24.2110812618473,55.78203284828285
1299,257,6.0,5.0,0.4180716612891965,1.0,24.332003877532195,55.70026371800255
654,813,5.0,5.0,0.566603503215332,1.0,24.27327006544968,55.787230937746415
1327,216,5.0,5.0,0.5782188831169243,1.0,24.21484883363413,55.69593275305689
387,502,7.0,6.0,0.4505807826728255,1.0,24.134955943308455,55.8056889181195
778,81,5.0,5.0,0.5895945736869027,1.0,24.14625085545795,55.806295841676615
517,77,6.0,4.0,0.6189964191777626,1.0,24.12653469729874,55.55349881487583
291,893,5.0,4.0,0.20072951444539433,0.04143334603452292,24.320524007407776,55.67949881091367
511,515,6.0,6.0,0.5835657266548874,1.0,24.14718648720391,55.58291220813721
319,863,5.0,5.0,0.4539019049531811,1.0,24.20277380888325,55.72323778019553
1081,1343,5.0,2.0,0.66112624671827,1.0,24.303188743526036,55.79952864784201
1454,418,6.0,6.0,0.567272836794321,1.0,24.26704192535132,55.58297308439708
11,600,4.0,4.0,0.4880679742335989,1.0,24.127602474383934,55.64441985324005
304,196,7.0,6.0,0.305213653429226,1.0,24.091295748682086,55.704410636682404
624,1486,6.0,6.0,0.4051936559923673,1.0,24.2057919361077,55.7944106383353
77,503,7.0,6.0,0.6663981225801046,1.0,24.28696799927035,55.848999503888145
479,1068,6.0,6.0,0.5012476242345932,1.0,24.21137682547596,55.76066967236523
1338,319,6.0,4.0,0.4828924795131345,1.0,24.351636116681437,55.79013755406981
924,667,7.0,6.0,0.561902784960393,1.0,24.106811172864685,55.71029386541253
372,460,5.0,5.0,0.4592390320681563,1.0,24.181739638261867,55.58858140958943
126,111,6.0,6.0,0.5434349281185699,1.0,24.115833105482395,55.742140575925916
866,475,6.0,6.0,0.403073768067124,1.0,24.211044953309568,55.57714881008894
745,188,5.0,5.0,0.4726971161856607,1.0,24.0700515591422,55.65937821359855
1035,478,7.0,6.0,0.45392063578419684,1.0,24.31309691978991,55.638012357762456
223,1327,5.0,5.0,0.5285071057015367,1.0,24.16739369932659,55.83927635000609
119,427,5.0,5.0,0.4464610941352395,1.0,24.126539071860094,55.813535204692556
1323,270,5.0,5.0,0.33481027506198646,1.0,24.147614735912686,55.751560469410336
234,805,6.0,6.0,0.4274327843970702,1.0,24.139541940783573,55.87133238502617
1194,741,7.0,5.0,0.3385541833958323,1.0,24.187292855774327,55.82406856613642
978,458,6.0,5.0,0.49743891269075047,1.0,24.27480011088842,55.73312544369658
1307,1465,5.0,4.0,0.35775545769481226,1.0,24.26809597525722,55.70344636122095
1099,1241,6.0,6.0,0.4664639424641897,1.0,24.073197237394325,55.79130062871312
838,1464,7.0,5.0,0.4639530080241907,1.0,24.237076624811063,55.78238438162239
1435,334,7.0,6.0,0.5410050104417214,1.0,24.320972965508872,55.60232953494608
282,174,6.0,6.0,0.43675673624654665,1.0,24.306173853854368,55.69078080923202
719,526,4.0,4.0,0.38641884821293737,1.0,24.10175480785224,55.729510891166846
357,1488,5.0,5.0,0.4569989493947847,1.0,24.132538285529442,55.87265413134439
1185,1287,7.0,6.0,0.407363696010715,1.0,24.14685390791243,55.88324477907827
1212,842,7.0,5.0,0.4064862228888038,1.0,24.196949377148037,55.552486644365594
1225,597,4.0,3.0,0.5671673057637174,0.09415228476631132,24.179449517135883,55.55964638344176
491,797,6.0,4.0,0.6286849977601139,1.0,24.167590653525526,55.662908882395065
165,1399,6.0,6.0,0.4367095408204812,1.0,24.214868060123692,55.551180650542435
342,1049,5.0,5.0,0.5256089241129943,1.0,24.116069744017242,55.874003390917636
208,181,4.0,4.0,0.46829944997751427,1.0,24.256943507138814,55.8299940119429
1243,631,5.0,5.0,0.5030939091652328,1.0,24.26205857736981,55.83333394167834
1297,951,7.0,4.0,0.26676648797949265,1.0,24.251536764442534,55.67009185843083
387,1313,6.0,5.0,0.44949859831760186,1.0,24.141151425763525,55.808767027864235
1117,1378,5.0,3.0,0.598976167723852,1.0,24.092017618771003,55.617938809919416
817,884,6.0,6.0,0.6253665890244492,1.0,24.109048247164914,55.861934312664296
999,107,3.0,3.0,0.5247104591832099,1.0,24.32756074302735,55.81973276617394
1321,287,6.0,3.0,0.42900315267664957,1.0,24.29685383562482,55.6465061525941
1260,1494,4.0,4.0,0.5138045782472208,1.0,24.34686544699412,55.69166177491285
757,540,5.0,4.0,0.6442250766612142,0.9065808499300959,24.269303607955756,55.6553299438777
686,496,8.0,5.0,0.40795345673942546,1.0,24.33709200626515,55.80716170159291
961,639,5.0,5.0,0.5847191154340843,0.8632182470472921,24.17726602458492,55.77915836794385
1335,335,5.0,4.0,0.7120488151233061,1.0,24.244367151759768,55.882508426373285
1008,1325,6.0,6.0,0.7210947809166018,1.0,24.222616599928987,55.62368360470075
1225,428,5.0,1.0,0.9998051811485508,0.3240834803875533,24.18804619668482,55.56287958222421
0,1183,5.0,1.0,0.9157532287382255,0.0719603074878149,24.279302039303634,55.84553045947115
389,719,7.0,7.0,0.6361375988864022,1.0,24.18691364300592,55.78216376914323
589,532,3.0,3.0,0.4956858197059027,1.0,24.16649848401997,55.59132384488279
1096,1364,6.0,6.0,0.6843522345135036,1.0,24.117099502022743,55.89969219959084
561,431,3.0,3.0,0.4691298250459496,1.0,24.181547485729908,55.56272703330865
1085,1355,6.0,4.0,0.7208634617436408,1.0,24.136250084776457,55.60619496428637
228,1133,6.0,5.0,0.33641400350099804,1.0,24.166497015427208,55.840057178710616
564,147,5.0,4.0,0.48452285926141375,1.0,24.188475146395604,55.713314544812036
517,1044,4.0,4.0,0.4887508995287467,1.0,24.12699397631504,55.5485491985171
462,1293,5.0,5.0,0.4042671415588786,1.0,24.1985447741986,55.82657308500605
157,1406,6.0,5.0,0.5009736384844552,0.9761227938738811,24.28560900376879,55.8378012651478
413,183,5.0,5.0,0.3079678654191079,1.0,24.332842174865725,55.61514762498983
336,1107,6.0,1.0,0.5089062373246479,0.5,24.07162391958679,55.612663350681494
422,413,6.0,6.0,0.4887334914846443,1.0,24.175973146550152,55.62571347004013
1179,370,5.0,5.0,0.48481570036548116,1.0,24.336961132078425,55.869578572278236
1249,1093,6.0,6.0,0.5847600848233525,1.0,24.076887450652208,55.76060215744991
326,1035,5.0,5.0,0.456119848907201,1.0,24.255089925055234,55.83882293158713
1195,1287,7.0,7.0,0.570764661112333,1.0,24.147862112123544,55.85588373564897
1085,361,7.0,7.0,0.5465183841693515,0.9932004189748123,24.13335477881839,55.6047714600945
362,1307,6.0,6.0,0.3487465243559911,1.0,24.146860713786936,55.64090858158545
179,1438,6.0,6.0,0.6175189315723706,1.0,24.082003832286684,55.75902701868014
121,197,5.0,5.0,0.5822951516975733,1.0,24.330164809013187,55.6299162479023
253,97,5.0,5.0,0.443165438518779,1.0,24.289121270156574,55.6745099917471
960,1389,7.0,6.0,0.4426922220601256,1.0,24.124836334071983,55.77367046464855
368,13,6.0,6.0,0.5110468284771599,1.0,24.335566263027644,55.82782834260289
377,460,5.0,5.0,0.45495051753009796,1.0,24.19457384534718,55.58364747519804
835,438,5.0,5.0,0.45914762379252727,1.0,24.238018039855334,55.71376369203015
780,1045,6.0,6.0,0.5708383283896213,1.0,24.303791098172926,55.67472248894063
401,294,7.0,6.0,0.4397058052420227,1.0,24.3378701546812,55.83670821262899
336,1100,4.0,4.0,0.14554896819725632,0.41451103285171387,24.077355939648967,55.608540347592545
4,498,5.0,5.0,0.5258458278826517,1.0,24.32989199908786,55.61111416014269
1269,514,5.0,5.0,0.36996984136429323,1.0,24.220024113612833,55.79963881892345
271,563,6.0,6.0,0.40504313101961786,1.0,24.32843897267989,55.75044772746145
1452,1306,4.0,4.0,0.421750385221379,1.0,24.181101334128204,55.65278314917669
812,1458,6.0,5.0,0.3950162869795415,1.0,24.310932510795656,55.7631627911444
721,1259,4.0,4.0,0.45809827201078235,1.0,24.134852036039167,55.85424008396135
1266,377,4.0,4.0,0.5204730809126148,1.0,24.190116418335318,55.80603063221025
804,1111,6.0,6.0,0.34934739566914513,1.0,24.18941594530488,55.80723454867101
1373,302,6.0,5.0,0.39529104943780796,1.0,24.074438255331657,55.62068655864539
1162,1414,9.0,5.0,0.6015185623798254,1.0,24.33164789397122,55.67975947102933
1212,462,5.0,5.0,0.6286427731709814,1.0,24.18856429277767,55.55753320462899
1319,31,5.0,5.0,0.23846447836349077,1.0,24.335064921494535,55.82430965848312
70,169,5.0,5.0,0.7496919829631115,0.8360737331422312,24.22166836079665,55.61639476575669
1452,1307,6.0,6.0,0.3892175955005499,1.0,24.173082531869728,55.657087142769
861,220,4.0,4.0,0.6394044077481503,1.0,24.337046849262368,55.635463461762875
692,607,6.0,6.0,0.4580246152321006,1.0,24.24910651012915,55.82516186885568
1345,304,6.0,6.0,0.617160618397635,1.0,24.11171659581979,55.7529407673449
253,1121,6.0,5.0,0.5106887000895912,1.0,24.28165123657669,55.67089471801432
1208,487,7.0,7.0,0.4579853379032811,1.0,24.12993180351563,55.85733472805716
548,1329,4.0,4.0,0.5737213830087486,1.0,24.14798662752986,55.85471096112417
419,1192,4.0,4.0,0.4590369838685245,1.0,24.294444483050526,55.56966963161927
705,340,7.0,5.0,0.35403883759980315,1.0,24.308884666407305,55.76293926735982
162,862,4.0,4.0,0.5154055306382724,1.0,24.09878030577031,55.58158929452086
304,908,5.0,5.0,0.44165792810614346,1.0,24.084533302183747,55.70211066465084
169,793,6.0,6.0,0.4049441137472295,1.0,24.259737723922502,55.68145656749051
1357,474,6.0,6.0,0.4645344201243329,1.0,24.19384607014144,55.82775427434494
799,994,6.0,6.0,0.49214268116061294,1.0,24.28624328698343,55.88135354649635
437,1478,6.0,6.0,0.37482516447733416,1.0,24.273186993166092,55.75543930486656
670,874,6.0,5.0,0.412772853494399,1.0,24.32308344080824,55.73959263737397
213,737,5.0,5.0,0.6905910127371441,1.0,24.288911498801,55.621070682210274
761,1454,5.0,5.0,0.5395110214320467,1.0,24.183293749453856,55.86882411460226
794,428,5.0,4.0,0.47249894683866234,0.9790726743659781,24.153901120825072,55.54119295603925
1310,147,5.0,5.0,0.5993379401818968,1.0,24.22528113986026,55.64647363458087
373,130,5.0,5.0,0.38488971833155317,1.0,24.172896267785966,55.691205417581
655,635,5.0,5.0,0.4189270820525237,1.0,24.32246018627479,55.715063894171976
1271,350,4.0,4.0,0.5667869475801246,1.0,24.140226403903377,55.57599623977649
1120,232,5.0,5.0,0.3349024284410243,1.0,24.332175601218264,55.58260860975852
134,728,5.0,1.0,0.07918232280911364,0.09504196089776051,24.327838649347562,55.73409383741723
662,650,6.0,5.0,0.46765652736144664,1.0,24.184772793853362,55.651347730477966
1433,596,7.0,4.0,0.500490111438561,1.0,24.311625271841674,55.544765544241784
471,759,4.0,4.0,0.6238265494871913,1.0,24.256054400143704,55.61624278923806
838,772,6.0,5.0,0.5562526940315489,1.0,24.241987231925794,55.78773389948027
1220,127,5.0,5.0,0.6273467578566552,1.0,24.149283620913266,55.79631999835568
998,175,5.0,5.0,0.4402852446250064,1.0,24.286882275677726,55.57532763790762
1287,1205,6.0,6.0,0.6567684196531535,1.0,24.12704652432897,55.84473520401626
320,1317,5.0,5.0,0.5378443157429873,1.0,24.324061436897722,55.55102529231916
57,446,4.0,4.0,0.6058748108582357,1.0,24.058621248680332,55.619248246907034
1097,909,5.0,5.0,0.6713444799043937,1.0,24.12917905395339,55.80930105105035
491,342,4.0,4.0,0.38606143619838496,1.0,24.17146292605439,55.6634469115996
288,687,3.0,3.0,0.4186714199707168,1.0,24.181678819817854,55.681816086760406
1105,658,6.0,6.0,0.5900493181103497,1.0,24.266306154544758,55.86104909950499
376,896,6.0,6.0,0.5766035383910142,0.7988729296738095,24.142880232676042,55.851868031698956
525,622,6.0,5.0,0.3414867262524025,1.0,24.256080836568636,55.54481365191765
897,1134,5.0,5.0,0.6319934757265697,1.0,24.107944525080825,55.84407903981153
958,1010,5.0,5.0,0.5782668526156252,1.0,24.20926407107007,55.69445746358129
55,833,7.0,6.0,0.42296334811995456,1.0,24.314225240094103,55.5945146918486
298,659,5.0,5.0,0.524315271599142,1.0,24.313610518208993,55.76753924788097
604,1195,6.0,5.0,0.6898107072216448,1.0,24.29544030373446,55.79328763932346
950,354,5.0,5.0,0.6414380682356753,1.0,24.21057755710326,55.8475737231793
342,82,5.0,4.0,0.5663583221283779,1.0,24.114066796409034,55.87443130391835
817,141,8.0,5.0,0.5719055548482624,1.0,24.11205899510856,55.863396166464916
494,1166,5.0,5.0,0.40277630968913225,1.0,24.299684186246555,55.67266784258326
1463,164,5.0,5.0,0.34321185236178686,1.0,24.19034845275209,55.52030245847279
234,617,5.0,5.0,0.4182888724562793,1.0,24.137078559151384,55.863033705612125
561,1265,4.0,4.0,0.5443110862832656,1.0,24.18974351162478,55.5601218915578
227,114,4.0,4.0,0.3411315305241047,1.0,24.30427385693936,55.61598646086475
1188,169,5.0,5.0,0.37351154149461774,1.0,24.190308801169987,55.601191837802936
242,1216,4.0,4.0,0.436468091726266,1.0,24.21388022550263,55.74405326732331
68,177,6.0,6.0,0.48546879450465774,1.0,24.353227736626128,55.75809213360406
842,633,5.0,5.0,0.5972713126082557,1.0,24.2981452917439,55.858213275429776
1199,996,6.0,5.0,0.5670192422899127,1.0,24.251005958276856,55.584389741298736
210,233,6.0,6.0,0.5993879349434159,1.0,24.10104972223709,55.84586640617968
348,1053,6.0,5.0,0.47018491240554244,1.0,24.083083405665626,55.74472548388008
1429,1063,4.0,4.0,0.3752067801805757,1.0,24.29455296305332,55.87793464057817
1068,321,4.0,4.0,0.5570295102247848,1.0,24.09322618338362,55.70939724787411
956,479,6.0,5.0,0.4485331151151857,1.0,24.319707313875494,55.58854395609832
265,658,6.0,6.0,0.38764608774214443,1.0,24.27560940994014,55.82807275966759
701,446,4.0,4.0,0.4720800751435675,1.0,24.083146776982606,55.58050399079462
641,1377,6.0,6.0,0.5726299971830109,1.0,24.106861001053783,55.791666129485854
145,998,7.0,5.0,0.5267360137691833,1.0,24.18598783419882,55.80385901129847
1149,901,6.0,6.0,0.4576104946836248,1.0,24.145667328316094,55.62941380241638
460,994,6.0,6.0,0.46024978370743397,1.0,24.329811135596135,55.85019348679489
26,784,5.0,5.0,0.4916995882755438,1.0,24.362885524522834,55.57468457697477
1365,1244,5.0,4.0,0.497638122378332,1.0,24.11328315143392,55.87585294647136
1321,379,6.0,6.0,0.44446379350620674,0.9759796398204799,24.304181578634015,55.65644850334081
533,686,7.0,7.0,0.4497979050046519,1.0,24.250821981988974,55.75251561130069
288,425,5.0,5.0,0.6465253810577942,1.0,24.177291570272768,55.68763714160475
149,1176,5.0,5.0,0.4392651377834525,1.0,24.20512638357366,55.81081555630637
1147,379,6.0,5.0,0.4232846285289879,0.9884144574252507,24.24899372308818,55.63886563529378
672,428,5.0,5.0,0.4446475782215788,1.0,24.161029667396345,55.553152592769585
1014,1294,5.0,4.0,0.6775961327141687,1.0,24.287308766415872,55.81340762560091
1433,833,7.0,6.0,0.543972398764671,1.0,24.312290801146872,55.535842801297704
1494,41,5.0,5.0,0.3771363079672685,1.0,24.087056198227938,55.69671423291657
1287,924,6.0,6.0,0.4598555228078253,1.0,24.128890898930546,55.85359075120772
415,662,5.0,5.0,0.49574214531091837,1.0,24.340448910659894,55.768291937830035
1224,1473,3.0,3.0,0.38814886567036905,1.0,24.08634492065273,55.705093965285336
886,136,7.0,5.0,0.6041602810590494,1.0,24.14169106630198,55.828371422948194
774,794,5.0,5.0,0.5260433827327251,1.0,24.32444144576575,55.87154017935004
95,599,6.0,4.0,0.42469120944444677,1.0,24.141665673876354,55.60324374452298
442,146,4.0,4.0,0.4886223395697013,1.0,24.10962191705485,55.88978894639131
589,513,5.0,5.0,0.44848009620263307,1.0,24.17015786053118,55.59337973222004
479,670,6.0,5.0,0.44201436960920776,1.0,24.210013788884297,55.76928208078231
1188,119,7.0,7.0,0.5703540643054815,1.0,24.198084973429477,55.59839469768226
126,249,6.0,5.0,0.32118384961353963,1.0,24.114345592662865,55.7355342624269
655,1071,7.0,5.0,0.45907015537287094,1.0,24.318226403985964,55.71011553407253
805,1475,6.0,3.0,0.4747494149164528,1.0,24.08802452901549,55.795922059742125
980,868,6.0,6.0,0.5305043506439703,1.0,24.342290691858878,55.642444847777355
171,396,7.0,4.0,0.4804291490049966,1.0,24.302817570111095,55.701318559024244
1055,504,5.0,5.0,0.5790901408883053,1.0,24.30181282923152,55.79969126113011
288,796,7.0,4.0,0.5705111650146374,1.0,24.181034092385904,55.696905755117044
30,487,7.0,7.0,0.557281243147757,1.0,24.141543638783645,55.88635985293284
297,1292,5.0,4.0,0.5517779084118761,1.0,24.241519637779042,55.73493462802806
1165,778,5.0,5.0,0.35764715946518244,1.0,24.077585975159742,55.6095453494956
548,617,5.0,5.0,0.46437242635021525,1.0,24.14321140379836,55.85032377433847
772,301,6.0,4.0,0.41207103495109976,1.0,24.31645164304502,55.69855846266882
1205,1133,6.0,5.0,0.5338937151981004,1.0,24.16378763515302,55.83372991097175
918,667,7.0,5.0,0.3649304325530558,1.0,24.11930289163041,55.70094315458705
11,656,7.0,2.0,0.6458612361945651,1.0,24.124252242044296,55.652322652982015
653,1095,4.0,4.0,0.505657868209968,1.0,24.297801695750884,55.87246144647324
192,0,6.0,5.0,0.3994217035797006,1.0,24.227602795698385,55.860839707305026
1068,15,4.0,4.0,0.6679044613651548,1.0,24.0972324150971,55.713804754971136
867,1077,6.0,6.0,0.643399766254922,1.0,24.09473435317837,55.79273936847981
51,177,6.0,5.0,0.6658050004887778,1.0,24.31769667679458,55.71342712194966
1321,259,5.0,5.0,0.5221661123324888,1.0,24.312668259297595,55.65698100865667
251,1302,5.0,5.0,0.5165030480209942,1.0,24.125628016068482,55.83718286916303
1077,435,5.0,5.0,0.4946024616200939,1.0,24.29881294490177,55.58178997423201
288,822,4.0,4.0,0.49303976325639004,1.0,24.17298460284402,55.706769666192116
1252,713,5.0,5.0,0.5646289937486524,1.0,24.16886897185344,55.62652107790665
115,39,6.0,4.0,0.4890095571566478,1.0,24.09420832231845,55.691036803237715
110,348,7.0,6.0,0.5280199971252236,1.0,24.081958647568307,55.88321939081892
1030,215,7.0,2.0,0.5817393538170118,1.0,24.328354140470605,55.85458867870176
32,1355,6.0,4.0,0.6239932040475948,1.0,24.17760972688695,55.56637676825352
1249,304,6.0,6.0,0.44464879878711516,1.0,24.083161326724902,55.761174133820596
922,104,5.0,5.0,0.4467726752112482,1.0,24.17358691442108,55.7630093251355
1060,69,5.0,5.0,0.5009398800844674,1.0,24.30634665157047,55.773949967336456
1038,1356,5.0,5.0,0.40334952657379675,0.8998341362642475,24.09183317259099,55.84128486408569
647,61,5.0,3.0,0.4100074662414869,1.0,24.122806823699403,55.605336120648815
1215,328,5.0,5.0,0.540511686029263,1.0,24.139671734000135,55.6706838140494
442,1261,6.0,6.0,0.5659277141707004,1.0,24.09980027573885,55.88143656477932
1293,201,5.0,5.0,0.45435503783050357,1.0,24.25370822362397,55.626907662875055
364,1263,6.0,6.0,0.3614783225267224,1.0,24.306936833965565,55.651083631584015
181,940,6.0,1.0,0.8630140499479919,1.0,24.076412307002144,55.89076749711943
689,406,6.0,5.0,0.4469546622120749,1.0,24.197914919259407,55.62842294732954
1409,583,5.0,5.0,0.5528165524554824,1.0,24.184475610058893,55.79128568605416
1236,1220,7.0,5.0,0.7011158154301138,1.0,24.288835615823057,55.74317490906062
468,559,5.0,5.0,0.5620670790788069,1.0,24.237945663991777,55.877385974502786
790,1448,6.0,5.0,0.46558014532553976,1.0,24.325128611165702,55.79058660221644
1021,1311,5.0,5.0,0.6084711374788034,1.0,24.293907600092293,55.85799396468311
983,286,6.0,5.0,0.5127803574121184,1.0,24.27229345070522,55.78503202019002
889,542,6.0,6.0,0.5564586729475344,1.0,24.290539900056018,55.698087761926786
1143,459,5.0,5.0,0.41053498948265393,1.0,24.354163864920476,55.8094018999773
30,1134,5.0,5.0,0.5514481660975505,1.0,24.137337872100694,55.87791769176486
1065,944,5.0,5.0,0.5136647723346016,1.0,24.26693322148464,55.75773335005099
159,601,7.0,5.0,0.5770349113894099,1.0,24.115713475287926,55.8652883550861
784,99,7.0,5.0,0.327248043509135,1.0,24.19717095530718,55.60557765841578
159,1287,7.0,6.0,0.6765015673366022,1.0,24.11542315146689,55.869904526918035
980,1127,6.0,6.0,0.37272452856859317,1.0,24.3463793903411,55.64581787185847
794,862,4.0,4.0,0.48514060720376273,1.0,24.149981285665035,55.54438641325156
745,184,4.0,4.0,0.5410475015137601,1.0,24.073584003847255,55.65816345179772
806,1064,5.0,4.0,0.34707289266494123,1.0,24.104848407477398,55.76246281827161
1215,883,6.0,5.0,0.6106898509072756,1.0,24.14482725341735,55.67815151583785
1480,707,6.0,4.0,0.46629931291122717,1.0,24.112779061690468,55.675307781589694
89,666,8.0,4.0,0.6004890994875479,1.0,24.101806566841194,55.66652782854374
1266,181,4.0,4.0,0.4934814733615836,1.0,24.18679765957908,55.810695723975215
1247,192,4.0,4.0,0.5250089933332815,1.0,24.195587015871503,55.7861400525119
1190,579,6.0,6.0,0.6773186344478854,1.0,24.187017473861204,55.55977958940748
210,1202,7.0,6.0,0.40856220447284636,1.0,24.108467354131975,55.840739004105835
456,1419,6.0,6.0,0.47431705755715875,1.0,24.349041258450438,55.62834403859133
1076,1288,5.0,5.0,0.5298600134165252,1.0,24.249406780480804,55.56217801552459
1239,923,5.0,5.0,0.43602608940958393,1.0,24.339586352511436,55.56961459362333
1243,1051,7.0,7.0,0.6345125026169296,1.0,24.25631103970806,55.82624848033753
1078,1378,5.0,5.0,0.5578506123366076,1.0,24.136183200891207,55.54667681946381
413,161,5.0,5.0,0.379822740092007,1.0,24.32724743458813,55.60607260145184
907,279,7.0,7.0,0.7190302012630798,1.0,24.283749403347183,55.870183516424554
799,1059,4.0,4.0,0.4078448935359762,1.0,24.282037486171973,55.88667016194732
1407,824,5.0,5.0,0.5305793337428113,1.0,24.273869948384835,55.873562949276995
83,1090,5.0,5.0,0.4635865831544342,1.0,24.31815018518551,55.83490062597162
1428,507,7.0,5.0,0.47351860533246126,1.0,24.21401821410578,55.76858615927869
1053,377,4.0,4.0,0.39380474694011575,1.0,24.2035603405721,55.75571462561268
647,599,6.0,5.0,0.4520360134632816,1.0,24.12236100814853,55.61064290261807
20,558,5.0,4.0,0.44318690598490146,1.0,24.346954747690432,55.733649520031406
30,146,4.0,4.0,0.535083547386003,1.0,24.13683809614339,55.87187330755213
825,1178,6.0,5.0,0.5157646074257977,1.0,24.148789469734727,55.76046645315053
642,365,6.0,1.0,0.1586734133393735,0.04417969706404862,24.2268513846605,55.87926063827778
515,338,3.0,3.0,0.614518306582392,1.0,24.323883124208866,55.83177609668077
297,458,6.0,6.0,0.4689681148024055,1.0,24.233342330300378,55.74251278126737
313,1024,7.0,5.0,0.4979660664588482,1.0,24.092980278637167,55.72834052934698
