Account ID,Task ID,Subtasks,Finished Subtasks,Quality,Rating,Latitude,Longitude
158,1106,7.0,3,0.01014901452747719,0.5,24.345907030531183,55.82548553518822
876,908,5.0,2,0.01381214331259421,0.5,24.072310705075317,55.703575321890575
308,682,5.0,1,0.45561900383519854,0.5,24.34258284532553,55.58989448334835
1274,313,5.0,3,0.6213823647220538,0.5,24.12238923083909,55.898654861567465
834,943,6.0,2,0.9682905999013318,0.5,24.318594211528037,55.89625488687269
1146,228,5.0,1,0.4310695176537395,0.5,24.10169305572028,55.78186084577621
1010,157,7.0,1,0.06702662841511378,0.5,24.279573678977922,55.592235875040686
644,471,5.0,1,0.21223921333619614,0.5,24.233769220016182,55.76441064536799
1102,566,4.0,8,0.8337824918909641,0.5,24.255375324833704,55.580114450279275
738,189,4.0,1,0.5111607897231178,0.5,24.241780186343295,55.74626914341372
482,316,5.0,5,0.3103999346309626,0.5,24.08642208992278,55.771297665173094
284,567,5.0,1,0.012554974267274038,0.5,24.214093147604427,55.71082040411542
117,1254,7.0,4,0.1857386565162734,0.5,24.323508942675716,55.554697605935374
747,785,4.0,1,0.8306587397761809,0.5,24.0771265936835,55.5856669866036
679,71,5.0,1,0.01656419299062559,0.5,24.326369311981942,55.791840566892844
713,270,5.0,1,0.9905259602946234,0.5,24.13718919403373,55.713609118054556
482,390,5.0,3,0.7304563836140062,0.9079969801494772,24.09287129928918,55.77721828266312
1425,677,4.0,2,0.216744096351747,0.5,24.34202561310747,55.80444508952415
48,1202,7.0,1,0.14102706726362932,0.5,24.118041255772717,55.818656935442476
449,1069,6.0,2,0.36980035907571374,0.5,24.104651659355692,55.64236167780052
550,194,6.0,2,0.7781369212443764,0.5,24.344808825315848,55.71232292251981
1472,1067,6.0,5,0.09892343615946504,0.5,24.280674508445898,55.679125613774175
744,1198,5.0,3,0.0023766641012904935,0.5,24.196126768023994,55.62417169948716
1062,1193,6.0,1,0.06018850202464338,0.5,24.08822030684705,55.792008244553216
802,1232,5.0,3,0.924560962775744,0.5,24.188009333044562,55.587406905269425
519,1062,5.0,1,0.7368833007011458,0.5,24.29462907597877,55.77232887538734
635,20,5.0,3,0.19324867920708483,0.5,24.228946235115586,55.5908151216282
235,12,6.0,3,0.1318811963260333,0.5,24.22284617042751,55.63950564230536
706,1027,5.0,3,0.9902387447078574,0.5,24.213645753955532,55.68288338130262
1003,662,5.0,2,0.8357028497258844,0.5,24.302612677815873,55.753158852494366
381,972,6.0,2,0.843741054629339,0.5,24.261759613342747,55.8769187255214
508,438,5.0,1,0.003925831102077098,0.5,24.239276727661753,55.700459043545905
197,148,4.0,1,0.4693947094273627,0.5,24.230107005471602,55.56130136001527
295,995,4.0,1,0.07823390695147557,0.5,24.196940765031698,55.87912286113717
979,286,6.0,1,0.4731473298097439,0.5,24.264613666579084,55.77339693544561
1244,358,6.0,1,0.02860872108401724,0.5,24.235399733765757,55.58705551548793
602,1049,5.0,3,0.9660482600802291,0.5,24.07689217671893,55.88573253466124
1336,1272,7.0,1,0.1988219245921042,0.5,24.303978184327487,55.75208198622877
114,787,5.0,2,0.9998832200179134,0.5,24.18514084750255,55.79632292226133
1054,385,6.0,2,0.35489343129270634,0.5,24.09657933438213,55.8601704590795
445,1209,5.0,1,0.005227708281847519,0.5,24.294281202400974,55.79888906851002
986,1219,8.0,6,0.9987117119027212,0.5,24.146586906408302,55.63921746056641
125,253,5.0,2,0.9984764999305882,0.5,24.291550185027447,55.798374464888475
755,1421,6.0,2,0.03644595188861386,0.5,24.167743243005656,55.89998357062274
269,954,6.0,1,0.07466236321016803,0.5,24.21606973726892,55.80995295349292
941,1268,7.0,1,0.2633065016682757,0.5,24.137545026775374,55.89961157103158
1324,1083,5.0,3,0.7526871871548896,0.5,24.13066064964734,55.85216982421566
1318,571,7.0,2,0.4145172832077945,0.5,24.131374338526008,55.87926239478525
706,1038,5.0,6,0.7286403058131534,0.13489608416749566,24.222872054027253,55.67636984333929
1446,1242,6.0,2,0.36950429084831804,0.5,24.292609756675933,55.7685695466505
667,1223,6.0,2,0.05342886480463556,0.5,24.29858530140674,55.67033805941895
1309,212,5.0,2,0.062245993085824534,0.5,24.151191455187607,55.82367433305927
1376,465,6.0,2,0.004500310087907272,0.5,24.236221334893845,55.64355495850602
923,1497,5.0,1,0.09312980236169148,0.5,24.333284582607536,55.74208943408668
0,1132,5.0,1,0.4660622084954089,0.5,24.268828810567417,55.842346076830395
779,428,5.0,1,0.015449619191793933,0.5,24.14009455725857,55.632676812871395
344,1320,5.0,1,0.9438228373533724,0.5,24.07208548651147,55.69457551851251
386,350,4.0,6,0.41556423138321247,0.5,24.161454236963785,55.61104125924165
23,898,5.0,1,0.051275953872208464,0.5,24.177993178166634,55.78282206565969
1309,1146,5.0,1,0.9988926928895685,0.06765364124710116,24.146730561912296,55.8232205784003
483,1102,5.0,1,0.7540530530277413,0.5,24.1225342340888,55.76620776879216
538,225,6.0,4,0.9617635394113188,0.5,24.21355662936223,55.56626746289713
182,1266,5.0,5,0.9834743360790684,0.5,24.213585393111487,55.578888517552706
926,766,4.0,1,0.9963000201654375,0.5,24.13095163469611,55.76977409694436
534,900,4.0,1,0.08515250113493265,0.5,24.208811868885363,55.63701240580099
603,181,4.0,2,0.5172835104043404,0.5,24.191414935552583,55.784733712003664
16,279,7.0,4,0.2057962533999363,0.5,24.234868551561046,55.828558646100966
976,1102,5.0,3,0.7835876893274489,0.5,24.117923213379946,55.74303432079399
951,1433,5.0,1,0.8885379878293341,0.5,24.184476648692602,55.5865509500694
247,1471,6.0,1,0.23180711569007065,0.5,24.251843561712136,55.556794363058984
385,850,6.0,1,0.9780817009265076,0.5,24.11041472653201,55.723847137760025
309,1173,7.0,2,0.01862941043905113,0.5,24.12378891666857,55.87639158684842
764,632,7.0,4,0.723669301634778,0.5,24.191077528696027,55.88020758818473
314,327,7.0,2,0.7677038910956562,0.5,24.172535510325616,55.66515707088874
783,1384,5.0,1,0.5183745385743573,0.5,24.234523434425135,55.60585646254516
722,595,5.0,1,0.006363924894332781,0.5,24.075182243229587,55.55258613427693
1232,1477,5.0,1,0.8750940591977211,0.5,24.171522798902835,55.674081468235364
1360,1061,4.0,1,0.8487984065245823,0.5,24.110737423644608,55.58783852676127
212,1237,6.0,1,0.3285860329063887,0.5,24.121089481154424,55.69452214069691
1255,1418,4.0,3,0.5798595727916502,0.5,24.228286649445486,55.62247955536863
1350,1156,5.0,1,0.9932595704957542,0.5,24.154809715805644,55.80932720204081
1189,333,6.0,2,0.9165929793902418,0.5,24.11146803973663,55.634804148533306
762,133,5.0,2,0.04378868447891085,0.5,24.15840868214419,55.587091010174824
447,938,5.0,1,0.14435186828232263,0.5,24.10738534885191,55.88610871444374
101,1126,6.0,1,0.272079847816977,0.5,24.245861074930882,55.866851738589865
602,345,7.0,1,0.6888584894921076,0.1614334804181392,24.069188886813972,55.876900948119705
763,78,6.0,2,0.39841197408527823,0.5,24.32297069871179,55.89321614675457
1390,85,4.0,1,0.8979834665831584,0.5,24.308163363918766,55.68525761506546
512,318,7.0,1,0.01148878128642395,0.5,24.33395809897357,55.64324747869365
1258,449,7.0,3,0.19225479683442429,0.5,24.17617459684377,55.860611708389136
427,772,6.0,1,0.8899387911225899,0.5,24.23463975640638,55.76251552187595
556,1111,6.0,3,0.0003130766870152,0.5,24.23347571124848,55.80990746373944
959,955,4.0,2,0.1890440936172591,0.5,24.26582111225214,55.84331063296186
529,387,7.0,1,0.849769827808244,0.5,24.129210722959133,55.619450957453736
1377,1271,6.0,2,0.8660519893948413,0.5,24.25715130859412,55.843889500934445
25,1371,6.0,1,0.6970439848019776,0.5,24.272746032422297,55.69040197152277
651,28,6.0,3,0.5720406877395412,0.5,24.19299014065174,55.7314426082694
625,818,6.0,2,0.3715418114267675,0.5,24.242960074127506,55.7457524646731
1045,150,4.0,2,0.650972786399397,0.5,24.19913089967916,55.66605876985099
963,14,5.0,2,0.07263011743805411,0.5,24.27823960685279,55.55774277863152
1462,515,6.0,1,0.2566934784661796,0.5,24.20457226392958,55.556651192052335
891,971,6.0,2,0.9693534329470607,0.5,24.228409925194967,55.69752815331652
212,238,5.0,3,0.942498400641676,0.0846559348439701,24.130531333745743,55.702436718579854
758,844,6.0,2,0.09696522826499632,0.5,24.343372106826095,55.76897978392234
622,1176,5.0,2,0.9354325097702707,0.5,24.203211337356972,55.82294581931225
836,409,6.0,1,0.00073062973356533,0.5,24.0976032282471,55.571980520530786
399,495,6.0,1,0.20349061218703562,0.5,24.28052833265904,55.7860881721283
472,860,3.0,2,0.10866137161320259,0.5,24.15996952139094,55.69455154021851
1483,66,6.0,2,0.5775338461181351,0.5,24.255413708412746,55.77289652090164
685,1100,4.0,2,0.17734390555748344,0.5,24.100819887714465,55.56039353792825
1222,7,6.0,1,0.04230160338843358,0.5,24.320321711067308,55.83064136150814
828,1065,7.0,1,0.28634544445363747,0.5,24.32043576680833,55.878244994077725
526,1070,7.0,1,0.6666483790161589,0.5,24.10915318839852,55.63345352769073
874,1267,5.0,1,0.07034719483200726,0.5,24.27720403468223,55.72837554066783
633,254,6.0,1,0.594054868765753,0.5,24.22887473069385,55.700702710608205
527,556,7.0,2,0.506594221923346,0.5,24.315600132618602,55.68194430771669
586,10,5.0,2,0.836606910992071,0.5,24.308922297888504,55.65251060643723
1416,960,6.0,3,0.3680878615238266,0.5,24.247132234980953,55.72004376254251
151,157,7.0,3,0.9081155071564524,0.5,24.27187295014509,55.58706257337999
1123,1078,5.0,1,0.09149000312413384,0.5,24.109536517887964,55.894045533612484
789,316,5.0,2,0.46709263106716525,0.5,24.08697088311174,55.83319925595711
1482,1042,4.0,1,0.9826808309892008,0.5,24.224619132628973,55.69896958342712
979,66,6.0,2,0.41434336435764685,0.4127322036106177,24.259290014911063,55.77553787040296
1064,115,5.0,1,0.3821702136745772,0.5,24.34506155444434,55.56418597432229
1079,1330,6.0,2,0.07208382873762906,0.5,24.340123638319046,55.88000158448635
268,22,6.0,1,0.030500355373543214,0.5,24.106883429384588,55.77559416002288
1025,98,5.0,1,0.2623716803045236,0.5,24.307509189358147,55.8793418873736
933,888,7.0,1,0.9646539849492323,0.5,24.16625839091629,55.88791156629746
316,1249,5.0,1,0.3830330038067162,0.5,24.27192907426075,55.69336614643094
516,834,6.0,1,0.7097604066329133,0.5,24.12766328173026,55.72094649161507
1235,823,6.0,5,0.9874873241031306,0.5,24.104214342654593,55.700464286575624
1262,863,5.0,1,0.9917974393222291,0.5,24.200719116852504,55.71179492431098
1007,124,6.0,3,0.9841689888439241,0.5,24.18343769732478,55.5917583420191
731,85,4.0,1,0.005613129149758793,0.5,24.33630710405709,55.717412928723
52,863,5.0,4,0.14207684056372819,0.5,24.180305000696006,55.65759636954783
1334,343,5.0,1,0.8975061771012887,0.5,24.26773317538706,55.625853539664455
350,439,7.0,1,0.0762946829990089,0.5,24.315383524599646,55.65705016225135
420,1262,6.0,1,0.11482836843667682,0.5,24.210243050300132,55.88330663132286
496,292,6.0,1,0.10264354479640925,0.5,24.30435380300621,55.78344573319332
1296,1437,5.0,5,0.19422512537866607,0.5,24.314172969339964,55.651247493332164
158,42,5.0,1,0.879882176910376,0.12886339009609893,24.339711300532713,55.82665644476713
603,720,5.0,1,0.008875060100210993,0.7370988192858849,24.197217466884783,55.77723413422311
678,420,5.0,3,0.2571646385442244,0.5,24.305901050291606,55.894519187290975
736,1454,5.0,1,0.15930314948521168,0.5,24.219575216696175,55.870726236321495
592,161,5.0,1,0.21480239105727417,0.5,24.29144520930466,55.66086990140118
220,745,5.0,6,0.10829222076897574,0.5,24.310593119987285,55.56516008922056
851,678,6.0,1,0.6917884503158084,0.5,24.216256778855964,55.815891588426574
941,1170,6.0,1,0.9762896745899106,0.009448319660184057,24.13767266151815,55.90163365914288
1355,1352,4.0,2,0.008108232188636494,0.5,24.289258374453674,55.899707204112936
1048,891,4.0,2,0.7697351547293202,0.5,24.17814153326419,55.59596394183007
1059,695,6.0,1,0.10974960532624854,0.5,24.311613435329665,55.68567725800714
949,638,7.0,2,0.5659066542016811,0.5,24.18370655891993,55.661477897848414
180,163,7.0,1,0.6841718249135202,0.5,24.13850946434018,55.818472244775954
620,693,4.0,2,0.6927897800230342,0.5,24.072343720901834,55.86415159213098
591,141,8.0,3,0.9997343400451425,0.5,24.08738036495666,55.80643631114404
153,1298,5.0,1,0.5691447953875906,0.5,24.08388989167097,55.88663999556127
748,532,3.0,1,0.6935414305311988,0.5,24.13498557619931,55.58325708383258
330,667,7.0,2,0.05162349317595009,0.5,24.093656902825785,55.64440179729967
1346,7,6.0,1,0.44751928285933845,0.5,24.3019685640679,55.85656288877967
1298,174,6.0,3,0.9999999690915838,0.5,24.239341596697034,55.73791659992064
76,1087,5.0,1,0.41043080964797957,0.5,24.099555605736004,55.6438726813999
1488,909,5.0,1,0.9134426206205211,0.5,24.173238786467873,55.850655514745476
396,800,6.0,1,0.00038904755812751247,0.5,24.079793948974654,55.66959441776855
811,505,6.0,1,0.15851547713337935,0.5,24.19642423547084,55.57467414635005
646,124,6.0,1,0.5690366177659579,0.5,24.19221436847964,55.60892543343906
334,516,6.0,3,0.3396499026545603,0.5,24.25370322102866,55.880216954892276
1489,1000,4.0,1,0.8996498483608211,0.5,24.176258219497036,55.78987322910483
965,289,7.0,4,0.37671597963795866,0.5,24.09776382715581,55.85774316987779
685,1233,6.0,2,0.6962568511640558,0.2589853689061964,24.105931084520286,55.55270682768793
203,752,5.0,4,0.01192925162999527,0.5,24.312521809675776,55.58859262655899
1490,1004,6.0,1,5.31238517356739e-05,0.5,24.084597525401325,55.86750026262791
810,1368,5.0,2,0.0008647027713555227,0.5,24.181421519658176,55.66347587074564
1214,597,4.0,4,0.44248610911299563,0.5,24.218179988590204,55.56620227838557
600,730,4.0,1,0.9595759535740033,0.5,24.106243600088202,55.692544387606276
675,860,3.0,1,0.9349724306735414,0.5,24.10501338396389,55.69097743515059
598,1354,6.0,1,0.6981785550861249,0.5,24.204967053234228,55.75612549152198
1399,2,4.0,1,0.907173228613468,0.5,24.114773046243336,55.87463382849822
140,97,5.0,1,0.7009424947519511,0.5,24.299716552838614,55.66482865291278
735,1434,7.0,1,0.9988159161055425,0.5,24.280364223385988,55.65292167304871
986,441,6.0,2,0.00017596563177736877,0.28248825627028706,24.141388638585887,55.636509874091715
283,1062,5.0,3,0.0001774114569671807,0.5,24.31372031689709,55.75123799970925
211,926,4.0,2,0.09336700170757863,0.5,24.170983655980407,55.61288531621728
535,809,7.0,1,0.05169953123895729,0.5,24.338030099536912,55.62723365984556
636,529,6.0,3,0.8866927377589597,0.5,24.237625044584828,55.74943862359801
504,642,4.0,1,0.9807461014584139,0.5,24.175454924458098,55.80806534067615
318,732,5.0,4,0.4306060088008614,0.5,24.2643017818274,55.577344582348886
16,1316,3.0,2,0.3301083869730277,0.3782802733845362,24.233392642917707,55.82681167168692
1052,774,5.0,1,0.10683465202498024,0.5,24.245507335606185,55.745698870642
1472,234,3.0,1,0.27456029329949955,0.5315066270055083,24.277120697330545,55.68812198096878
229,747,6.0,1,0.6934431873378859,0.5,24.159404425504157,55.74479121850208
416,596,7.0,1,0.8576701220554259,0.5,24.299247662088202,55.5753535332562
1131,1327,5.0,1,0.6448346933527738,0.5,24.201244702868312,55.81673155115672
116,1070,7.0,3,0.1979313157625771,0.5,24.13555111817809,55.63826716563247
1372,155,6.0,3,0.189682876555514,0.5,24.269106987379875,55.79037424631978
501,661,5.0,3,0.9998532972406518,0.5,24.163842618740542,55.7678863354522
1027,1042,4.0,8,0.8520311550280707,0.5,24.2124942897364,55.708666848919606
459,632,7.0,1,0.9040373836522343,0.5,24.226602840733563,55.88747531197776
259,952,7.0,2,0.07668923810383921,0.5,24.31149879360246,55.631202844176876
1122,1231,4.0,1,0.024044098678925742,0.5,24.15432513944577,55.722975794510454
207,567,5.0,1,0.31774047397316124,0.5,24.194529759451335,55.62789858104217
725,1335,8.0,1,0.8078879887632983,0.5,24.272522329604403,55.61023641206591
532,989,4.0,1,0.9860577702042335,0.5,24.328747755978995,55.62224385967401
1341,1345,5.0,4,0.9947784908941076,0.5,24.323225279781763,55.78744977787429
1103,1412,6.0,1,0.5401945355372549,0.5,24.158631688914433,55.813632368179526
1381,947,6.0,4,0.047419389064046275,0.5,24.345827380940797,55.82600651353161
957,238,5.0,3,0.39701399148981065,0.5,24.128341188785093,55.68146529180553
1159,1267,5.0,1,0.767778754261692,0.5,24.26394911306339,55.74448754601852
1274,1286,5.0,1,0.4885643343434088,0.47153625572633306,24.132026728903185,55.893130685288206
1152,1077,6.0,1,0.9596009947337059,0.5,24.089494284036228,55.836232419466214
639,832,7.0,3,0.4064048907479037,0.5,24.14540068950775,55.57063603751166
492,1259,4.0,1,0.007700371890563744,0.5,24.18837016223974,55.811893251847394
225,358,6.0,1,0.9754455593735735,0.5,24.229198021636957,55.60861510829999
46,405,6.0,1,0.4248845979048401,0.5,24.285093288801818,55.707270311613485
629,528,7.0,2,0.02768610898350352,0.5,24.142589286990464,55.83640125500042
25,1166,5.0,1,0.8379377478605959,0.015704658166949548,24.274095257157164,55.687308053815784
0,1345,5.0,10,0.9607301621238101,0.4464074724253219,24.272937363992344,55.84082903963947
1477,822,4.0,1,0.9901437777554315,0.5,24.149530718267503,55.78627071426695
316,1437,5.0,2,0.025797413783889018,0.16653370407317747,24.275507599271194,55.698553336282096
1371,361,7.0,1,0.8547624757040513,0.5,24.175131784752114,55.66911892743332
1343,442,5.0,2,0.0035603440038860434,0.5,24.267169176663472,55.782162116129925
549,814,5.0,5,0.8975168024242999,0.5,24.076478384538827,55.77882989402343
1108,764,7.0,1,0.14439313283880473,0.5,24.158888319719306,55.81056755210107
151,426,4.0,1,0.022072457429979823,0.06419735307745728,24.27329710456073,55.594114375671076
781,1248,6.0,1,0.10281965063675343,0.5,24.339218071764858,55.65844541162879
763,1462,5.0,1,0.8331296313873838,0.31643649506930394,24.327782426104033,55.89930816091419
1,1076,6.0,1,0.9800492119138231,0.5,24.10781030584517,55.771875870319015
1251,679,8.0,2,0.07884314956988898,0.5,24.096515862302127,55.82295611868249
642,1338,6.0,1,0.5138978033961973,0.5,24.218410587035628,55.86431314668327
558,909,5.0,1,0.9924603775763899,0.5,24.14806109585822,55.827664376689775
60,1097,6.0,2,0.07676028403997584,0.5,24.139478265888968,55.67347915599644
695,56,7.0,6,0.987213590383306,0.5,24.189571822778852,55.662173194151514
1395,1304,5.0,1,0.7653015917325111,0.5,24.23142059071995,55.71483811005008
388,1200,5.0,5,0.4775995872039987,0.5,24.308425128146325,55.85142274487912
324,895,3.0,2,0.5987325720698011,0.5,24.193624626403103,55.565817907639534
1131,840,6.0,6,0.015730768907401275,0.1034185668839363,24.205803360553123,55.81209885157162
851,1152,6.0,3,0.12592429637573968,0.015780323057671297,24.210427674494003,55.81426834263575
1227,686,7.0,1,0.02205718950543794,0.5,24.24677146350511,55.73831338026584
1424,1003,3.0,1,0.010218507539467226,0.5,24.19840204892573,55.78194159386462
821,1348,4.0,2,0.9130562990329593,0.5,24.213871984679926,55.783217107501045
246,1299,4.0,1,0.33191929966361206,0.5,24.1795368288193,55.854747109243185
919,1395,5.0,2,0.0011002065497453567,0.5,24.124830245664,55.61422281257045
522,86,6.0,3,0.9630501920755243,0.5,24.317593006606007,55.5763868666325
979,1132,5.0,2,0.8426849115600262,0.2409849978917858,24.25145100089629,55.77474563310902
166,945,5.0,1,0.01465617698287873,0.5,24.136656995928146,55.88247617681783
597,448,7.0,2,0.6520962888535622,0.5,24.197062385276432,55.632677464243535
870,1290,5.0,5,0.02615348383271433,0.5,24.328883945420156,55.71732247988196
592,398,6.0,1,0.5580984238518318,0.0015371408374980633,24.292915433262845,55.657017695115954
1112,1075,6.0,1,0.01136179950773085,0.5,24.21189132646616,55.62909477527372
1475,214,5.0,1,0.45237937380722176,0.5,24.13141525082692,55.734750557073795
1464,453,5.0,1,0.5921636376705421,0.5,24.235422023480947,55.72108350372519
1011,1229,7.0,1,0.003997585119470752,0.5,24.11019250083682,55.75815592974508
1203,643,7.0,3,0.9829871814521154,0.5,24.13995708764156,55.749616639497326
439,641,4.0,1,0.16241076033353416,0.5,24.08019893939218,55.884891557291574
521,607,6.0,1,0.2977776269084008,0.5,24.21986593961341,55.87723887936401
1163,1095,4.0,1,0.8876017578415283,0.5,24.348719064061463,55.87143733043057
449,612,5.0,4,0.9264269865012483,0.3145470893282171,24.10989403593829,55.64494537799555
280,1285,6.0,1,0.006144154832944487,0.5,24.304290753585708,55.64400240416087
305,882,3.0,2,0.6414586539960462,0.5,24.28291815546347,55.571144602892
1414,301,6.0,1,0.2787863095598201,0.5,24.322260572680563,55.66885349627385
500,1057,6.0,1,0.9984541410554105,0.5,24.115447366892532,55.61663296058711
723,640,7.0,2,0.213242863479076,0.5,24.335086175972748,55.809762696225086
222,431,3.0,3,0.9412708715671169,0.5,24.179883326682944,55.55955149775874
138,469,4.0,1,0.9490926947909957,0.5,24.121388842481615,55.82791608989484
852,977,5.0,4,0.9302464977495094,0.5,24.118011742203677,55.886434821080655
615,1038,5.0,1,0.8975224358168319,0.5,24.246673200495614,55.6345647594018
948,895,3.0,1,0.04727917908375981,0.5,24.136200127784694,55.565556883377646
170,1449,7.0,1,0.5985660346969668,0.5,24.146590272440687,55.79345794859689
335,52,4.0,1,0.9884720341805793,0.5,24.254757501768264,55.8171061338697
507,1366,4.0,1,0.9383398101696296,0.5,24.182973100406105,55.5584472456241
703,448,7.0,1,0.19345895815123262,0.5,24.18930216317534,55.68810897556966
594,1392,4.0,1,0.19967054913069873,0.5,24.086369982312977,55.876301825472886
406,658,6.0,2,0.2414039382497169,0.5,24.29371513197908,55.86509300936525
562,479,6.0,2,0.48638623580953494,0.5,24.321138185377567,55.614468950707625
603,1094,8.0,1,0.035714958787021245,0.03193072820830767,24.20541195680643,55.785084599012876
550,171,6.0,1,0.11838922078360968,0.08654342292626643,24.34701531633269,55.71093369358796
738,1340,7.0,2,0.12486086225353535,0.48994804064305797,24.242975264799234,55.73912676256977
820,825,5.0,3,0.9996370241341257,0.5,24.261042949653923,55.75595225546759
764,497,5.0,4,0.9741309280211204,0.3831009108142124,24.18722965110394,55.886613423758355
585,436,7.0,1,0.8885171726390036,0.5,24.309303817052015,55.66980552444183
112,1345,5.0,1,0.18240343136664477,0.5,24.30678276354627,55.83429410185198
968,459,5.0,1,0.245192110505284,0.5,24.32317497711536,55.802568127073165
828,711,6.0,1,0.4946494616976822,0.014409771705293561,24.327927507855474,55.87587039039921
222,744,8.0,6,0.041245616921693914,0.6104006873397603,24.1724305839885,55.56745911817657
29,905,7.0,1,0.09335133011926988,0.5,24.19026856931634,55.6551370269871
1378,317,5.0,2,0.6713307976208742,0.5,24.28281100958386,55.73161756441964
1238,487,7.0,1,0.28868471358134873,0.5,24.10163387445858,55.861812946393876
489,1341,5.0,1,0.3112773497150007,0.5,24.19195199397404,55.56851444599625
1383,75,5.0,1,0.9801230458560554,0.5,24.232199979986078,55.6322849266513
776,1124,6.0,1,0.7957924276632838,0.5,24.301330528301104,55.82965756260668
619,736,7.0,2,0.201588532010839,0.5,24.24062806491687,55.64526975282218
728,518,6.0,1,0.6892762167434634,0.5,24.157631237072973,55.74434430069977
1476,683,4.0,2,0.14353104167358272,0.5,24.146543388047352,55.84672484764722
13,1209,5.0,1,0.9114617541120975,0.5,24.302685888285865,55.84023841642567
383,1340,7.0,1,0.09994266325117701,0.5,24.261917369508595,55.75892363918284
1377,415,4.0,2,0.5182393771510149,0.01323305704137151,24.262133590142703,55.83687064721396
560,279,7.0,1,0.949241786992704,0.5,24.302951044011774,55.80481301028528
1211,686,7.0,1,0.9981985856775564,0.5,24.208009289859792,55.74925866615437
975,737,5.0,3,0.0956933616850073,0.5,24.288092647489737,55.632278323520254
962,522,5.0,8,0.7393584361936267,0.5,24.205694623549203,55.63650869020666
1492,33,7.0,1,0.31001900854782954,0.5,24.2719992918342,55.66955546873462
412,593,5.0,2,0.9793146409577983,0.5,24.126014540938243,55.60264497110461
322,1094,8.0,2,0.4812634135181968,0.5,24.124992822300904,55.80799880310155
236,985,4.0,2,0.5046403027655025,0.5,24.1785152872225,55.87830610162317
1003,818,6.0,1,0.986636481079895,0.09650359783917917,24.30282313887705,55.74929710314591
876,748,7.0,1,0.8838869792291334,0.17588343626816694,24.080556215015935,55.69961047123139
1071,653,7.0,1,0.8601445549559438,0.5,24.10667888677674,55.55783229178474
760,1426,6.0,3,0.9950465059939267,0.5,24.25140592417704,55.884466559787256
827,1299,4.0,1,0.001992002484887985,0.5,24.20061805030935,55.86273572371207
1325,698,5.0,3,0.6946697824332595,0.5,24.14213656854771,55.736156670859124
559,990,6.0,2,0.295424754029091,0.5,24.088866999359116,55.594507581228555
19,590,6.0,2,0.729225471930373,0.5,24.182428361237086,55.88097972845231
1460,1018,5.0,1,0.8764011340134017,0.5,24.108009598699304,55.67153930246818
124,1334,4.0,1,0.9368469519094562,0.5,24.22469630784312,55.78037468574941
478,35,4.0,2,0.6573528598267021,0.5,24.144964780097087,55.64056168241247
1086,1444,5.0,1,0.9876241788777784,0.5,24.158020502333212,55.735874664688595
37,1039,6.0,3,0.1309380444620942,0.5,24.166008610733446,55.7651137286632
994,1330,6.0,1,0.07536505236499969,0.5,24.34586002324482,55.85345510022083
1324,1488,5.0,2,0.967940326760509,0.37638413009249083,24.12939088404594,55.85645774505009
305,1289,7.0,1,0.15343763557352047,0.5758938573875455,24.289990705025126,55.56176968294948
521,1314,5.0,2,0.49695288500573004,0.043451348302590065,24.222817706104518,55.886600236095624
463,550,6.0,1,0.05259373752235804,0.5,24.294427486629747,55.553904436549914
1056,1056,7.0,3,0.6057232382385396,0.5,24.173589566949733,55.653467654689194
1426,259,5.0,2,0.00013599897303385796,0.5,24.319819882333498,55.67888762471925
959,370,5.0,1,0.9988061685772887,0.2761923827267111,24.267056025877622,55.83868189121622
1446,274,5.0,2,0.04314246644954286,0.29968738810185763,24.28552798710773,55.765744790277886
1412,653,7.0,1,0.25865795808717446,0.5,24.16006502818845,55.62914586978124
1290,1470,4.0,1,0.9996061794275928,0.5,24.078560971108537,55.694862373941106
211,327,7.0,2,0.3861281973464934,0.17454248001530348,24.180830943593136,55.61634044058616
341,185,6.0,4,0.7819030103602076,0.5,24.109714781528055,55.56122892236199
888,181,4.0,2,0.6428835888029508,0.5,24.238050301258415,55.82542353146057
645,1469,5.0,2,0.9590488405357264,0.5,24.134481267325633,55.79279587765555
628,1462,5.0,1,0.5518061601195142,0.5,24.33331664439402,55.8575795027993
116,788,5.0,2,0.030318089695819662,0.20635643055541714,24.1331791162997,55.63873447003659
120,799,6.0,1,0.9840430897956526,0.5,24.302675647058003,55.71020755595506
1106,34,7.0,2,0.04540085737696057,0.5,24.305664841429053,55.73164718867802
45,1056,7.0,1,0.9098122103210753,0.5,24.141847229940637,55.68552150957864
664,960,6.0,3,0.9997914090080262,0.5,24.281046993706127,55.750294406791895
1436,217,4.0,3,0.014795128496515689,0.5,24.327191954638405,55.833910849246216
107,425,5.0,5,0.7965659126009925,0.5,24.195534055235406,55.66468313741956
818,1389,7.0,4,0.5042581698672273,0.5,24.16083610750359,55.71712113302301
19,1374,4.0,1,0.6283924270288352,0.15947481874085873,24.179400679584273,55.8762456840981
625,1465,5.0,1,0.5372082043592921,0.28689403934063085,24.24689152220865,55.75470829891221
230,891,4.0,1,0.7233729786371033,0.5,24.146409423788985,55.60378139063306
16,0,6.0,1,0.9529387469652877,0.4551047770668071,24.227408781948863,55.83145479252738
646,327,7.0,4,0.0982348645351237,0.1448266085677412,24.19874244398273,55.6168742394557
1356,842,7.0,1,0.0033124665913986592,0.5,24.20701720716357,55.582163366459376
707,851,6.0,1,0.04311524143394435,0.5,24.22822485153803,55.69697594538991
117,750,6.0,1,0.26594648209387867,0.3895783095191323,24.322936348073174,55.54511361804629
1102,30,5.0,3,0.9926721089074938,1.0,24.25416945025162,55.58672549868549
220,752,5.0,1,0.15812945512089177,0.8963237895101946,24.310482456302097,55.57461600748356
1093,378,3.0,1,0.0008721461587224636,0.5,24.346361277832383,55.597868740286685
1139,501,5.0,8,0.013488092415170093,0.5,24.20653574307678,55.895823593045456
27,991,7.0,2,0.9275175395824788,0.5,24.080788791519314,55.87615280329733
1311,123,6.0,4,0.9181946708777049,0.5,24.118627077363644,55.77115995724214
1355,284,5.0,2,0.19098402787692603,0.09446718083659877,24.29135627505461,55.89057386544925
1027,130,5.0,2,0.6200082750364747,1.0,24.212164423002324,55.700303337182284
634,970,7.0,1,0.00033345338400865175,0.5,24.214800849349377,55.63687535682381
1466,1116,6.0,1,0.638385188368109,0.5,24.29232161348532,55.66810369806374
1181,305,4.0,1,0.010102361631776333,0.5,24.20931442021706,55.57580457684221
541,1491,6.0,1,0.011705013590510828,0.5,24.231055410814964,55.8306276941748
495,714,7.0,1,0.9960046197866136,0.5,24.186994299712644,55.85892042433576
616,1385,5.0,2,0.9257895835005362,0.5,24.29688503176848,55.85916307437339
633,367,5.0,2,2.0908708322694068e-08,0.11340566932215823,24.23635785447806,55.69501246536558
1184,806,5.0,1,0.04147879591161774,0.5,24.074490337187942,55.71976534570669
1329,701,6.0,1,0.4177862679371192,0.5,24.253250080309748,55.812165759704364
823,1332,5.0,7,0.15524541273966322,0.5,24.14782649747792,55.63020010056062
328,990,6.0,3,0.8154268333358038,0.5,24.10293252633505,55.60414173704869
1042,122,5.0,1,0.22444151691433267,0.5,24.22114302813098,55.71060570004681
1134,99,7.0,1,0.9974283046134853,0.5,24.166668445246078,55.57658603541264
848,200,7.0,3,0.28179213757310567,0.5,24.086222563538247,55.80853687074086
639,895,3.0,1,0.03248543209400763,0.4109634988644855,24.152380098631717,55.57477462725923
351,867,3.0,2,0.001245705085939585,0.5,24.216571044650433,55.566973078946
777,1454,5.0,1,0.021220355435205222,0.5,24.152499264526895,55.88149586474757
82,939,6.0,1,0.48207759061156197,0.5,24.1759404971563,55.82382259113911
1414,1371,6.0,1,0.6617780968502338,0.024289551580200075,24.316440978490846,55.66176331068799
327,977,5.0,1,0.8691493657977849,0.5,24.13738267672001,55.87584167131826
660,985,4.0,1,0.9964224741639761,0.5,24.2075898644646,55.832778956007175
626,314,5.0,1,0.10836493904201369,0.5,24.1870380627691,55.57045877916088
52,110,6.0,4,0.9705173901731069,0.5237575834427941,24.178542071700335,55.654305476013405
947,342,4.0,2,0.4671746818833672,0.5,24.108918729753253,55.61886644715387
898,587,6.0,3,0.8100458863496645,0.5,24.257908688614958,55.89208299941086
920,253,5.0,1,0.4258141672039864,0.5,24.328471995229176,55.830007696952066
127,1157,5.0,1,0.9958539552729531,0.5,24.212500980251487,55.86713611356061
568,889,5.0,1,0.7970556754717539,0.5,24.121044332502095,55.62332533378938
522,660,4.0,2,0.4834129465360041,0.08854713595014796,24.318719962990404,55.573856083215716
1172,1060,5.0,3,0.939244866225905,0.5,24.08381984925185,55.62214092875257
140,418,6.0,2,0.4508552890470106,0.048011000704052564,24.291053297547645,55.66147040795769
1313,498,5.0,3,0.4883612264445337,0.5,24.280428458930025,55.630954249435284
233,510,4.0,1,0.04288011191473674,0.5,24.248811502870787,55.8912724573404
1282,1107,6.0,1,0.43188009051443477,0.5,24.085534796038125,55.62036506280197
621,268,4.0,1,0.01284093852280479,0.5,24.169899894957435,55.60172576077726
72,172,5.0,4,0.20987253006970616,0.5,24.158898415316163,55.60561704033602
346,1020,5.0,1,0.015801262668561033,0.5,24.14438804863916,55.74606600166247
793,790,5.0,2,0.6491521715100231,0.5,24.328011512898883,55.731127956505325
932,724,7.0,3,0.47815234290250497,0.5,24.346390593312602,55.71881187739585
434,1057,6.0,2,0.04453104157171436,0.5,24.144158191945888,55.60581716303598
1139,105,7.0,1,0.027772024954541556,1.0,24.205891762578283,55.88998041045493
1238,835,4.0,4,0.08688088081152172,0.009844739071090347,24.09699462996325,55.86885867810303
1398,476,5.0,1,0.262477872524579,0.5,24.17969260715565,55.68435731256349
1051,1158,5.0,5,0.9941006669808237,0.5,24.306533343680627,55.63295559054602
873,1265,4.0,1,0.2874087056615957,0.5,24.132352879978153,55.56214508117822
417,872,5.0,1,0.976447017136637,0.5,24.29948573698955,55.65211695630174
1139,497,5.0,3,0.024367389571631246,0.2418191380158251,24.20683840242592,55.88915451526155
381,965,7.0,3,0.03289470052270382,0.028771172704810943,24.257860268524,55.87348953867624
314,147,5.0,3,0.38800765179208185,0.05678567640172938,24.173359766638985,55.659069861934015
1044,1478,6.0,3,0.2678859152902157,0.5,24.250272510761317,55.73226590023582
1005,431,3.0,3,0.5573318251848287,0.5,24.171442376962155,55.56654984039246
934,408,6.0,2,0.2543109975016871,0.5,24.15775509432569,55.70326730438241
824,820,7.0,4,0.38725816163799515,0.5,24.180391082764906,55.71925615255985
475,912,5.0,1,0.001133922927700946,0.5,24.272067563325404,55.705369218308995
331,1122,4.0,5,0.01792396523797857,0.5,24.238463915449405,55.55186063150572
300,467,6.0,2,0.8325594887256476,0.5,24.10546208520213,55.809929113936136
141,844,6.0,9,0.011951959736379815,0.5,24.32799437055706,55.758528227855074
873,1423,6.0,2,0.03505384947300559,0.10885196803135527,24.140251290577307,55.569074649932624
1491,207,4.0,1,0.10121984901889398,0.5,24.293497272127862,55.77599129452734
658,573,5.0,1,0.9766150014791062,0.5,24.26010065567126,55.876839063910765
283,554,5.0,2,0.12787249923654864,0.18026507665554908,24.306403468598237,55.74599577060217
1168,120,6.0,1,0.8484994146339376,0.5,24.317229415395982,55.62280180776033
1320,454,5.0,1,0.7518014043492041,0.5,24.125710956335364,55.78882122711793
628,534,5.0,1,0.2982240569838336,0.43549008893600244,24.327407343159344,55.849750087831474
1069,1140,7.0,1,0.4793756139971624,0.5,24.16721669830468,55.71520543562392
1344,956,5.0,4,0.9587659015464631,0.5,24.101288171482395,55.70422340532298
852,1319,6.0,1,0.7645086413759999,0.42298144754200184,24.12403626379762,55.894409582963036
751,1347,6.0,4,0.0002704797233077915,0.5,24.349851831512908,55.73947723586966
1135,1328,5.0,1,0.5697659051501232,0.5,24.27431787486169,55.749665867145296
565,251,7.0,1,0.009594226604463574,0.5,24.179371369182505,55.83148737592383
946,165,7.0,1,0.007100430240344202,0.5,24.166084084773168,55.75223564548693
1378,588,5.0,1,0.35439988683040163,0.2785825947185083,24.278837323853082,55.73170462267154
1167,540,5.0,1,0.19894365332810693,0.5,24.315817234218244,55.63528953673371
1369,93,5.0,1,0.06603166029202455,0.5,24.22999820926171,55.63584970846863
351,223,6.0,1,0.251373610870071,0.2395348543448768,24.21974671323878,55.562682413679084
369,367,5.0,1,0.747668329167773,0.5,24.195774382709473,55.67972881067763
449,333,6.0,1,0.07011247156897936,0.23927640382547105,24.103555918943016,55.644229828023086
644,1000,4.0,1,0.8940568919440436,0.024919362706240844,24.24025616409845,55.76421556585054
485,829,6.0,1,0.9978391819365896,0.5,24.26722463836487,55.669389230208374
482,214,5.0,2,0.8160903343459867,0.8117296683555301,24.096536294410672,55.76750568850055
12,1465,5.0,1,0.9996927481022446,0.5,24.27770813187465,55.768692430816635
1438,1327,5.0,1,0.004516670074808353,0.5,24.19816813312401,55.78309967858096
1258,382,6.0,1,0.7520222518035871,0.20603237369034144,24.181299470165285,55.863348320170495
324,1230,5.0,4,0.9922213689106925,0.6221443544660524,24.201314577374692,55.55832845242243
808,803,7.0,2,0.866543540983886,0.5,24.13514394038418,55.6959309354893
1386,267,6.0,1,0.9895024728662256,0.5,24.285940311855917,55.78508287687412
71,408,6.0,2,0.007296082483749884,0.5,24.168271457908318,55.71686260377415
340,479,6.0,1,0.9832435294057852,0.5,24.33194881794512,55.66559576179703
14,83,6.0,1,0.26060238736300223,0.5,24.28249147375184,55.86812341562248
262,1020,5.0,2,0.6939864406561203,0.5,24.139887637313116,55.74033327338266
628,870,5.0,2,0.27323108205573304,0.00641768511613694,24.32530828724712,55.840795386421306
403,989,4.0,8,0.5221087220590792,0.5,24.334454585615273,55.64521012065641
849,493,4.0,1,0.00028932617991552287,0.5,24.344376559963102,55.66097343002319
1193,1150,5.0,2,0.7220502188071217,0.5,24.094059510589535,55.745329419364424
938,1182,4.0,1,0.05906176463189425,0.5,24.191024981707,55.573932753852645
869,570,6.0,2,0.7349887415024731,0.5,24.291711220365592,55.77523272456647
770,1015,5.0,1,0.1785092993533558,0.5,24.274725806157594,55.83336008742564
588,190,7.0,1,0.20010196822890794,0.5,24.199893354565948,55.88205325269809
1372,1216,4.0,3,0.09330829038770186,0.27026376737756175,24.278921004682147,55.787658533944196
1028,654,6.0,1,0.25080306866988894,0.5,24.11894998530203,55.85955184971844
1058,1387,4.0,2,0.9645207833213,0.5,24.174519806956727,55.8749438967542
1069,1496,5.0,3,0.7500617232816766,0.39011997040307184,24.162442665033183,55.70682579333773
758,799,6.0,1,0.38056974019876516,0.008492478058164832,24.34020893032318,55.773930124990216
1300,1461,6.0,2,0.498693025708252,0.5,24.227408073724863,55.87118531150754
255,209,7.0,4,0.5113278249093962,0.5,24.10651089500353,55.702040360593216
505,322,4.0,2,0.21356291149532614,0.5,24.229698060083056,55.60900145211548
478,667,7.0,3,0.9922464610205359,0.399533937206095,24.135999198593623,55.64455722811211
1487,1282,5.0,1,0.40378777764212875,0.5,24.26277995757817,55.659385174310316
76,196,7.0,1,0.1950443922781532,0.19049201841499114,24.109274088910485,55.64887542829864
1255,12,6.0,5,0.8647464529248858,0.7107964353521551,24.235621415059562,55.62260342961288
733,435,5.0,2,0.9866327334613465,0.5,24.32458733333689,55.55640008131264
262,796,7.0,1,0.6007292764948411,0.26120517314361846,24.141563146359122,55.73405268368916
394,1354,6.0,7,0.7802501545241495,0.5,24.20281087021686,55.720035925539904
1230,106,7.0,2,0.3447416863989123,0.5,24.318357531506358,55.71855675434917
802,1339,5.0,1,0.9954825869663044,0.1938954451508137,24.19225245564743,55.59098400731581
1230,142,6.0,1,0.7257295663107679,0.20042687834693707,24.325319889974043,55.709623110360134
870,697,6.0,1,0.07382303437036696,0.6044352014012042,24.325532703334776,55.71242548433687
563,1471,6.0,1,0.010894983121556918,0.5,24.247444306985628,55.60914023448621
601,979,3.0,3,0.791288969146511,0.5,24.329211576938658,55.67210207239969
170,1244,5.0,1,0.2983127732981804,0.09700070377022557,24.14812017652001,55.790002762889245
1238,200,7.0,3,0.2916764681420814,0.16840508523628206,24.102137713600115,55.87245629728049
300,316,5.0,1,0.0003238533172145612,0.05376435304010935,24.109475856457337,55.8158413255646
947,41,5.0,3,0.2632857920758838,0.743669797985298,24.117156025008065,55.62077957393413
222,1423,6.0,3,0.21954656528040092,0.4794159063324384,24.16885982084359,55.571051514634874
1282,61,5.0,1,0.831200396606378,0.40111501313162023,24.091826063463046,55.62853149659963
1087,1,4.0,2,0.7571463748597109,0.5,24.234710939686202,55.595695040649424
36,912,5.0,3,0.47508997522785384,0.5,24.239795994794488,55.73401057849387
440,179,7.0,3,0.9610550139864517,0.5,24.278434122736833,55.73382920533725
877,1068,6.0,2,0.02399876371976622,0.5,24.235170099355294,55.812161384223806
704,232,5.0,1,0.991239729875655,0.5,24.324503608908646,55.612356994298366
949,448,7.0,1,0.8797774864107644,0.26199342697730565,24.17939275678191,55.656594055664875
1125,1243,4.0,2,0.8449582259668726,0.5,24.27348147317951,55.76704671352124
1372,560,5.0,2,0.6525927922214256,0.18546359243436894,24.276081578827615,55.79165184294149
153,1004,6.0,2,0.16612864707620698,0.1759012598497171,24.093183786691103,55.88932187746465
246,1314,5.0,3,0.0022188318043902754,0.15935117238523683,24.18747245878342,55.85658118536133
820,458,6.0,4,0.8701998917372553,0.152297455457448,24.26199493655768,55.74725145420174
630,1338,6.0,1,0.01488880065438486,0.5,24.200107963671698,55.887805439423
1072,230,6.0,1,0.008067574142316625,0.5,24.087982442743893,55.705811635748894
1481,373,6.0,2,0.02688374295975662,0.5,24.190242311923814,55.81173720047394
472,856,7.0,1,0.6947299368440668,0.3561512311388329,24.157556803835284,55.691214274564956
831,1292,5.0,1,0.00476863533669971,0.5,24.297772751287237,55.70893617903701
79,267,6.0,2,0.20295565858842654,0.5,24.31746659046103,55.82424311914017
1381,31,5.0,3,0.08074124489809403,0.29270867774569365,24.337112614965786,55.83405467919391
1056,1368,5.0,1,0.640876900407705,0.37953066314998146,24.18032444475195,55.64429852830092
341,962,7.0,1,0.2788446649731465,0.4409803392271888,24.100689944396247,55.551921285388
730,764,7.0,2,0.2720102282842526,0.5,24.197168697981088,55.77984774748958
28,517,6.0,3,0.7571934778454161,0.5,24.16028852062557,55.736119975890354
53,1197,7.0,1,0.9883180166996695,0.5,24.101320839629636,55.78749722807897
1340,535,5.0,1,0.8690305050041414,0.5,24.210784056521835,55.87617631877553
1401,1392,4.0,2,0.604984847968065,0.5,24.119672706238898,55.850739578695105
365,307,5.0,2,0.8079572338969933,0.5,24.291645405689312,55.865403013974245
100,497,5.0,3,0.27721572495992536,0.5,24.19939343842389,55.87930483996456
590,1038,5.0,5,0.5996919299857559,0.5,24.178998411927697,55.635767854025296
1083,902,5.0,1,0.30824539284792735,0.5,24.094579667709432,55.68398954075266
469,770,6.0,6,0.7175155202957765,0.5,24.076944324549448,55.799495986268894
920,1240,5.0,5,0.5427410065608745,0.19619711540850437,24.32391637682641,55.830672778229335
1029,95,5.0,1,0.9996791064969692,0.5,24.329117078943984,55.72017110281992
695,688,6.0,3,0.9983660906193828,0.42361387664344685,24.18022093767979,55.666872022602526
917,35,4.0,2,0.8135128507451644,0.5,24.177454001273734,55.67619195668725
1346,90,4.0,1,0.3522782078557624,0.40807951669205716,24.30779499433007,55.855417165756485
457,364,4.0,1,0.8446900255451459,0.5,24.100242865357348,55.719258017830136
66,336,6.0,1,0.9425907189425244,0.5,24.322195101778973,55.86789502708241
1352,1196,6.0,1,0.8892888598678993,0.5,24.11251693049321,55.892331292819065
1192,1466,6.0,2,0.9166703961496292,0.5,24.211049086331208,55.73562710476888
363,495,6.0,2,0.9960535111238404,0.5,24.23567608037708,55.846690165033934
814,49,6.0,1,0.009872355148268742,0.5,24.165509173610257,55.78490365553177
1450,23,6.0,1,0.027316261652933823,0.5,24.072454051513404,55.668192604128166
1425,523,5.0,2,0.7643089245684394,0.3220918793551726,24.348337712215002,55.795158055520126
1402,1063,4.0,1,0.8186270110613122,0.5,24.259858742221997,55.89605023720374
174,291,3.0,4,0.20746625952996361,0.5,24.07221411797458,55.57657048883863
276,588,5.0,1,0.0013781099635655398,0.5,24.348071104739518,55.71666884681698
1144,1455,4.0,2,0.5699516622631253,0.5,24.334245775115143,55.830303959304835
433,1132,5.0,3,0.10637681550903383,0.5,24.222753450091584,55.77541845440133
578,1237,6.0,7,0.21310888585235785,0.5,24.133145971669666,55.684483427143405
1483,1228,4.0,1,0.947341995849436,0.30260277006758657,24.255013234165624,55.76543165983844
40,1048,6.0,2,0.0037174702730942066,0.5,24.214272083645355,55.73812082104977
762,77,6.0,1,0.05857090565904761,0.028742991021270203,24.151107475934204,55.581950231556725
1462,9,4.0,3,0.9993909042151574,0.00633746261612278,24.20747218172933,55.5487652988968
627,1017,5.0,2,0.2390998609115173,0.5,24.149714336571474,55.766372160467526
135,588,5.0,1,0.9515615979053299,0.5,24.330147823235116,55.692851371764405
526,967,5.0,4,0.7490402079519276,0.018750615086941258,24.10754283931462,55.63452841420807
1217,1417,5.0,1,0.6203293720691727,0.5,24.115483054801217,55.664077369643216
965,139,5.0,4,0.5949011075145652,0.5271384414812965,24.09248623546251,55.853053142754376
620,1202,7.0,1,0.3447536691804285,0.3506175877996851,24.071363381175782,55.86427710919329
920,1455,4.0,3,0.02175858388653409,0.9338438638515462,24.314755080001092,55.82267294700816
997,506,6.0,1,0.5986209130586507,0.5,24.32159468685572,55.69153657962577
786,1147,5.0,3,0.4254048853837755,0.5,24.097290684536787,55.55378658510804
765,651,6.0,6,0.6581159137059721,0.5,24.245041557160523,55.598880176018895
264,1007,6.0,4,0.287779653164915,0.5,24.106895021999417,55.63227631540176
964,881,7.0,1,0.3412962534844486,0.5,24.15312454566693,55.75111376822414
198,399,4.0,1,0.10118166252767487,0.5,24.119556795477216,55.81859856708244
1146,73,3.0,1,0.5325434370463148,0.4359728493737224,24.095252453302226,55.7752272008629
510,8,5.0,1,0.9924584707398245,0.5,24.149353832792613,55.60320278284924
872,352,5.0,1,0.14481252140863246,0.5,24.224877184824976,55.57703336008045
386,1425,6.0,1,0.19621192806367416,1.0,24.163027234983698,55.61726116803897
306,80,7.0,2,0.5049270809941836,0.5,24.108403240933136,55.58476215788425
526,8,5.0,2,0.37204617462451645,0.12759934270119305,24.10412295421721,55.63519433807687
1288,1311,5.0,4,0.9512376274456081,0.5,24.300030731460925,55.80103387092194
380,1465,5.0,2,0.305015095295572,0.5,24.298851843255253,55.756483489325525
37,356,5.0,1,0.20413665166109557,0.2001681141843462,24.163740209719574,55.77393237276953
1248,71,5.0,4,0.16459135275697384,0.5,24.31783015437319,55.792139776303856
610,1094,8.0,2,0.7361379726969967,0.5,24.181702659349458,55.78105173642025
347,309,6.0,6,0.012386317112536622,0.5,24.25120406048219,55.69137806207211
380,776,5.0,1,0.07037496652948563,0.27051667046522976,24.302444901483366,55.76250946762177
818,1002,6.0,2,0.04178557543318317,0.8190511460063098,24.169824471086457,55.71728029567809
386,1366,4.0,1,0.9870930113918531,0.4287370271397719,24.154441432062658,55.608389285317486
1135,1489,5.0,2,0.33284687900680765,0.18343999224489577,24.27723547214173,55.745218826499
1256,644,5.0,9,0.0007024606194977152,0.5,24.247410963250204,55.63389669787376
966,583,5.0,2,0.31865008612435036,0.5,24.230306484660673,55.809884375916205
730,272,8.0,2,0.002268364762892338,0.12783493142094637,24.196780634114944,55.78846343825028
539,588,5.0,1,0.09976397516937537,0.5,24.343825200075045,55.72804258740643
527,1166,5.0,2,0.240039290160987,0.528514163163134,24.3057159254133,55.6804656125076
129,751,4.0,3,0.6970572986497465,0.5,24.269686916147908,55.8889027174116
1255,576,6.0,1,0.9768688678853381,0.7329353935098415,24.226272934577405,55.61480795554433
1377,972,6.0,1,0.7110846051178358,0.25533570026357816,24.25402073463679,55.84064985089519
516,918,5.0,1,0.1924858492415699,0.00021175397089512327,24.121646803853256,55.71389786731824
236,619,6.0,1,0.999815946646592,0.7463086596944847,24.16869729435968,55.87276260700975
625,453,5.0,1,0.012469299446818061,0.22637309238892123,24.245775109002672,55.75844630113639
869,916,5.0,1,0.9784736819431483,0.15271146615484293,24.28994307637104,55.76884469454927
365,704,4.0,6,0.9741952975216606,0.14733392748203922,24.297316610843232,55.86634603121936
299,92,8.0,4,0.9907044324152073,0.5,24.29600417697113,55.86404707764759
367,408,6.0,1,0.815932040632179,0.5,24.1614882124163,55.688424151534356
178,696,6.0,3,0.09199541009306607,0.5,24.174191547284888,55.70478922756158
129,1185,4.0,1,0.5688613813850905,0.6082542294196331,24.26923723449871,55.88149884175029
787,1242,6.0,1,0.7999893958029322,0.5,24.24810043571138,55.71445178822807
970,485,6.0,2,0.8937813880549461,0.5,24.232257744471724,55.80036285762664
360,155,6.0,4,0.8030508551447063,0.5,24.216421593785547,55.781796715212394
398,967,5.0,3,0.054755682017143224,0.5,24.116255992899628,55.665416385593716
760,138,5.0,1,0.7990808342157096,0.06097831032279144,24.251515285509743,55.88108001189957
129,284,5.0,1,0.5217694205082858,0.3453486238532699,24.273220803018805,55.890336860164375
559,1165,5.0,1,0.0007838306691432016,0.20023937644847967,24.09799221978822,55.602297236704516
1116,1333,8.0,1,0.26485611961619676,0.5,24.09619680631924,55.81829188698286
8,1318,8.0,2,0.8699537793906362,0.5,24.206568526446542,55.78149223217147
476,291,3.0,1,0.25752393369947224,0.5,24.07641208214798,55.59458937985682
1047,1322,7.0,1,0.8782800820337247,0.5,24.205941013765457,55.66317160838165
394,669,7.0,3,0.9608811090817032,0.940793496457079,24.201260974559652,55.711940756768016
1253,1202,7.0,2,0.3111497082551918,0.5,24.081198846343703,55.801793567536556
229,1091,6.0,1,0.7535537440964997,0.020147980002041876,24.162800774913396,55.74147511715041
910,1229,7.0,1,0.3362922735591779,0.5,24.11521586387526,55.765642172949406
52,1010,5.0,2,0.5050159313198427,0.27572410136129066,24.171448444591057,55.6636790737759
546,1171,4.0,1,0.011561096680064173,0.5,24.309861400333787,55.86578624101067
1436,1041,7.0,1,0.013767521960412251,0.33409582830926043,24.32361153373744,55.830644780959396
1197,837,5.0,3,0.20778708059050202,0.5,24.19884322980976,55.7897923667008
1217,1154,6.0,1,0.06410164116177525,0.13752039428559498,24.114852141678256,55.672240181862904
1474,58,5.0,3,0.0019248780408642103,0.5,24.132890806567797,55.89928130101546
898,1426,6.0,1,0.6228963743644484,0.24608579792335328,24.24910634286258,55.89018198677313
1385,220,4.0,1,0.5758202219525421,0.5,24.34080729931742,55.67043462811009
178,1109,6.0,3,0.004967306368768828,0.15850530806356783,24.177359904408693,55.70988826172137
1007,926,4.0,3,0.0671761069658353,0.06449000102508551,24.189660210764718,55.596032686259754
1012,1465,5.0,1,0.20316929292360547,0.5,24.274847507686403,55.7732702545496
333,724,7.0,1,0.0013136818472734156,0.5,24.3485810804976,55.67032270119312
676,1443,5.0,4,0.23025875294112205,0.5,24.1468063812263,55.63981764007932
101,1257,7.0,1,0.000624478881104133,0.02471156087550902,24.24736495740348,55.86577313819814
1289,334,7.0,1,0.0012221123072161861,0.5,24.262255033578576,55.59021559422487
584,348,7.0,2,0.9996436732682278,0.5,24.126579364025883,55.85823824776838
676,638,7.0,1,0.7712175886470256,0.5980247190774513,24.14451718693873,55.64619833317336
974,1192,4.0,1,0.8167676153383072,0.5,24.286411133378863,55.57574997033405
106,110,6.0,3,0.008331096516082971,0.5,24.205696159643935,55.655611802613535
1109,238,5.0,1,0.5299283278145209,0.5,24.13211031070788,55.69922977450523
1475,917,7.0,2,0.740540114587343,0.441701542076454,24.13374054276139,55.74195764061579
659,908,5.0,2,0.8665132733280221,0.5,24.11708260319122,55.71585599292495
409,56,7.0,2,0.9773916044600865,0.5,24.18840474134649,55.616682658253936
964,1291,6.0,1,0.007684366242932061,0.04963230768083693,24.156762736576265,55.75730276271014
648,1196,6.0,1,0.7804872612228139,0.5,24.097173085950384,55.8892605078646
840,1097,6.0,1,0.0015438571792280146,0.5,24.123851191674817,55.6561793536745
105,554,5.0,1,0.009392158264456368,0.5,24.332547338214464,55.75247018892172
1054,1333,8.0,1,0.0013827998400209875,0.28843179125408475,24.102673929840382,55.86147473216117
1216,1106,7.0,1,0.2190537874824743,0.5,24.30526124915903,55.88957937758658
748,112,5.0,1,0.006902874385302804,0.18681264932165603,24.140836054329355,55.584401006851465
968,1424,4.0,2,0.5573178048317321,0.022738759472223313,24.329658411028543,55.80054841140625
103,1377,6.0,2,0.9922444281584537,0.5,24.12142642571768,55.80221215517596
524,195,5.0,4,0.5149618454424578,0.5,24.07021560130015,55.79710635318911
595,1230,5.0,1,0.030536413381699993,0.5,24.232575279960543,55.598535570830826
7,863,5.0,3,0.48672503695436536,0.5,24.1953091582301,55.722286111871256
482,19,7.0,2,0.9500933575203571,0.4486222709122286,24.095045955390678,55.76974563602637
164,637,6.0,1,0.967450239826473,0.5,24.1677411138852,55.869969263955966
249,766,4.0,1,0.3825316219648592,0.5,24.17303304583825,55.7536215703589
88,1328,5.0,1,0.9550198153647222,0.5,24.279133702149466,55.79137499870747
636,678,6.0,1,0.5013297983082529,0.16022835447905093,24.244690769135214,55.739939023734124
1413,560,5.0,1,0.6140208972430142,0.5,24.27120543126784,55.82492373931369
996,232,5.0,1,0.01794195735554837,0.5,24.348979225578844,55.56678190181221
605,198,6.0,3,0.21885445121039773,0.5,24.073924493089795,55.79061648447256
1225,901,6.0,6,0.7372339248591875,0.5,24.167494417214847,55.582307300761904
729,1159,6.0,7,0.9373402974111635,0.5,24.189213624748426,55.69038976068785
1284,80,7.0,2,0.8981273607923509,0.5,24.113378774722662,55.63031041642123
993,50,4.0,1,0.6746218248470982,0.5,24.195326403941,55.65453977132073
1225,491,5.0,4,0.04476597396893063,0.8158002393901455,24.16676288920387,55.57391856887669
966,47,6.0,1,0.8717553793615932,0.2854322385471169,24.22466432414681,55.803059989838744
501,747,6.0,3,0.06666452350407877,0.1486859056107288,24.173511389492635,55.77013602423235
1171,936,8.0,4,0.7377842942738683,0.5,24.25099291686261,55.66530748028786
21,513,5.0,1,0.010130453447747047,0.5,24.17156063433895,55.60635574969864
642,516,6.0,8,0.27684303856492537,0.41009430981457157,24.221441144320988,55.86706402335484
1430,822,4.0,1,0.9269975879299649,0.5,24.167167838655327,55.739016011781956
1427,41,5.0,4,0.9920514252956621,0.5,24.13834848389477,55.66760982988495
925,89,6.0,2,0.6896118906247384,0.5,24.149641693211684,55.763399995175156
64,123,6.0,1,0.9499546312119044,0.5,24.116752352420008,55.774533508393056
1411,15,4.0,2,0.1542449272613093,0.5,24.120974188562247,55.71691998231177
577,533,6.0,1,0.7038722134083985,0.5,24.29751216916783,55.66823675101855
102,1195,6.0,1,0.7197261759385474,0.5,24.319195414744673,55.78070323510767
1256,1450,6.0,2,0.8803431098915341,1.0,24.25174385291319,55.63787881846335
1248,1343,5.0,2,0.9121535383728745,0.5305823574432803,24.327419656556657,55.80051695493772
1347,102,7.0,1,0.09999321216271481,0.5,24.26702041154886,55.57441709691252
102,1490,5.0,1,0.9379713248805298,0.0011306519651900215,24.316496458697838,55.780067112051626
965,1078,5.0,1,0.3807684703962179,0.7900772515803397,24.09830319871071,55.84973811072077
1398,734,6.0,1,0.8398329806685294,0.03403523650319984,24.18477090503411,55.68065683615045
1235,24,4.0,4,0.31509778171953445,0.3909050408573863,24.10775345817346,55.69437923679904
789,683,4.0,3,0.8859890780147877,0.6466411061157749,24.087526955043217,55.83977166153186
1391,956,5.0,1,0.4378997199241889,0.5,24.162084569545982,55.69607745095087
257,1286,5.0,1,0.5932642925841404,0.5,24.17205095938471,55.84497579227892
544,416,8.0,2,0.8340893878756784,0.5,24.293956028316963,55.81266972290784
443,707,6.0,2,0.6415327686465034,0.5,24.11172807510408,55.672665576644164
187,623,5.0,6,0.02075167127844846,0.5,24.220286874429704,55.78509738644921
1144,1484,6.0,4,0.5499549625896443,0.48784752421599054,24.328726312076125,55.83686341404293
174,4,7.0,2,0.5771750161131237,1.0,24.079216460499975,55.58147422408004
809,76,6.0,1,0.643103861659301,0.5,24.08563717232763,55.75574493164798
848,805,6.0,1,0.9999585497766537,0.28097432886081825,24.0799713528466,55.81639416840865
678,824,5.0,1,0.9984417852738443,0.44364356461765364,24.30920507552116,55.89286392962279
1103,237,6.0,4,0.7594844195470465,0.4033200397165871,24.155567456666265,55.81904634990305
1057,96,7.0,2,0.28288916533935804,0.5,24.325672603370023,55.55440154152069
765,1325,6.0,1,0.1490323157045149,0.8993307625923331,24.25372492401865,55.59028480182654
31,753,6.0,4,0.17243042699641914,0.5,24.27942131716654,55.807402826887895
947,414,4.0,2,0.686963181477457,0.6771103659403273,24.113528198709503,55.62267625623427
527,1121,6.0,1,0.36085626929128667,0.23606997320034262,24.310619928594875,55.6870712513561
939,1287,7.0,1,0.01435578735212226,0.5,24.1085596444136,55.897842113183955
1058,1296,6.0,1,0.16805057870316648,0.0889178152542377,24.182705464587922,55.875575620732064
197,1321,5.0,10,0.9798485840352589,0.49866790413879925,24.22440170903597,55.561239447250706
249,1350,6.0,2,0.007838098558297476,0.20135754816301354,24.175268179731173,55.74824687497958
1045,1113,7.0,1,0.738215918175302,0.39501619921995534,24.192957115441786,55.66208904334955
343,91,6.0,7,0.9641893506369114,0.5,24.2932878384496,55.705902854930926
267,1180,6.0,2,0.8183034866618297,0.5,24.078122896200345,55.61439618801206
1241,637,6.0,2,0.994327670609788,0.5,24.13941202034063,55.82836723471297
690,62,6.0,2,0.8571504592620665,0.5,24.326314754798833,55.66318748328131
1126,1130,5.0,1,0.08053976473210658,0.5,24.288684391967333,55.85323941506232
764,1262,6.0,5,0.8194442208493267,0.2618355480283393,24.182253558044675,55.883296972674984
476,606,5.0,2,0.7170202057437639,0.15705441468872222,24.083138285290318,55.601570242890354
129,982,7.0,5,0.7041817418452085,0.28874920175367996,24.28130466302255,55.888496081790926
1044,1050,6.0,1,0.6214693480345258,0.34022560640081617,24.247380622722403,55.74161853846096
1268,760,4.0,5,0.6006206420517147,0.5,24.21668207806498,55.66537551179917
712,634,6.0,2,0.3260870303158232,0.5,24.15704021345433,55.85108005535272
746,184,4.0,1,0.9774334848975952,0.5,24.096242533855953,55.68407179175108
1148,564,5.0,2,0.6236339478645531,0.5,24.330352075535355,55.846112660349235
403,439,7.0,3,0.7331920313423258,1.0,24.34121643651984,55.652293955941246
573,1387,4.0,2,0.2756514635592015,0.5,24.184661481254658,55.86963308580734
1413,1148,6.0,2,0.7448352751210958,0.13934786269543625,24.27844557945859,55.83064190204435
610,1188,6.0,2,0.5168387386649876,0.07050953064886134,24.185033732726872,55.77302539466525
1475,1470,4.0,1,0.30266013667143743,0.04077358236569123,24.130070602850946,55.738546410737634
1051,979,3.0,1,0.44799434113685277,0.5607409079963057,24.31205855668904,55.62656158944693
235,543,6.0,2,0.09427085195788762,0.24907431983193018,24.2203583719475,55.63102599039544
187,756,5.0,1,0.8434932085173978,0.7872126239162924,24.21152848484883,55.788967507625394
1259,1274,5.0,6,0.7889104604823299,0.5,24.274519511460774,55.56437282849701
521,105,7.0,1,0.019057480231490932,0.1926369214227231,24.221265436992287,55.87883439581342
1061,100,4.0,2,0.9999981794055812,0.5,24.099276821584606,55.56357180734649
843,648,4.0,6,0.6261679178337702,0.5,24.087499455743107,55.85739168886846
1439,148,4.0,1,0.9684734619689161,0.5,24.255933437935,55.570350923248895
900,1227,6.0,1,0.7354107474338902,0.5,24.242474862880147,55.837511486930794
1325,1179,4.0,1,0.34419716379055754,0.46070577622192943,24.145725698464386,55.73833371641507
142,836,7.0,6,0.19304700651346926,0.5,24.271558034508082,55.81896895754047
663,1340,7.0,6,0.18346545342858397,0.5,24.270997033240313,55.71729598072628
1242,1378,5.0,2,0.34350922619318003,0.5,24.08002682886281,55.57629369306805
324,849,6.0,4,0.6027300406520862,0.48397031776073673,24.210110323528347,55.550325913906505
769,1159,6.0,1,0.8981151925778221,0.5,24.253287438840356,55.68857650212439
717,512,4.0,1,0.5372108946028576,0.5,24.09218700892699,55.704356577700906
524,575,7.0,2,0.07612020602954729,1.0,24.07564734052718,55.8040470041112
556,858,6.0,1,0.8124805878703413,0.08598577417505981,24.228240147737168,55.800619400678606
331,566,4.0,5,0.05422002905300864,0.8413924422999588,24.24415329532902,55.546987662698726
744,1325,6.0,2,0.9794048658595116,0.21350927104184136,24.205323353008335,55.61690199074607
365,255,8.0,1,0.29878851366022974,0.7297862776726227,24.29188643242152,55.858462148578475
388,1124,6.0,1,0.16657310419675167,1.0,24.30540153367708,55.854316351848446
1344,552,5.0,1,0.3355742385359788,0.3947969926283288,24.09875794187299,55.707131701089146
843,469,4.0,2,0.5492380095674472,1.0,24.083307973435907,55.849159267708785
398,717,6.0,2,0.3669646885912652,0.22070379975533094,24.12052053815032,55.67169568653607
714,383,5.0,4,0.8073188957048072,0.5,24.145213425633173,55.86581876529011
846,1070,7.0,2,0.7300478592679935,0.5,24.18301260938037,55.62123959125048
892,508,4.0,1,0.996524111782566,0.5,24.318994494196577,55.8628502244832
360,820,7.0,1,0.3526173405652642,0.42027599144331995,24.222602885763038,55.78284682878677
1358,446,4.0,1,0.0028491872445419023,0.5,24.109564528429598,55.58862990692022
975,1177,4.0,1,0.9802402453809651,0.271509743996771,24.287611593211533,55.64069169497035
1318,1134,5.0,2,0.8906782070078887,0.5230504263864204,24.12780919748224,55.88521874827264
993,290,6.0,1,0.9988582818489149,0.12885026277364053,24.187022976762588,55.65377390206213
1326,74,6.0,1,0.03838952086984238,0.5,24.338774980068635,55.84704240678563
388,68,6.0,1,0.211742685714625,0.3964144478689948,24.30222356370303,55.862956908119365
1492,699,7.0,1,0.059239879143588574,0.028087723988262647,24.27029831963884,55.670854807652255
1263,1457,6.0,3,0.04900493571305278,0.5,24.31895084944797,55.69840342430419
254,1078,5.0,1,0.7706235902135232,0.5,24.126743118420602,55.83304787538189
1193,249,6.0,1,0.9776825454805947,0.23284246185221313,24.088665616725873,55.746490280437925
1381,1195,6.0,3,0.9973624119732959,0.04324336880041407,24.333668308497497,55.8416992960483
394,863,5.0,1,0.9912818212422624,0.4650666622397482,24.193359160618513,55.708792277850684
173,967,5.0,1,0.1933073985273924,0.5,24.134387482546643,55.695463176577825
622,466,6.0,1,0.945796684659072,0.015038403839908732,24.20864365734684,55.81511633774103
1235,180,6.0,1,0.6361711586433642,0.7734509126171312,24.10644099587642,55.69361068342762
1328,778,5.0,4,0.9752109158338963,0.5,24.09991442956811,55.608370481442535
1057,630,7.0,3,0.6364050931733349,0.13352318670253172,24.317169162500218,55.562846860011895
1235,39,6.0,1,0.06758490327132101,0.3618911225627389,24.111530470254298,55.702801827751
962,400,4.0,3,0.9695756207345664,1.0,24.20653141587997,55.64050783677958
847,226,4.0,1,0.531325921772176,0.5,24.24380247210292,55.576743138717525
1286,292,6.0,1,0.45476205799700004,0.5,24.238029445340263,55.76356517756728
174,778,5.0,1,0.857222720870366,0.7638560270933461,24.070869417407238,55.57153078305852
267,598,5.0,4,0.8515614170153689,0.07071937473018369,24.074207397332135,55.604841991208716
702,1408,6.0,1,0.9841969373380545,0.5,24.258505031821404,55.6837729895315
1178,170,5.0,2,0.7951327717693957,0.5,24.241845304380174,55.662039485861065
7,517,6.0,1,0.07876686650758825,0.8487526796313491,24.19391659457469,55.72075618648187
631,1082,5.0,1,0.9991202844593011,0.5,24.127898716510437,55.64625023856466
56,217,4.0,2,0.04606006418208081,0.5,24.29027486942253,55.80508338206303
1296,84,6.0,1,0.6327077563782809,0.7800371116166226,24.312943667252195,55.64323550724872
934,441,6.0,1,0.0926467514810611,0.16012787421428953,24.15124004511371,55.698281969642714
1466,885,5.0,1,0.9256758825977286,0.08555887878526458,24.285624519683548,55.66036260371237
1264,957,5.0,1,0.317384737125994,0.5,24.105405704004916,55.87628519480376
1223,451,6.0,2,0.3401184756797198,0.5,24.1366590071924,55.63436162681996
1495,1423,6.0,1,0.8958922149712413,0.5,24.14802865294124,55.60381018291965
294,687,3.0,1,0.7129236046461722,0.5,24.163623921525183,55.68883132475939
1171,1322,7.0,3,0.30315936648027775,0.31550214371007745,24.249246484656254,55.666721159821286
627,293,6.0,2,0.9657703807577983,0.20518446485274605,24.15540753932128,55.77061348176362
1464,623,5.0,3,0.24468823280400356,0.1577201855545603,24.22634248946635,55.721082911353164
1298,678,6.0,1,0.7312891162935324,0.04753836023084668,24.24130437235044,55.736192156396456
1391,792,5.0,2,0.875469127022052,0.43600843632437986,24.16396867122591,55.69560819099535
612,496,8.0,1,0.4976941896527928,0.5,24.31997254776262,55.802807506507044
910,545,4.0,5,0.09027780485664054,0.04459262899015648,24.107017697147832,55.76090492338919
1472,114,4.0,1,0.13442315293329418,0.2212242912376189,24.282574296534385,55.695655670896095
826,259,5.0,4,0.8936056995083796,0.5,24.301404642617857,55.73832403409122
469,141,8.0,3,0.8295896235968324,0.8376171173467718,24.06830201665828,55.792665920671304
824,1350,6.0,1,0.08729377607172455,0.5312513055924506,24.173788391779485,55.723609950660936
289,609,5.0,1,0.37140798603021685,0.5,24.274528307064422,55.585724192814816
847,759,4.0,3,0.14404563662730346,0.491773632974676,24.250802033045268,55.575064905651
408,743,7.0,1,0.05074734583179527,0.5,24.33499452882926,55.58681437454172
334,676,6.0,2,0.999750711404394,0.42176318284585773,24.244998772399523,55.88779438497098
1411,235,4.0,1,0.9510907215865121,0.22274183724949326,24.115062584584187,55.7152501318143
1127,531,4.0,2,0.918225308026504,0.5,24.096280133260407,55.70604156558227
321,634,6.0,3,0.4405256887328283,0.5,24.146799025548866,55.79574099135685
345,343,5.0,1,0.0005599418115669945,0.5,24.283516128667486,55.658440703602224
1051,334,7.0,1,0.0017284230391183162,0.6320070782908609,24.309512632551538,55.631368675248765
1267,545,4.0,1,0.0011740185544594696,0.5,24.092911678040412,55.76777265624354
435,865,6.0,3,0.5099585427617578,0.5,24.094605615078027,55.65935197004631
1325,803,7.0,2,0.9064565842832177,0.11824832644276867,24.154755970113825,55.73522606121545
488,27,5.0,2,0.851832869443941,0.5,24.348612668939754,55.738557760858264
1125,1328,5.0,2,0.22358613318196308,0.21084635927578532,24.274438706752644,55.767805201902966
1425,264,5.0,2,0.7231797929963666,0.01593868597116177,24.345451043006943,55.80420203107702
489,221,5.0,3,0.032204295416378134,0.08964059990084705,24.191572635820695,55.57485015226297
853,483,7.0,1,0.7279219015382288,0.5,24.212609719721964,55.60483513188489
7,1139,4.0,6,0.0927422158910401,0.15488853078579234,24.187152828791326,55.7198964374609
962,150,4.0,3,0.8377109392568295,0.8387199920143886,24.202175641274245,55.63504658854464
328,585,7.0,1,0.35132996106346864,0.2408714718491527,24.09585382597905,55.602116898830474
1102,1131,5.0,1,0.9599535122803503,0.6657936384732519,24.245604921964,55.58939750669623
751,1272,7.0,2,0.5120858853175589,0.23937403206549673,24.353567874584915,55.73989381431424
581,1124,6.0,3,0.88452550056739,0.5,24.292670240625565,55.82555275920126
505,688,6.0,5,0.9999821709897024,0.2849904324241274,24.23334438252027,55.61519276533618
142,417,6.0,1,0.9999958328625979,0.6137130281462758,24.26704083373608,55.82081098863896
1064,1432,5.0,1,0.3818698878408456,0.16295314211366296,24.345955751021364,55.557035247882155
243,851,6.0,1,0.7775824553315296,0.5,24.26961578072775,55.65724416169111
1027,1039,6.0,1,0.8353376460536353,0.8376120558383479,24.20712042606171,55.692993968952585
28,1386,6.0,1,0.09679666699263105,0.2970726744562635,24.167663073024706,55.737654310689244
469,316,5.0,4,0.2961302094386489,0.44173455286086794,24.060796668008177,55.78602510441654
586,142,6.0,5,0.6761151100134615,0.10555847320765466,24.304183458659217,55.657386496304035
274,896,6.0,1,0.92647295730195,0.5,24.17998850234833,55.82271318655683
506,1030,6.0,1,0.11248102811271377,0.5,24.309381494357076,55.560662282484934
610,1068,6.0,1,0.3501100350648452,0.14873640756771006,24.19437535354069,55.77126790966731
962,56,7.0,3,0.9542987801090216,0.8092014813491419,24.207758055306897,55.62788597636746
306,934,8.0,2,0.6081368943290135,0.5333908875627931,24.107527077991442,55.58188625401219
303,251,7.0,1,0.2963853268129888,0.5,24.124580843556366,55.793709379350545
821,1188,6.0,1,0.9651102406926206,0.13854404469395087,24.21968740912912,55.77376957457413
916,719,7.0,2,0.9201175452077769,0.5,24.17954611690847,55.757328310928024
1280,836,7.0,2,0.9765597193089828,0.5,24.298834415111596,55.80244674272318
920,434,7.0,3,0.7133403174705497,0.7714508426785224,24.318423830358576,55.8314114090477
562,1414,9.0,1,0.6614151034210306,0.5829852054446558,24.320991047458733,55.615163482512145
1300,1442,5.0,1,0.13698037016247083,0.581397683631137,24.227252651461086,55.86568566714523
910,1178,6.0,2,0.7844916845616305,0.4449007913651239,24.112784664130224,55.75263429251767
676,1022,7.0,2,0.0220808210949386,0.023590245290660672,24.147610838470705,55.645888996339835
793,1448,6.0,1,0.8981347541404006,0.30660920418280624,24.327943922696928,55.733348945071405
635,920,5.0,2,0.01156508154275714,0.40366918384856404,24.22318975900092,55.59517214247743
1396,1193,6.0,2,0.7372224452662929,0.5,24.132997542127757,55.74462181827661
1457,1193,6.0,1,0.8402530083005625,0.5,24.117233027099626,55.80872591884749
830,907,4.0,2,0.048581765726158854,0.5,24.124779004629133,55.637679255896906
73,1398,6.0,1,0.7483432144811003,0.5,24.23170192615879,55.853709804891764
366,310,5.0,3,0.749649683503262,0.5,24.189273249629665,55.627070974884866
1432,248,5.0,2,0.32542240415425966,0.5,24.328234588389044,55.72881932827849
573,617,5.0,1,0.9423986086352808,0.3397868598908028,24.184693661983868,55.87443023860499
1133,698,5.0,1,0.28184107330932545,0.5,24.2031208648074,55.768365242312775
1380,672,6.0,1,0.14250640687007685,0.5,24.117712465308873,55.868042418888145
716,1353,4.0,1,0.04394448249286855,0.5,24.14758105155398,55.589657125921974
1441,415,4.0,1,0.8555000788304563,0.5,24.221388937070085,55.76834358361177
908,107,3.0,1,0.6109746623786457,0.5,24.296433592709256,55.75949105806384
820,218,5.0,6,0.022874323885185253,0.004517264624399275,24.26081222172099,55.749221181656665
740,547,6.0,1,0.9630200095314486,0.5,24.235045451699833,55.87668615975305
522,524,5.0,1,0.5816115337856255,0.3360324354837534,24.314089986432027,55.578627296312746
374,1106,7.0,2,0.16013507010974362,0.5,24.321928472966835,55.834325734192475
1256,649,5.0,3,0.615672635024543,0.5074452993837266,24.24623401994983,55.64035517380437
714,839,5.0,1,0.18191568415583967,0.5493672039756518,24.151629542820316,55.85758271949711
1171,699,7.0,5,0.7455648382110347,0.10760382644511107,24.24978277317313,55.674050024291
997,584,7.0,1,0.9676187425368131,0.12541048396699672,24.329288337838232,55.69709096930013
1019,382,6.0,1,0.5615281399325425,0.5,24.203390825597275,55.88992137510942
220,630,7.0,2,0.9774936313563936,0.32328888766429265,24.30738237517353,55.572090012042715
1296,628,5.0,3,0.11024657651374706,0.37312233567635467,24.311336763033573,55.64353383272574
659,906,7.0,1,0.8529851843953633,0.08765504865518192,24.123133541573306,55.717653081840844
985,182,4.0,2,0.605712856093797,0.5,24.26776032743578,55.78536510757553
965,679,8.0,2,0.7478486325384879,0.4382736408032506,24.10573290851894,55.85902181031793
590,130,5.0,1,0.5766727876140598,0.9554823368433696,24.182561375170312,55.63749066906487
237,1054,7.0,2,0.6348835796932084,0.5,24.26797803080702,55.79290550745471
1119,1080,7.0,4,0.19987852897302633,0.5,24.202244057962965,55.55279314898622
488,258,5.0,4,0.11247493288161818,0.10645779346429174,24.34112803405555,55.74173822605573
1069,716,3.0,1,0.21907470855641392,0.29366738804987275,24.15627756633448,55.711789392041226
723,897,5.0,3,0.8128346552367236,0.07737133321784428,24.344108062959574,55.80819407142367
636,1032,7.0,1,0.09801821707906022,0.07465000547035572,24.252170791013693,55.74190207536527
1286,753,6.0,3,0.08396038036494533,0.4057260312245858,24.246914042145303,55.76935396707243
405,371,5.0,1,0.2320602875830774,0.5,24.25504431432811,55.74700849794919
540,519,3.0,1,0.030095331790943643,0.5,24.320462716887132,55.89588382449003
581,74,6.0,4,0.10067510445965204,0.1736000308825455,24.30062127683414,55.830167826641976
1362,1261,6.0,2,0.5074882966826377,0.5,24.110926581836424,55.886219847860424
343,793,6.0,1,0.6274534325185903,0.758312298456974,24.300414559064148,55.70397886331351
846,353,7.0,2,0.3296964156145214,0.11247756910461304,24.17398054317633,55.6229167885881
94,32,8.0,1,0.3479156250731294,0.5,24.23757865719648,55.71433641590665
542,122,5.0,2,0.4422388193199459,0.5,24.207141994793552,55.718672756472294
267,903,4.0,3,0.980298420325752,0.07790281201605448,24.07838438163,55.611183443734454
1320,1302,5.0,1,0.23563187101644487,0.0014710870457416703,24.12404513985629,55.79671227037496
484,1378,5.0,1,0.0258704184348611,0.5,24.1399975290706,55.57065309325704
989,659,5.0,2,0.29742347334459707,0.5,24.336638220671436,55.74484711194074
823,300,5.0,1,0.5952341516047457,1.0,24.15410474768411,55.62106381983549
663,538,7.0,1,0.04487433898111035,0.6042776060474578,24.261522683406568,55.71455292818564
1164,539,6.0,1,0.7632208870043359,0.5,24.091458743537803,55.852243627557
1467,844,6.0,5,0.3054653161465889,0.5,24.342305373912698,55.80142549661129
706,1119,5.0,5,1.187917862745574e-05,0.6378451568533348,24.21296749511731,55.68599101983038
369,499,5.0,1,0.15079276118034418,0.004111927862836151,24.18676404583602,55.67167524100602
925,771,5.0,1,0.8857587703521227,0.19718856823287473,24.140165339560646,55.75349313220355
860,76,6.0,2,0.932656277089456,0.5,24.115068615057744,55.75474837021688
1172,1379,6.0,3,0.5736281476020663,0.217964771155588,24.088214937696048,55.62000839099517
487,568,5.0,2,0.8224652359126862,0.5,24.07000244525928,55.884444525876
69,174,6.0,2,0.06661149380033195,0.5,24.239790642899894,55.71878666452817
1075,796,7.0,1,0.22849084818128088,0.5,24.1542544990431,55.749174202553036
1013,1322,7.0,3,0.9756922996519254,0.5,24.20297266073567,55.65859497540308
423,520,5.0,1,0.9725729053317951,0.5,24.33863549703085,55.86770978091958
421,380,6.0,1,0.6128554968518377,0.5,24.164499977978494,55.75633691208205
985,705,5.0,1,0.9886018799671095,0.4531175534639774,24.258944797448056,55.77718460901301
314,366,6.0,2,0.005945220764068717,0.11690479209883331,24.167570159756714,55.65717532403385
1178,561,4.0,1,0.18854197722136495,0.163899516347342,24.242286476019096,55.66664326731084
729,931,6.0,1,0.023549291111457236,0.7826846758028687,24.19301245410283,55.69212582712881
522,479,6.0,3,0.2612128519629467,0.01296705331556719,24.317770268263263,55.586088472367145
139,336,6.0,3,0.007867898726883801,0.5,24.32908261334233,55.875674872973356
947,726,7.0,1,0.8246340024202667,0.5463856459377215,24.117512067489866,55.63197133518912
322,251,7.0,1,0.9979722101249089,0.4978522229884753,24.128208327053002,55.801509693097366
661,521,7.0,2,0.966727868120838,0.5,24.18962824790723,55.88111356567209
141,635,5.0,1,0.4953367855096915,1.0,24.327624570178426,55.7529192247377
1359,1157,5.0,3,0.4171884958707579,0.5,24.20359030665202,55.88090735199526
1000,1053,6.0,3,0.3156018760805628,0.5,24.11542611155777,55.7623321381267
1027,1031,4.0,3,0.8304344117269715,0.22757678468147513,24.2033952517607,55.69720971570449
765,211,5.0,2,0.773333560084911,0.2799497489333753,24.24381026111614,55.592552896690485
783,325,6.0,1,0.02357984173611303,0.43865442334686844,24.237342776103542,55.6102574286992
1137,599,6.0,1,0.18599419021280855,0.5,24.07734441534357,55.58415968643541
1225,99,7.0,1,0.7863724668716684,0.7293248890067237,24.160000351000864,55.57573937443716
1005,185,6.0,3,0.267047750198697,0.9963199604331701,24.170434713050078,55.56712674740271
893,439,7.0,3,0.012333152773706496,0.5,24.33306667209509,55.589030188820246
33,1089,6.0,2,0.62202932187299,0.5,24.219138152565357,55.7703005579412
764,1472,6.0,1,0.03005895184806764,0.331787317664627,24.18957576192382,55.886177957710146
920,1195,6.0,3,0.19838447143130036,0.5460507501020917,24.319050971818385,55.828522761091016
809,1102,5.0,3,0.8998809529752744,0.07898784604734665,24.091600725760173,55.75083518948142
406,1211,4.0,2,0.323785237948234,0.15204324986386397,24.286644012716373,55.85566907152082
826,292,6.0,4,0.1317790812328687,0.4650574585375542,24.30253168513047,55.74581254919581
44,685,6.0,2,0.9932136882336348,0.5,24.08706194859852,55.65942849671924
403,479,6.0,3,0.7239067073039724,0.7519493699440829,24.34753755859918,55.649141290474645
141,975,5.0,7,0.662428132963458,0.9492102336256713,24.321253615560273,55.75704658028232
264,112,5.0,1,0.012217907932537233,0.519822534214483,24.106695388172188,55.63966433286286
421,1444,5.0,1,0.7698707104680012,0.11114428532444376,24.16873101967538,55.76464941374772
433,1375,6.0,1,0.319178057736884,0.2724570714099472,24.220417415435655,55.76857306637704
195,1295,6.0,1,0.6589258149898806,0.5,24.308647794689985,55.69399599507479
651,50,4.0,2,0.6579711590051694,0.4737249365981179,24.201593543471198,55.72384437949308
0,368,6.0,1,0.23720833998822674,1.0,24.265874631494867,55.84429706824635
1231,566,4.0,1,0.18547523070414235,0.5,24.207871856486435,55.56953793393338
1385,780,4.0,5,0.9452471122473066,0.22967137300903384,24.33343775365209,55.66670564568383
1486,652,6.0,3,0.26933295109271715,0.5,24.269849668492252,55.61260291550873
693,57,6.0,1,0.052386892438848816,0.5,24.171800703931336,55.85997853479854
1329,1294,5.0,1,0.03882855043046623,0.15499386111196484,24.260948262036944,55.81537546355545
281,924,6.0,2,0.9991657186446956,0.5,24.103507003206,55.834473041722624
1410,221,5.0,1,0.710133855985205,0.5,24.187505260800126,55.57004946705244
782,689,4.0,1,0.9665437996578108,0.5,24.17860889449977,55.833772542006294
574,1376,5.0,1,0.39684563436722065,0.5,24.155479443856212,55.68232858176023
480,665,4.0,1,0.5999196244630531,0.5,24.07101464644693,55.55560742430236
1019,501,5.0,5,0.856825042783327,0.1634998972313042,24.196070404457576,55.88615200706207
321,1302,5.0,1,0.24224927859145065,0.7352798152390572,24.14689434934774,55.7995211039052
318,630,7.0,1,0.09818347268335505,1.0,24.260360528693834,55.58065071380443
1487,843,6.0,1,0.1823635229316089,0.174800689230784,24.269854747264134,55.65648761556707
104,668,5.0,1,0.22207563356574556,0.5,24.257099676844163,55.65708095085793
453,1321,5.0,2,0.8502540975638273,0.5,24.225714944127095,55.6325146588971
1250,63,4.0,3,0.740531411861761,0.5,24.226750314316742,55.717353282045465
955,961,7.0,2,0.8918910682661556,0.5,24.083283969974723,55.65533615468425
38,255,8.0,3,0.9849401937148115,0.5,24.29198445424346,55.879989713803255
590,522,5.0,1,0.002680095824956955,0.637673688800354,24.187204370322608,55.644847421477756
85,437,6.0,1,0.7817261894835058,0.5,24.269642037455448,55.7794657340874
843,1495,6.0,1,0.998568260659977,1.0,24.074828985100666,55.858214113345504
1050,823,6.0,1,0.300667063585074,0.5,24.09353723802961,55.706777401305544
430,470,4.0,2,0.9993915428014808,0.5,24.084117446587364,55.794287238498825
854,1470,4.0,1,0.08026165529260447,0.5,24.093984363708948,55.74176940496352
1119,483,7.0,2,0.0881895473324483,0.3293260619832949,24.211567588489277,55.55198669506267
321,163,7.0,2,0.3833490357937557,0.23646071070540764,24.142339510123417,55.80124405228545
616,520,5.0,2,0.9629085110704092,0.03148733406641202,24.30355385096011,55.84983172271207
729,1407,6.0,2,0.9089211831796506,0.03247590630553865,24.189715150605032,55.68973971521886
406,166,4.0,2,0.7784923702704155,0.035653868019301704,24.2850179431853,55.85663646040929
7,729,4.0,6,0.9496498780063063,0.8082419794912201,24.191292984553712,55.72390252827127
1198,952,7.0,2,0.9996701757584493,0.5,24.27285515417712,55.60626220118561
222,221,5.0,3,0.6701439192925644,0.2693751319699983,24.17532603971673,55.568331918592655
1486,576,6.0,1,0.060977563175102646,0.3286420276657785,24.275691346411442,55.607378310871056
505,1321,5.0,1,0.9147529655782849,0.17659880811917478,24.234569497450803,55.61587607186622
100,58,5.0,1,0.7031352611732908,0.4460017756697922,24.19344805368327,55.882547955677
862,823,6.0,3,0.3088334742222722,0.5,24.107433506821593,55.68534205440219
887,292,6.0,1,0.9468886013258497,0.5,24.251524551334228,55.79409830610497
1474,1164,5.0,1,0.08797207936708304,0.1683003785534205,24.128480057802367,55.89457720579738
308,1030,6.0,1,0.07707862188631655,0.1577683505708538,24.334524353329908,55.58023931422649
677,1208,6.0,5,0.10498547271955343,0.5,24.156410907149894,55.646500062501865
694,787,5.0,1,0.9927938046403292,0.5,24.163231133240604,55.7440440712077
82,571,7.0,3,0.17794034597035066,0.4144385971212609,24.166301238401026,55.83375444131043
237,1035,5.0,1,0.015272245361645462,0.20976491024917243,24.265565096244696,55.78494014288216
1432,844,6.0,1,0.9914546464027569,0.2841455489021597,24.32374772094087,55.73806497199756
1253,203,5.0,3,3.123026940275999e-05,0.1625149321253953,24.08404296669972,55.80852899156398
278,1393,5.0,1,0.23200962311708123,0.5,24.214481242419307,55.673603668606006
819,450,4.0,1,0.7939540521168812,0.5,24.344519887867975,55.66107638114003
856,1002,6.0,2,0.9999998747630195,0.5,24.105357773476687,55.68794474066345
1259,752,5.0,3,0.787856295091791,0.9677060853388673,24.27731846745844,55.55446699217335
1401,1170,6.0,4,0.2705054928293162,0.45003194562443494,24.115614530873238,55.85215084881829
403,398,6.0,3,0.07005008799870116,0.5836636003855585,24.35665429388682,55.65007218829479
487,940,6.0,2,0.998867600596358,0.13470613073531013,24.07239326232657,55.880882478915694
365,559,5.0,3,0.535136548982684,0.21651631406455252,24.287733126556482,55.86144554571294
1024,1155,6.0,3,0.8466696653996609,0.5,24.076099875524285,55.66060317192229
789,385,6.0,1,0.5409525963566141,0.5655013701038236,24.0839237706389,55.838775316973305
1444,196,7.0,6,0.9970953918629226,0.5,24.129671648870758,55.661563275345465
33,822,4.0,1,0.773842048413714,0.26722847114963805,24.214994509498293,55.76359249654888
331,921,5.0,1,0.9786363039746991,1.0,24.24740423833553,55.54708849650273
1197,939,6.0,3,0.01161073401554735,0.37395812126599537,24.205533974772592,55.794742122370124
743,1228,4.0,1,0.0015095670618598678,0.5,24.23436677914133,55.69230504595384
443,1480,4.0,1,0.004506352864801616,0.24715024661852109,24.119848581034063,55.67462320187555
619,360,8.0,3,0.29712365357782117,0.06484409276898107,24.23426722864423,55.636760047766636
347,1478,6.0,1,0.8601110009457575,0.5786185642991641,24.25540187792643,55.69824220853722
830,268,4.0,1,0.5194950222052128,0.10772195675031149,24.122167245418183,55.63910106170627
1496,617,5.0,1,0.9570946049452056,0.5,24.186331146829204,55.87078853895549
1148,307,5.0,4,0.9992950674241362,0.33279275753794035,24.32469888215863,55.85267921537568
578,721,6.0,2,0.6210348851667788,0.9460875726218512,24.134546513636543,55.69369772204043
36,774,5.0,1,0.8945798605752505,0.8456639426104758,24.237318196683464,55.72802749762698
847,169,5.0,1,0.4586647999992837,0.44637574475720326,24.246508484474635,55.57244575244291
294,696,6.0,1,0.690093170874936,0.17943653929302367,24.166232794161278,55.691938975420754
1103,1374,4.0,1,0.9977937781877634,0.36698792069074276,24.16083690874915,55.81504034372025
875,14,5.0,4,0.3466538773317381,0.5,24.276762750688857,55.59932105974952
1422,182,4.0,1,0.14436804247886187,0.5,24.22689940717086,55.80159674963603
266,1184,5.0,1,0.973702089009173,0.5,24.221829160901365,55.669293189036594
843,261,4.0,2,0.0468485989942568,0.22388396986866177,24.080609446059075,55.857556631925675
818,11,7.0,1,0.6781483908015578,0.26114869930775597,24.17471787202611,55.72043347615332
1148,1171,4.0,1,0.3694403931472397,0.1906105115193848,24.326110193236186,55.8437151075786
1312,544,6.0,8,0.9888494015528101,0.5,24.260051660072623,55.64088715950217
1237,1037,6.0,4,0.8191661195453368,0.5,24.113029011374746,55.85228308987784
174,1147,5.0,4,0.7521371958624666,0.16522710672411023,24.077468482623424,55.58128162394983
712,1374,4.0,1,0.02732224687938116,0.22378249289959418,24.150263487601375,55.85080678020545
260,105,7.0,1,0.010638688597016681,0.5,24.178960451043327,55.87800242285213
791,601,7.0,3,0.9928812973768849,0.5,24.13193275420106,55.817434150201905
1013,1075,6.0,2,0.9487661437063722,0.00993692405636376,24.201807719305087,55.652644659115275
601,780,4.0,3,0.2163245676570779,0.7633964794247575,24.32621190922378,55.67414260083097
147,1136,5.0,2,0.07085318683052443,0.5,24.257868129293357,55.82401059620994
1464,28,6.0,2,0.9555075728732709,0.06270379916768629,24.220869297677563,55.72164859440628
1250,1305,6.0,1,0.19713933901528524,0.5649626091471083,24.232812980232325,55.712545405959524
1237,539,6.0,1,0.26353220234612984,0.40515066290811397,24.116474108900317,55.84653391781842
1286,424,6.0,1,0.003569133738851309,0.04827817849737742,24.239493117647907,55.76644813639721
1242,132,5.0,1,0.06089356946179424,0.3071956962884297,24.085356625466485,55.58122804198968
1001,443,6.0,2,0.12633064087054147,0.5,24.28603358976555,55.833062028203116
562,1079,4.0,2,0.00021524732456622793,0.09184386310657994,24.31317779954887,55.617637960332246
56,1171,4.0,1,0.8555456174929507,0.10675993279843682,24.293475887269253,55.80725807551116
1362,1049,5.0,1,0.24531699386266265,0.5812746602481761,24.111050276899267,55.88472941747606
1153,963,6.0,2,0.9537858161563684,0.5,24.313373960526775,55.63684238213195
1050,250,4.0,1,0.8511695655676235,0.026181954727263257,24.093611136580712,55.70768662609594
574,1427,5.0,1,0.9993242976358372,0.15591707024025964,24.15156242078804,55.67256838593786
1110,1271,6.0,4,0.8014860001480306,0.5,24.241617607328692,55.79736648859681
509,635,5.0,1,0.9812921403716306,0.5,24.33070893442259,55.747138338369105
141,588,5.0,2,0.1695140503014623,1.0,24.3200443220297,55.76203499152033
637,1180,6.0,2,0.07241855203604468,0.5,24.11367833791922,55.64924483093457
366,219,3.0,1,0.0028046763090270425,0.40900905928762066,24.186184708334636,55.63010197909629
968,546,6.0,1,0.3890977868129539,0.018392640693520812,24.33035873783945,55.80753209126626
538,397,5.0,1,0.13847523193572409,0.23156335662688832,24.211592384234176,55.568940766702234
435,333,6.0,2,0.45331013995250985,0.7471547736652648,24.098189898946895,55.65707024024105
160,258,5.0,1,0.7486413593606493,0.5,24.316591608183863,55.75820002864707
581,1411,7.0,3,0.23716269540044163,0.00011033992854214691,24.310494783529176,55.82825721274317
542,830,5.0,2,0.8820699951989044,0.6357319685109659,24.204649108959707,55.711626560208835
203,596,7.0,2,0.10866755661264983,0.3912954235039769,24.315569035739234,55.581815372352885
222,44,6.0,2,0.15088271091921177,0.2558066678751719,24.180176099390046,55.56195996165402
430,1359,6.0,1,0.4487720312342791,0.056566692468782875,24.08697633167044,55.79809560007027
324,1433,5.0,1,0.04887002965702303,0.6044429307048439,24.215686623708123,55.54514801490179
819,879,5.0,1,0.04696452542985043,0.012062644182931348,24.353758535982973,55.65962480791175
910,740,5.0,1,0.8405642599142525,0.05282092046854614,24.116953076083156,55.7603482869933
1087,544,6.0,1,0.9356975047653894,0.2971014688573781,24.242277245038014,55.589332832295945
862,811,5.0,2,0.5765194482773928,0.36674220108415534,24.115285067489943,55.677751904333185
161,155,6.0,1,0.9425758106964214,0.5,24.222203306233144,55.735100663587886
1263,171,6.0,1,0.7230599392005173,0.111937480286318,24.318625902289742,55.70744318474115
331,20,5.0,2,0.8617807071139625,0.27846266165679556,24.248273881526604,55.54165705324434
182,782,4.0,1,0.21991352746419573,0.546737940859694,24.21366255851622,55.57443614078039
1444,1480,4.0,2,0.8294909446411077,0.4168171069301556,24.126315072297874,55.6593182567519
440,1238,6.0,1,0.9931289179176286,0.022211273242191687,24.28296403420326,55.73611683895221
197,1404,5.0,4,0.9968119436922612,1.0,24.220114382548886,55.55771962194087
1467,319,6.0,1,0.20295130341709988,0.6984485403923328,24.33753579252297,55.80132144344906
664,363,7.0,3,0.9526874503341333,0.05846402855801025,24.288547978899626,55.756969779460526
453,1074,6.0,2,0.8646780452664722,0.10505776788084364,24.217527140855097,55.624392912854645
257,1246,5.0,1,0.8135750649258046,0.1615951340339336,24.179716651740797,55.84269603767898
1061,907,4.0,2,0.47398670784873415,0.056670306316022434,24.104659473740845,55.5657938962359
1225,460,5.0,7,0.29885004368923346,0.14204020745718937,24.16146314150478,55.56659214591835
299,836,7.0,6,0.9787066143715453,0.06586591406612685,24.300059778655484,55.85791724303196
214,746,6.0,1,0.9538367903976919,0.5,24.306914116107308,55.64874253345758
577,626,6.0,1,0.9998550105355662,0.016825309274935307,24.29120986291139,55.672957722241776
1337,493,4.0,2,0.008241844922739426,0.5,24.347197149805886,55.63161175850806
1396,1178,6.0,1,0.62515799497751,0.1547629706365849,24.136103004382537,55.743136345354834
131,1033,5.0,2,0.7625884342257665,0.5,24.31848231288659,55.56618642757275
1296,287,6.0,1,0.012726528909016084,0.14188298613351968,24.303832622360087,55.64737674144307
1420,427,5.0,2,0.7638615968010403,0.5,24.163490851710836,55.8271371615839
1226,727,7.0,3,0.9969655275576271,0.5,24.272185993910774,55.67547719188234
1006,1496,5.0,1,0.7178353375437779,0.5,24.146427518094107,55.753216641736785
207,489,5.0,3,0.025983605246922118,0.09805823217847393,24.202719936594573,55.63238998434917
649,319,6.0,3,0.6497204123796501,0.5,24.314799763387025,55.795308047303784
963,1254,7.0,2,0.9036642508956679,0.05546433857171407,24.284734909639766,55.56076896894855
147,1054,7.0,1,0.18681446969025436,0.0273216478077542,24.259215385615086,55.81551119618505
837,651,6.0,3,0.9796691734626038,0.5,24.236109539950384,55.63848984532513
893,84,6.0,4,0.6938361501354424,0.00039432329168426206,24.340892277696984,55.59011168855586
374,278,6.0,3,0.7473318793042406,0.004771593408019248,24.330171749579044,55.825393027633964
895,1190,5.0,1,0.7074187054990148,0.5,24.236929659567267,55.59015376694204
1420,1256,6.0,4,0.12239054585469337,0.19239689455877484,24.15669839272327,55.82929334834096
1427,850,6.0,2,0.3689033944960275,0.3613131333823184,24.146767315913515,55.66141427973391
1223,970,7.0,2,0.8880263937347953,0.23426242078784715,24.131157160539665,55.637016422966994
52,421,5.0,1,0.9914365659684027,0.42331690464572275,24.170362366456644,55.67357067664595
139,876,5.0,2,0.011112353621517012,0.06786827181385024,24.327212779228095,55.870865148983015
1362,469,4.0,3,0.9425159905086316,0.08368479482837982,24.104119401237337,55.89147704083877
1171,448,7.0,3,0.8215119997703385,0.13465495132799804,24.25540381174822,55.66653653858402
1420,924,6.0,3,0.4427276778036882,0.03663458967941763,24.155358755754463,55.825320031521294
578,222,5.0,1,0.43395557709238086,0.7155209035243855,24.139512087153193,55.68613852195967
36,1282,5.0,1,0.018437636308859046,0.20823089089579228,24.2444591080926,55.733349457598244
1006,803,7.0,1,0.7502511094474293,0.03869809794722273,24.15497309479267,55.75532374545835
82,1268,7.0,1,0.009685854865460048,0.07917083447251683,24.158283307062995,55.83083419123825
1025,677,4.0,2,0.6276448838505152,0.047544147872414844,24.301444813143423,55.87022644004482
1019,497,5.0,1,0.22875557749208636,0.36239167696396357,24.205754335582185,55.885641065314864
1427,1113,7.0,1,0.9684110004281447,0.1187653809366036,24.145692050440346,55.666784396428206
1359,1112,5.0,1,0.5179212448945522,0.5765656309296019,24.20578627898975,55.88995391128509
623,886,6.0,1,0.2592564351234521,0.5,24.186604735946748,55.82140409967357
299,1385,5.0,2,0.9997265866184438,0.0005674008454381596,24.3057299305136,55.85208150299644
1024,1315,5.0,2,0.2308017223386899,0.20982710517380132,24.08513851815481,55.66664567918138
1048,431,3.0,2,0.06898958515220832,0.27330059720317335,24.179168806739305,55.588727629626135
751,659,5.0,1,0.13857721792356775,0.27174611284200323,24.344112688789366,55.73340755419983
957,387,7.0,1,0.9451524879644545,0.5752934066958594,24.127517218810123,55.67664955515228
429,247,5.0,1,0.8846553360408559,0.5,24.34410794006218,55.575266737444466
789,539,6.0,1,0.5672366701608602,0.47176198681142667,24.085751278554223,55.846831729690294
232,417,6.0,5,0.94384329153549,0.5,24.28229122412758,55.86615136642356
435,302,6.0,1,0.2241143024663892,0.818850443211156,24.099810793934903,55.65055824585962
1248,1151,6.0,1,0.4775538480043639,0.0732649613710431,24.33475369456682,55.80356561517401
174,889,5.0,1,0.5766682231519668,0.270786864731437,24.06899595057951,55.59081304611933
1146,1053,6.0,4,0.46652765668844354,0.5101301392711628,24.096154569284042,55.77982993698176
343,259,5.0,1,0.09199171342532568,0.35517836894341526,24.30168269137117,55.703123159980585
1110,549,5.0,2,0.15873986480472196,0.4218112686111204,24.240458784165646,55.8033465489072
1401,1134,5.0,1,0.007283527307690522,0.44543558005418893,24.105824763149258,55.84858899954206
1040,912,5.0,1,0.027319668293898623,0.5,24.24042484051078,55.76243237052979
1498,887,7.0,2,0.45001533805734545,0.5,24.33948829264113,55.60077544371442
932,177,6.0,2,0.054028436613023124,0.6749065170298842,24.354506415258637,55.714696941708716
1313,736,7.0,3,0.860688160536203,0.848420174516815,24.28679438879715,55.63815458069393
1172,1480,4.0,2,0.8479074987657068,0.2012404268577742,24.086984994484403,55.615298995931475
1146,403,4.0,2,0.6852777452069505,0.9182742831983836,24.096773657763855,55.77515451696305
605,123,6.0,1,0.4968823133669661,0.28789928748440574,24.065424564217103,55.79185205712044
847,9,4.0,2,0.6930562923548793,0.3860553046783511,24.24476998819205,55.57904955210136
448,1412,6.0,3,0.18989298362494345,0.5,24.1765216071723,55.81948301597457
1214,622,6.0,1,0.7077567512992213,1.0,24.21291284089009,55.56915315049414
180,1146,5.0,1,0.6015139395369177,0.001468049900203272,24.14170075578096,55.81686904735845
830,708,5.0,1,0.9590491224862497,0.10270354613672539,24.123710439320384,55.64012384919677
1154,115,5.0,1,0.9341651539739457,0.5,24.332224326835714,55.61271720878741
469,1356,5.0,2,0.8603838283546039,0.5979791317056766,24.058281731311904,55.79408432148742
1268,1012,4.0,1,0.6542243251453372,1.0,24.207825843635405,55.65825583572058
944,1298,5.0,2,0.09665728586157893,0.5,24.088959837581974,55.88088664912787
837,150,4.0,1,0.29485234492229556,0.07681908433505447,24.242928773132,55.63168504889451
1467,1187,5.0,1,0.9967555193481462,0.12409554146381296,24.328816098195563,55.79192002599896
94,360,8.0,1,0.9694720373107376,0.03189005555707408,24.240314637311158,55.72036711356014
129,411,6.0,1,0.7019583697167814,0.35513263641346354,24.27162531602029,55.887223110587435
1196,74,6.0,2,0.09463791457835151,0.5,24.32891247279637,55.81197495681055
542,408,6.0,1,0.059522164635828906,0.2097865123423951,24.197186284713005,55.712078436773076
1385,396,7.0,2,0.26775244574799706,0.590046747763921,24.337662853837436,55.67247251924675
488,697,6.0,2,0.4185489282757607,0.07714289820215153,24.33669036366878,55.73908524811901
857,1306,4.0,1,0.08644483425950437,0.5,24.221999609133004,55.656132604258026
789,924,6.0,4,0.7144776834528266,0.12674581944084273,24.0940190699191,55.846726547902385
1256,260,6.0,1,0.9086816870308707,0.5501806003595658,24.255901414800643,55.63659545383509
908,1361,7.0,3,0.062425711302885954,0.2808113792034382,24.303943488786654,55.758666599358
218,937,6.0,1,0.4668456681736644,0.5,24.252753457533686,55.675239376335014
586,754,6.0,1,0.9951263314130022,0.3211204246299686,24.29913364307289,55.660770427714425
182,358,6.0,2,0.4436171206174961,0.07295771137819879,24.223001882252284,55.57690003785905
642,497,5.0,1,0.2538225901385431,1.0,24.219871819974742,55.86484451474069
594,487,7.0,1,0.5107153869493,0.0265646258028146,24.076593743704063,55.88527599838472
218,1001,6.0,4,0.25152184498355296,0.40836785534581754,24.24598860153188,55.67884170163498
569,52,4.0,3,0.6570528803797847,0.5,24.307371675695187,55.86778798041366
1283,705,5.0,1,0.5358578602786052,0.5,24.248238678781338,55.7397234088101
18,1391,6.0,2,0.6462375893226983,0.5,24.125088391428275,55.88409682860909
987,130,5.0,4,0.3932005841157591,0.5,24.193795781138718,55.69211969287337
1448,523,5.0,3,0.9993109111056179,0.5,24.336904649496912,55.74180433015902
218,1466,6.0,2,0.7951223584475371,0.38048953273775926,24.255156449685504,55.68394841234125
107,145,5.0,1,0.001558120018057832,0.7615520036626315,24.192988214929212,55.660323652627625
611,394,4.0,2,0.8661463491838185,0.5,24.110330545998508,55.617847590163464
1318,957,5.0,2,0.9437281637311978,0.08962785238525195,24.12152260524538,55.87626779892339
1089,192,4.0,1,0.9958129166331421,0.5,24.176901481872942,55.830331476097605
31,1464,7.0,1,0.194924299432703,0.4042206254962224,24.277875631676448,55.81071239408264
750,1208,6.0,1,0.2254820938545992,0.5,24.142786945509346,55.63496137260117
1001,1171,4.0,2,0.10780593086125519,0.0164792880758739,24.280299134478096,55.83616616375881
194,1189,6.0,1,0.02064007201596028,0.5,24.24136817368384,55.816405704077575
987,1342,5.0,1,0.3888408807354503,0.7470710990171407,24.192500468446838,55.697802372232196
1061,1199,6.0,3,0.974887088083639,0.30007858490552286,24.11065032541196,55.565548747381385
1410,1011,6.0,2,0.5889551120146902,0.045302828245134485,24.190089316218717,55.56482583907607
0,1211,4.0,1,0.4484889498044207,0.4632280983790813,24.267384672607964,55.84660521790831
549,1241,6.0,1,0.0033744529568604065,0.6558143226426387,24.070460950991244,55.77543210056372
1000,770,6.0,1,0.3446823542867266,0.37501036556912465,24.105465254615005,55.766227923569765
847,102,7.0,1,0.10917170926199134,0.24770747018109268,24.244003282556164,55.575505826254805
311,853,5.0,1,0.6583582536983146,0.5,24.211570373909108,55.8806509191648
1214,1471,6.0,4,0.923149319937955,0.5134227798385271,24.221210864782044,55.56936853028169
1408,824,5.0,1,0.9751517684976247,0.5,24.346256756234656,55.850290046108725
141,692,3.0,3,0.46603800407459667,0.6260727667883175,24.328317630447195,55.76931557469386
598,155,6.0,1,0.24915926592393195,0.015685722460951457,24.20511702390354,55.746506282389646
1283,165,7.0,1,0.7801225428893321,0.4410525778289401,24.240237967445697,55.740244720089365
230,213,5.0,1,0.896392130046353,0.08519449248332267,24.149433207244652,55.59599013526474
932,1169,5.0,1,0.9953821593761225,0.11753331152450164,24.359154840564727,55.707594347259075
677,1109,6.0,1,0.2746978404527515,0.4965704089054599,24.164851827714543,55.6411654800441
786,778,5.0,2,0.8894998977866733,0.5908900688816364,24.090741365096807,55.563505819610256
1131,485,6.0,6,0.9785939983257423,0.1949261807207558,24.211731520598416,55.803148857973405
823,1061,4.0,1,0.961894718052231,0.66182718256718,24.16231801530546,55.62360502492442
187,324,4.0,1,0.7434288434973056,0.2001640628141934,24.21858766728505,55.796278589733745
717,1463,5.0,2,0.0993909340279947,0.4899221814849748,24.09968473688577,55.70839457238929
524,455,7.0,2,0.5299639064543106,0.4251491082125918,24.07220682906181,55.80330081029323
1083,191,4.0,1,0.3818416077014377,0.07699803133118721,24.102601801526696,55.68981754327196
754,722,6.0,1,0.0892588492405056,0.5,24.317355387576114,55.793519592035025
275,126,5.0,3,0.3311691736729162,0.5,24.12627071303937,55.66174187434692
1109,210,6.0,2,0.5625559013743301,0.4406891005581022,24.131491849096705,55.707479044894626
1268,1215,5.0,2,0.6304809836529639,0.6505180125001194,24.20102829264236,55.65348584744899
289,433,5.0,1,0.29445901553364107,0.131771180275698,24.276560728549786,55.583019283874755
224,593,5.0,5,0.13004209570796327,0.5,24.106482785522736,55.612498999557204
18,1078,5.0,3,0.3335856407217971,0.24103190844955596,24.12714304927854,55.87418260192969
642,354,5.0,4,0.00023085457391592011,0.5078572640981808,24.21127811337679,55.873057997064365
1444,1219,8.0,2,0.8413071967216832,0.14327536978695277,24.119886153937948,55.65456984760728
1459,569,5.0,3,0.3781697647340194,0.5,24.145121490066273,55.60512940361542
1312,754,6.0,1,0.8776850531648475,0.9020114467415007,24.25908344603427,55.65000710343055
1476,1210,4.0,4,0.7750614386415476,0.2210946315628089,24.146104736853736,55.84924455029859
862,451,6.0,4,0.869985856848863,0.24597089016704987,24.123451821425338,55.68176999341243
1313,524,5.0,2,0.006166815740155377,0.47079948700005,24.29223312512356,55.63980483265623
358,753,6.0,2,0.5882638885823914,0.5,24.252619077192726,55.81654223884941
1316,844,6.0,1,0.9823859749650508,0.5,24.349114287278383,55.743825440482915
137,616,5.0,2,0.29602611704160386,0.5,24.29835138373649,55.570518956189346
1214,1453,3.0,1,0.9032867900367607,0.31029011042998467,24.22472024751812,55.575238744359936
18,139,5.0,1,0.06476977100416888,0.22699365018679807,24.131755713291284,55.8729730188147
1113,333,6.0,1,0.012932878133804518,0.5,24.098830370315362,55.63538391085638
976,643,7.0,3,0.6245322868682841,0.34701655697550704,24.12118686827286,55.74770909749497
987,747,6.0,1,0.038592434580268495,0.38948835126452613,24.194913850055677,55.69458767181301
141,976,6.0,2,0.72563933540195,1.0,24.323169725830137,55.77733413105019
255,899,6.0,2,0.09627367787051544,0.8163394707799803,24.108360087965632,55.703269764503496
1140,1420,6.0,3,0.004042227488805129,0.5,24.291196923249917,55.834790789174804
1206,261,4.0,3,0.8123796036671453,0.5,24.122509938419608,55.842201580774265
944,575,7.0,3,0.9922733524716705,0.05120656517342426,24.084966287763145,55.886722173072805
107,971,6.0,3,0.9198536423119934,0.016930612204930195,24.19389431129275,55.669591508167635
833,76,6.0,4,0.05616483468773627,0.5,24.110245282953684,55.789387302204524
1498,733,5.0,3,0.24312538139191836,0.5232735960308545,24.331239787620664,55.59629238759241
611,1066,7.0,3,0.03305991845282351,0.187588033754167,24.117939457345273,55.620408924329325
1206,1287,7.0,2,0.9412723440220158,0.4902454044296115,24.119147658422236,55.83546974005778
1359,354,5.0,1,0.4809274310471985,0.5222178903212049,24.206943022503513,55.892095889791456
167,623,5.0,1,0.862693433223663,0.5,24.20975083399025,55.7047718851063
137,910,5.0,1,0.0004537550690035457,0.2480772559696054,24.29777202110865,55.57749095586389
1385,62,6.0,1,0.09933418144587144,0.19759028093859438,24.329568473448823,55.6711595972778
197,484,6.0,1,0.5240928122800352,0.8594521847905868,24.220108456350033,55.56278303170107
403,584,7.0,2,0.8741239053282855,0.2119937742385355,24.35247632267136,55.65851855350441
148,1330,6.0,1,0.07217703927689328,0.5,24.32476221303541,55.829289731370565
936,433,5.0,1,0.892610157559681,0.5,24.310885169744086,55.60168089951281
1448,1243,4.0,2,0.9998962929461629,0.15458419769154097,24.327608517022124,55.74101098842725
789,208,6.0,1,0.7168651202251083,0.1333709912149491,24.089457778450257,55.84603674397239
862,786,6.0,1,0.3810661197294601,0.09562225447045725,24.121924705828526,55.67325943707114
823,1174,5.0,1,0.920588999409112,0.0037218420870053226,24.160306526636884,55.622562985611616
953,620,6.0,1,0.1565605129587506,0.5,24.103610646777675,55.61419140032062
318,592,6.0,2,0.9987310670055136,0.3001486649791806,24.251323279968833,55.57112850207459
612,504,5.0,1,0.05981611592800212,0.37453131528455835,24.311921594813064,55.7984536453316
1127,304,6.0,3,0.21454099298935841,0.14048780809572126,24.094852723293087,55.7024789155622
1259,817,5.0,1,0.7012835363191947,0.836190806473131,24.286270582419263,55.55467626601975
728,1342,5.0,1,0.25448670728686784,0.027959074490013336,24.158514277935367,55.73966240736478
358,1189,6.0,1,1.6608543082997323e-05,0.29789963562993743,24.25922923262873,55.817889808089184
820,845,7.0,1,0.009937856324521382,0.28655432174515705,24.26625797765837,55.75649460673363
197,225,6.0,1,0.24963320099709785,0.7701591587267218,24.226836133760752,55.569756056443275
1133,999,5.0,1,0.32399755010986214,0.04051908831465928,24.1967513423913,55.7591653628601
717,238,5.0,1,0.02401467962669023,0.04161538739085335,24.094924398829463,55.70784199643108
649,1458,6.0,1,0.4441080732968203,0.40674815830858624,24.321349802183587,55.798158953645796
651,1376,5.0,1,0.7418714220561232,0.3712843729552664,24.19392360985998,55.72952198555039
1048,1425,6.0,3,0.04766819154361674,0.06382916109804743,24.179118678057034,55.59640049041033
1312,627,6.0,2,0.744660012679496,0.2438799769236809,24.256405311338334,55.64765965430649
920,794,5.0,1,0.8325664983711758,0.304399100474687,24.317636768557175,55.83386317565437
578,1056,7.0,1,0.8106935808474534,0.4042625094166919,24.133862366158485,55.688447359673034
134,121,4.0,3,0.3501904594430045,0.5,24.32485419320166,55.73588143226661
727,201,5.0,1,0.0304415248654283,0.5,24.27415081523392,55.57573647853268
1416,301,6.0,2,0.005943485629106208,0.4517279541111841,24.252888550182224,55.71644724600532
140,351,5.0,6,0.44556825621074236,0.12056103721520262,24.291885791659503,55.669725497721394
384,1150,5.0,3,0.6680851316882295,0.5,24.10955943434648,55.73349271465305
1264,884,6.0,1,0.005026609097444752,0.07808819610229717,24.10332938747154,55.88222873905761
1274,383,5.0,1,0.45163220355351386,0.42095896815960737,24.139243882915938,55.88556400044351
79,976,6.0,2,0.6421244163445868,0.1058492864251398,24.316939230102157,55.8254512891883
384,1093,6.0,1,0.9830713774104601,0.4833715963926323,24.10302095717234,55.724558563533805
833,468,7.0,2,0.01703262558156888,0.27512319774418326,24.10615770172826,55.79426394495066
255,1093,6.0,2,0.9631635553526511,0.2980931417981909,24.100113840541752,55.697833517827746
1268,1001,6.0,1,0.06452790535959443,0.4736219063518805,24.193765708909268,55.64413985797802
786,1161,6.0,1,0.3453756566542585,0.15498032431705833,24.099656272824728,55.557677466013786
1110,272,8.0,1,0.47292094542271645,0.03532333103462443,24.242904197583666,55.80611133239508
365,160,6.0,3,0.19824849396210695,0.5575244154054435,24.282456530726893,55.85497865369365
1144,631,5.0,1,0.7149769870227491,0.8906335419714105,24.321662588008973,55.83807111422389
435,997,5.0,1,0.0659545493184747,0.26420444969760193,24.101647006851596,55.659087405711155
1341,332,5.0,3,0.3390494183699015,0.3554790659093161,24.33282890998861,55.783461050755676
464,888,7.0,3,0.5933165912284105,0.5,24.190703655779775,55.85761004749952
1337,624,6.0,1,0.3178399102307751,0.06393565375819538,24.356363499528957,55.636488239805196
160,659,5.0,2,0.41071414568716924,0.007472459224171668,24.31870424835472,55.755870064933596
72,406,6.0,2,0.16494212763369193,0.5795361110244409,24.149584290705576,55.60235551385569
365,1013,5.0,2,0.20843834237964423,0.3073402266180463,24.290442075779684,55.860901846119866
131,596,7.0,1,0.6928229473498487,0.1938642205237059,24.325251631281915,55.56543989965084
888,845,7.0,1,0.5645554851936478,0.4135044837235162,24.23229515355611,55.83153400864733
306,1201,5.0,1,0.12212270893969723,0.23396954870256625,24.103650742531347,55.57970352768964
1346,1063,4.0,1,0.8538816768382491,0.07745166021805411,24.301168512817927,55.856738685366274
311,1112,5.0,3,0.9594583495427005,0.09486268360889466,24.204261459583503,55.88836833173031
1459,1056,7.0,3,0.17656797520357584,0.5305662482671939,24.148376288457573,55.61324394885705
706,1184,5.0,2,0.9437355050296107,0.6977635100331729,24.210632116929684,55.69089612160782
569,271,6.0,3,0.7908672876881248,0.6470858825171879,24.2980133953847,55.859373442908684
1311,281,6.0,1,0.8401720750530615,0.30601269376869433,24.11831386791175,55.77392177341138
1359,365,6.0,1,0.8021193882340564,0.46737326103364973,24.208844162971882,55.89430008193679
1459,966,5.0,2,0.013650345922909271,0.18709168036491503,24.15112987437403,55.60539391026947
391,793,6.0,1,0.24740945901085232,0.5,24.250784641543145,55.70402217215524
1131,391,6.0,1,0.923467141972366,0.27007127623601773,24.206875463689222,55.80119279429994
141,1088,4.0,2,0.7040631020179647,0.6603798254133766,24.32099764094263,55.77405783979626
1476,1374,4.0,3,0.2401048307221605,0.49891352685485585,24.14130894106741,55.848704687297655
197,622,6.0,1,0.6468664688245067,0.23825736690756938,24.234177710984106,55.57827102373564
690,84,6.0,1,0.0033482453695754086,0.03227892219763179,24.326846971868587,55.67157183437369
649,1101,5.0,2,0.6556501141409228,0.06950806956097533,24.316744854055145,55.790269850271834
989,790,5.0,2,0.7653744172476534,0.25696601346255965,24.342094594545873,55.74774626048343
893,349,5.0,4,0.21930131980870088,0.029616350427769278,24.331605460232247,55.59113832018644
72,1265,4.0,1,0.030187517122614103,0.12925508380602224,24.156489933731095,55.600882086009975
469,763,4.0,2,0.3212216542125218,0.1923385876388244,24.061539185129615,55.78891536115302
1391,721,6.0,2,0.3123931896968627,0.020022128954365226,24.168603155091674,55.702181239095644
106,1346,6.0,3,0.9192587318162235,0.07663142203413914,24.206847419269806,55.65886238244109
601,461,6.0,2,0.9930347118812721,0.7861469707312572,24.322891108863754,55.66480789497479
140,768,6.0,1,0.0027862785670528588,0.8178878575365512,24.29986991489953,55.66151974627105
0,389,5.0,1,0.3715942946213771,0.4503350782149908,24.275731151184438,55.846991031890184
1392,627,6.0,1,0.0007276603539323605,0.5,24.270039817368673,55.69440007060188
976,618,4.0,1,0.6313892028503079,0.2038772497993499,24.113084729901754,55.74222228270903
1476,1256,6.0,1,0.2792820695761084,0.539522910893137,24.146509172540107,55.85179109333942
464,1081,5.0,2,0.2500286933133089,0.38593317776304875,24.190067203430605,55.854203363892914
141,274,5.0,1,0.8900554539315215,0.5063184018087472,24.324813136592017,55.783747955952364
1027,1119,5.0,1,0.9604527100394911,0.20344820628134452,24.19462656666172,55.687500931863
962,1038,5.0,1,0.8242482845359745,0.34206347720644187,24.212773443191306,55.633433096337995
177,887,7.0,4,0.9263115441091471,0.5,24.329209363879166,55.582450166727156
1497,51,7.0,1,0.539420534476241,0.5,24.11427139507384,55.88368361907694
1341,610,6.0,1,0.41617875864993836,0.34604512404413823,24.334800060648014,55.788634732234655
642,1403,5.0,3,0.9660331065832737,0.3606993218502204,24.219794226292162,55.87972922812275
1328,38,3.0,1,0.14033783392841798,0.3829776796578377,24.091826590454854,55.600832076382304
1498,1388,6.0,1,0.9897517517142169,0.4186309929241728,24.3316867449746,55.58718013944274
1497,1363,4.0,2,0.040106512620910445,0.3829461072988908,24.106149327461253,55.873830595095555
7,28,6.0,1,0.9765200370858875,1.0,24.191070335177187,55.729575889538026
177,197,5.0,1,0.3478659297069021,0.194576428729476,24.32135226575875,55.58494122773331
893,287,6.0,1,0.32976702268063013,0.09935946862377948,24.33982773887119,55.59539743821419
601,1457,6.0,5,0.9987633086516637,0.17603227733067994,24.318473788580253,55.65596896445369
46,174,6.0,1,0.7960841239374423,0.4009746269395901,24.28624804763076,55.70674409897455
1109,1237,6.0,1,0.9938736103873337,0.2650409538845217,24.134027506856068,55.70336862159199
1476,739,5.0,1,0.7545189362906422,0.03563688629420425,24.139351730158882,55.856860174202865
315,1082,5.0,2,0.776297842278817,0.5,24.115628821635834,55.635821204561736
275,1097,6.0,2,0.1812791649737704,0.4836184448838299,24.13243879024192,55.6713032686152
1146,847,5.0,1,0.44246588575334483,0.7875376093174509,24.106698818591486,55.77053976408233
1225,744,8.0,1,0.9768910810807581,0.896674245245586,24.17091516381173,55.56364344085794
224,1405,5.0,3,0.9759469468820028,0.6823720844719181,24.099725666231173,55.620042144795136
448,654,6.0,1,0.9988180222040581,0.24472598260309253,24.18311321424257,55.82159875865605
1420,1277,5.0,3,0.28910902106064607,0.03414892736872521,24.161328201527247,55.815672526729536
7,639,5.0,1,0.07608480510040878,0.23959821446377683,24.183773831001748,55.73188104669835
605,316,5.0,3,0.9967958432083954,0.20382458983147378,24.06626114511367,55.789195321559234
1144,144,6.0,2,0.9946827369073298,0.4267428664664719,24.314803950341023,55.82830947617212
1140,1130,5.0,3,0.027900329752122033,0.05633658624334459,24.28658807927414,55.8335082040759
706,425,5.0,1,0.983175675069197,0.20414379394574045,24.212157623349427,55.69695177777377
569,794,5.0,1,0.051997774494477206,0.4063020760791275,24.294060050581635,55.85534854409452
601,703,4.0,4,0.97986599477266,0.0601065269754496,24.321209227933114,55.652482782187946
480,1161,6.0,4,0.9239327308656164,0.20564292633139925,24.069282403400937,55.54725876863419
888,1108,6.0,1,0.9524826084955248,0.04191079603789977,24.22557573779649,55.82779922268083
464,382,6.0,2,0.07904040685961271,0.0861398348942029,24.192049527396456,55.848175795817625
875,226,4.0,3,0.002502287458157396,0.7036816623559768,24.279854825978088,55.59034719959234
1146,129,6.0,2,0.9673610763877148,0.4792499574106307,24.109166468432434,55.767689905424
524,1229,7.0,1,0.12903091151851018,0.453566170943988,24.077270788631747,55.79626878332592
1005,842,7.0,1,0.35479276397260195,0.8226575606690216,24.175037726624943,55.57502776879182
826,795,6.0,1,0.9988264487207892,0.32349212403370486,24.295118160373995,55.75311686393563
315,585,7.0,1,0.799809391315062,0.17344582316985602,24.114340017735145,55.631536144570084
224,1416,5.0,2,0.9923896511606706,0.3559051493486006,24.099437680294567,55.6246302390969
1005,56,7.0,2,0.06780521796689905,0.36887693479512557,24.183882914189805,55.57863395223939
1274,51,7.0,1,0.3128025078503811,0.3589162753950215,24.132032245173647,55.88600431862137
597,543,6.0,1,0.7298650855730567,0.1855738041160645,24.191864921544454,55.628639337862126
601,533,6.0,3,0.9737179091188672,0.12922185424318444,24.32790331277776,55.64551296565048
140,780,4.0,2,0.19420889020079732,0.037338688237828266,24.298535664244877,55.668225835907265
1288,160,6.0,2,0.9670410851782669,0.40593560988937727,24.30477270037183,55.80539229672253
232,312,5.0,1,0.9931069122762419,0.445217707884223,24.28704612955633,55.85666756194589
1259,923,5.0,2,0.14846855194609335,0.3872934568849518,24.27919579542554,55.55977820523592
917,1154,6.0,2,0.15815668593699517,0.24309427170809295,24.177207217755903,55.6728694718802
134,303,4.0,1,0.8550708434485051,0.6518864369481396,24.33226642695682,55.7349393677014
875,426,4.0,1,0.011186844125681984,0.5045491086520457,24.27645052734072,55.59058880371569
275,1180,6.0,1,0.5552073527333623,0.04740129916625235,24.128791374424353,55.67647832316974
195,85,4.0,1,0.024485701919624542,0.06322066442227847,24.317981083749512,55.69768906006153
469,233,6.0,2,0.01719944389171699,0.06400011019976848,24.0556908282873,55.78285643638786
895,1337,3.0,1,0.9994657591058455,0.04897864561465565,24.235667102239518,55.583701197290914
1225,597,4.0,3,0.5671673057637174,0.09415228476631132,24.179449517135883,55.55964638344176
1225,428,5.0,1,0.9998051811485508,0.3240834803875533,24.18804619668482,55.56287958222421
0,1183,5.0,1,0.9157532287382255,0.0719603074878149,24.279302039303634,55.84553045947115
134,728,5.0,1,0.07918232280911364,0.09504196089776051,24.327838649347562,55.73409383741723
642,365,6.0,1,0.1586734133393735,0.04417969706404862,24.2268513846605,55.87926063827778
