Account ID,Task ID,Latitude,Longitude
329,1190,24.263787907824263,55.837125698172805
682,1400,24.12936953980359,55.607476031353094
459,625,24.328548059520926,55.86669786162238
531,1381,24.342648329726483,55.78043967874001
802,491,24.141781489889965,55.89569480303474
608,254,24.348899561048338,55.83015690448889
752,1363,24.226551493412718,55.754461059513005
482,770,24.32446570168687,55.79064631596433
921,494,24.081799796218554,55.827102056288
149,899,24.251524010865595,55.63929008358181
984,572,24.071126266109317,55.69747395616526
917,196,24.229688109619957,55.62334749827971
845,690,24.297668670691255,55.55212233543854
442,33,24.271729539723356,55.64265929142987
666,1171,24.121100124911717,55.61842700902185
656,812,24.149239781562226,55.6828625113019
543,1268,24.238071231418928,55.69382859148206
653,1194,24.165993433877276,55.844295262315995
846,541,24.10710609241245,55.87539752343839
473,881,24.088452319542622,55.76835119328538
531,516,24.340439249481804,55.73130772706542
721,983,24.227610957774754,55.565572805344175
103,687,24.197251351916876,55.78486005213009
809,1162,24.242669735218247,55.630092269139524
711,711,24.110535876133657,55.65954227280258
444,1244,24.24871656343479,55.805915754239265
649,537,24.210327191529387,55.68169046000811
779,1162,24.231891674415326,55.585011162584486
835,495,24.16716387016464,55.65100852663673
186,12,24.152875722161966,55.677676582135796
482,319,24.27594026642351,55.82474350661695
687,432,24.100386438468366,55.87838644429126
553,509,24.313077477445376,55.743775972207075
682,316,24.153740476414328,55.63796821688753
237,1332,24.149051237837437,55.665079003593334
225,1370,24.32955113080191,55.86519081668301
584,843,24.300880448629098,55.55345790441084
611,417,24.07804449191093,55.89846719284796
880,209,24.099339446481842,55.668248238613366
775,468,24.290138841715116,55.64081433793373
861,949,24.125550211446182,55.58496117295992
999,1223,24.110320099972324,55.816298651854616
987,825,24.24778817439631,55.848172492215326
862,99,24.088305919970015,55.71290518773252
167,388,24.240454289193217,55.622148856765946
69,886,24.32811637844466,55.768178846863286
40,206,24.304066341078062,55.82736931949943
135,907,24.335142400421375,55.752917135819764
205,239,24.090724934452314,55.614702589251465
317,101,24.101790663650636,55.89554552936315
626,807,24.107949952756602,55.61615120368348
677,86,24.2136921391558,55.89855220039239
35,123,24.121385640254324,55.79369393143483
135,1255,24.34235839548032,55.710640016898196
805,242,24.263412740699263,55.86711333814974
681,1346,24.332799674187942,55.67515531800921
768,297,24.195111256221605,55.62571614814511
987,379,24.252998360346037,55.87914858681451
180,288,24.326741890761653,55.688037367926675
977,148,24.344866812979355,55.781606182517066
322,525,24.126481261810152,55.5886681900487
732,878,24.230532767027817,55.834418230332474
75,717,24.31855444638869,55.57704329154615
717,491,24.17191276119519,55.86417081087313
279,515,24.263772687673697,55.61806255524736
346,403,24.339331837887293,55.57756875315934
534,1193,24.332946218490843,55.55185439369097
805,112,24.309965859229173,55.82712176550285
75,872,24.35,55.6188962894273
675,557,24.30802280296237,55.573203923848304
860,1370,24.28912694074499,55.867413139496556
802,159,24.14677232778684,55.9
470,540,24.15931709574154,55.787428850023595
762,1415,24.347675524582503,55.77055544053641
957,192,24.25272656381365,55.88009401164218
682,169,24.104004933030673,55.67440332210622
743,1267,24.169869673542497,55.77294921341062
769,546,24.123750110479957,55.81041857107156
548,1429,24.297735829630255,55.71979236306891
73,145,24.337582808056855,55.756314288903695
762,770,24.331737444621275,55.808937211778385
677,1407,24.17584592716332,55.9
197,1226,24.255597614818896,55.619984619167624
534,669,24.304690675085908,55.56983647825882
213,1122,24.114978847181526,55.65618000616618
102,1385,24.239812964284926,55.74278487413443
546,612,24.178394292704162,55.585746160468744
805,762,24.291395732849427,55.829809660687964
608,511,24.302653737704407,55.7995545771571
398,1198,24.135815094535403,55.70714579311428
40,377,24.26334601330366,55.81783699372895
174,131,24.223415768074688,55.84063421881486
291,419,24.177274080130164,55.8226915362071
666,1292,24.08435097451534,55.61798958578887
467,336,24.17802638592542,55.884830902467286
597,63,24.238711982107603,55.708567391975315
370,70,24.13355456165955,55.899006161398894
790,121,24.198247176554606,55.86058249967569
908,230,24.270558320230766,55.708302982903554
743,144,24.166585078993318,55.81978308082972
4,1047,24.109803155795255,55.66418060072516
128,365,24.2698994378902,55.73409542786734
73,40,24.35,55.77822392373439
79,1230,24.122026573810356,55.575195939669854
862,605,24.07,55.68624191748749
880,1142,24.07,55.69116405673485
837,11,24.30077640307429,55.61351172743016
304,607,24.31896929007527,55.689735055834376
682,207,24.088770828151475,55.6511331625561
280,1143,24.2822145051788,55.79218407738084
93,822,24.19459381234037,55.65176335959603
611,583,24.074707919111557,55.885263599456884
789,573,24.233480732228394,55.78429830066492
163,689,24.29589475035066,55.71750623085376
315,580,24.177333873233504,55.57913929564452
606,634,24.291792175848673,55.716321306090684
583,156,24.349098625856644,55.68218945900555
576,451,24.11002928135981,55.77851930639179
885,872,24.30718820259094,55.697254883532494
35,1273,24.078983151919473,55.75579138335878
699,1381,24.308107000529624,55.79816411338447
528,1279,24.2008420695312,55.58180873520198
8,71,24.284848178509815,55.83295498954208
823,19,24.3483192007353,55.65958701610333
514,370,24.3108044167887,55.706532450926275
156,920,24.123292839543456,55.81925502970641
467,518,24.156517013700544,55.9
237,836,24.12387649948758,55.651003121738526
508,510,24.172336626280835,55.630320333548916
65,823,24.1746894334253,55.894277969987854
878,1114,24.10192284755584,55.779301255802466
552,1070,24.230869429408056,55.73695102758466
768,1448,24.17787783838176,55.6029196831547
786,41,24.230089547839057,55.796233933628955
600,1238,24.143023709434893,55.61464341036422
330,920,24.089826403582986,55.80546343068033
496,374,24.270299330161563,55.7834597006481
105,900,24.224594648289838,55.59203678588114
643,15,24.14405705082066,55.69938478994313
983,484,24.11041184527298,55.67030681648291
810,145,24.312046779500367,55.751776884670655
551,206,24.336634426335845,55.84221528550911
479,39,24.26017106525164,55.880306557757834
548,1186,24.25068397946784,55.708188565497245
113,686,24.249498491343505,55.71931621440499
256,95,24.130951396857984,55.76382288916253
272,768,24.32193105600928,55.63075142172871
444,361,24.298421762841073,55.82156156833902
10,1403,24.34634097913693,55.61001253788415
278,1074,24.203772557824085,55.684204692866565
880,405,24.110724561273255,55.70865106710451
143,667,24.178806229587792,55.68242187031494
669,449,24.304255058229305,55.63620906494715
37,690,24.311673616566615,55.58888955450403
187,776,24.18110299089256,55.564422981693134
633,673,24.091390226775605,55.668260992133725
439,1096,24.322843527282945,55.87277875835978
813,1028,24.300177101525453,55.71492800160673
726,81,24.1996622980087,55.85050449203205
749,481,24.326763761020043,55.57310898618766
574,98,24.346917024615923,55.87292263265354
964,1041,24.09005814620891,55.81339143364748
108,1385,24.166937081754597,55.74919000939544
991,165,24.10105134945202,55.61276812120078
954,1085,24.184509713476924,55.74698621758292
554,1462,24.192352304989054,55.64223345953836
131,947,24.171904649701343,55.75447659196094
144,1192,24.2384902231938,55.74441496682413
312,898,24.081767300808902,55.70704979992454
89,240,24.327703817332246,55.86512178625947
788,841,24.146309728791145,55.82743004987334
133,538,24.15929135540029,55.89866704794835
119,262,24.273026661000227,55.87581393671584
440,450,24.266337333827344,55.6310562460744
566,893,24.285895927746793,55.566228955535124
552,1245,24.27860228797472,55.698817060105306
93,1068,24.22290020438803,55.66350654010939
973,1176,24.24997174388066,55.69005784668757
810,1282,24.263392225104376,55.73813213543558
4,1122,24.096989607628057,55.648871157886056
590,555,24.130457459674556,55.68865492429413
78,1297,24.077636809322133,55.763086106489915
517,658,24.158039732854405,55.89555327458105
267,352,24.18989782943853,55.7137706763705
124,586,24.306364208596086,55.89313594408265
961,1002,24.141030677017625,55.71185927162547
127,812,24.225016645551314,55.67068506817741
324,1399,24.183743502020636,55.85457740562567
842,261,24.085214623054416,55.70453972798147
44,480,24.231810552152833,55.8404392213736
721,1448,24.21435114651212,55.55149890282787
859,1113,24.262092263506883,55.88194167890466
86,84,24.21210475087534,55.88491356593621
299,516,24.32610138860768,55.720361058642695
766,708,24.123425105227593,55.8019953297347
438,1488,24.31178024484854,55.58912283266784
191,21,24.107649944491296,55.799644860064355
78,1086,24.07,55.73547551978201
279,889,24.240742078881187,55.62209233210209
492,897,24.087056488998513,55.602987688995476
426,424,24.11961212568934,55.78704855405387
948,1316,24.264780477040894,55.75575666466732
82,1267,24.18839590934523,55.833287643544466
14,468,24.32929874747901,55.613443059634726
161,1219,24.229575698031734,55.57919695744595
416,382,24.095373689868342,55.6649512785844
584,1031,24.2941689391831,55.60243662507171
190,1234,24.34711346593557,55.871902413689945
384,617,24.3287758374483,55.88587265473619
810,1183,24.264049499559704,55.76636801910164
676,399,24.30833064396939,55.78730240471482
150,180,24.158582279894024,55.72370457520346
494,1040,24.168314230367454,55.81732563050942
656,537,24.15807435325558,55.662198199405076
517,414,24.143610446562246,55.88144235201424
649,296,24.199369528109067,55.72003421622733
570,89,24.33405315439451,55.82033248573131
811,515,24.30371146102423,55.63283477864815
259,964,24.138235737327207,55.88788446580119
840,622,24.13844986385314,55.85407212994634
388,268,24.17984533239053,55.83862008258898
492,239,24.07,55.609802186570874
43,134,24.289959019698802,55.69327074695775
789,1372,24.18435688466551,55.83097002894404
659,328,24.21118776101428,55.5570839970973
641,1154,24.286566766496303,55.6156205293892
299,1426,24.324627720983763,55.684956348930235
441,195,24.08576259929597,55.6093186574146
59,856,24.205443727525203,55.65744321242712
641,1137,24.29968330668435,55.63408807743703
948,197,24.301153684382083,55.71966163822952
759,1073,24.071185501434364,55.73917751496079
129,1407,24.191687814417495,55.83998841301615
818,168,24.13968379666926,55.630666187439445
583,828,24.3197620392363,55.68102720749006
958,678,24.349037119627067,55.61564490574116
850,1145,24.29511120798435,55.79700339552285
403,129,24.104691379759334,55.59692680030772
385,1399,24.192984630430697,55.85117207059353
12,345,24.188348310596993,55.55226525416506
74,494,24.123943851305746,55.777778075219445
240,1155,24.20220555973848,55.7840481863757
280,49,24.280595986827997,55.789469230570816
312,1167,24.08990304599635,55.68059505120243
757,284,24.163751279044995,55.697699677221415
10,574,24.35,55.58241884332722
74,1320,24.164926894449724,55.76664874447909
163,653,24.32085599506661,55.70416776162697
974,1101,24.265927446765165,55.86264682229581
582,316,24.212591803146843,55.689282904363616
280,1391,24.283006870851157,55.76066269694478
54,781,24.155927501896414,55.615359854985165
631,1020,24.24129180610916,55.57290129432155
73,694,24.35,55.81320185666982
653,159,24.161454123784377,55.86808618338876
338,182,24.14724092323571,55.74005081318959
572,307,24.21353635168996,55.5546165426676
383,71,24.315620113463655,55.80482210363131
204,951,24.089628875530604,55.764878711376554
312,932,24.07,55.644389887649616
24,641,24.10487740561184,55.58530910828747
316,994,24.23760540096596,55.85066679673874
700,1348,24.219655274620397,55.862490357376394
376,995,24.24234412721823,55.69413097962955
204,140,24.071859629020512,55.79460904952417
845,744,24.31438763678344,55.57369044557396
680,923,24.26955907111916,55.891991781778295
577,1242,24.344520641748133,55.6192374449838
983,369,24.071457911610914,55.69824584871305
291,475,24.20294644192373,55.79331071812665
937,793,24.23026085182578,55.690356548480075
432,103,24.14499831928424,55.70405581120418
39,59,24.197097880134578,55.73666198838127
572,1131,24.259285853083256,55.56270154584303
730,800,24.237405281599532,55.682567168849374
403,1356,24.149376625180654,55.58425779688944
279,431,24.21394328865269,55.66776938526335
105,164,24.21070804377185,55.61856085262655
416,1209,24.10379976458771,55.64693640664136
13,336,24.163231301408768,55.88101355721183
115,606,24.091752931376902,55.644530184261605
75,945,24.35,55.602721300423305
488,836,24.18970648288669,55.64728894949485
407,1039,24.289192211538488,55.60227172714053
124,1075,24.31033194695321,55.87164059448384
586,785,24.27414744021998,55.849842225809546
980,847,24.179064603777533,55.82348453122297
979,625,24.3097044871593,55.848808224978804
388,235,24.183026383451267,55.84713760765484
55,1102,24.17499436279778,55.683571646992
443,484,24.11534943258925,55.65278765939931
31,803,24.285566425254448,55.75727112029441
192,943,24.146670759999378,55.754038758955325
732,178,24.248804692603603,55.86600831736972
187,286,24.196131971900442,55.56405581413276
451,1424,24.238811553556985,55.89383436061631
134,1310,24.297007858823623,55.75493620034992
349,338,24.160259089796575,55.68956442509694
373,1186,24.203703637919798,55.74661859956058
768,303,24.213087164306152,55.62110644764791
267,609,24.16888852779752,55.7438472183246
204,287,24.09633922169433,55.80975279798473
649,1186,24.20833323190365,55.72423777467021
384,1207,24.289881879130792,55.9
957,683,24.220428657362827,55.85500877347162
980,409,24.222099669693247,55.830086254770166
803,409,24.218210456732443,55.85051224379884
419,444,24.159594693052764,55.70789552810902
580,150,24.157611752131213,55.691983277973
875,820,24.32345582368311,55.86216363307044
121,615,24.29644007963045,55.57851162801922
745,227,24.28677550872879,55.56396185468311
633,561,24.07,55.667744827807184
879,431,24.240351882527204,55.71401499351098
596,110,24.180414340397945,55.6127349988331
887,572,24.07283671543353,55.72284712395312
426,1142,24.08581853052766,55.74237451430467
825,1108,24.262683786179345,55.869790961843684
399,302,24.30134066633288,55.777013712182665
678,476,24.256051823683954,55.63399978852101
686,190,24.200159090642085,55.659978265556525
625,830,24.17842307953709,55.83819212319309
644,1454,24.21981397740384,55.67355196195284
145,1046,24.308251250555497,55.88957402602904
765,114,24.20339726446794,55.59586347590238
558,1225,24.07715442182746,55.61638576944769
441,566,24.11651842728618,55.629541143189165
51,1220,24.104114454925906,55.768158707404496
318,819,24.16351761321237,55.70968856069168
659,699,24.202034573749145,55.5557760135768
983,228,24.07,55.656430398127185
369,914,24.172685975444107,55.87276939408357
541,586,24.229629206804223,55.88201360668164
86,674,24.163585621407428,55.9
91,463,24.230822784422635,55.794462716554456
119,1440,24.280538567765102,55.87071003428724
887,79,24.07,55.6752657064157
397,981,24.249041977361294,55.61100687159052
657,1256,24.201404041198295,55.55258669791638
845,176,24.299375395704114,55.601958040639104
174,1424,24.237711165905594,55.845870760094456
961,943,24.109876356139115,55.70554098337199
290,567,24.070597170613432,55.607081866255854
681,786,24.35,55.644535306625166
115,35,24.077971532329457,55.6626120904913
709,1348,24.254250547576607,55.84083672648838
655,1093,24.174077286497674,55.65544464857215
822,448,24.129306686961545,55.690985522186374
27,1391,24.24903029836759,55.710319713117016
842,943,24.131856696077463,55.70683279068204
763,1231,24.167691073339185,55.662891260835295
408,589,24.2782394811954,55.71741837735241
156,1140,24.121520942746955,55.80598386295558
240,1197,24.190195244735797,55.76646746595555
79,865,24.10839568334396,55.55
750,331,24.086550208872378,55.762552531244786
850,304,24.245583879379527,55.83350602914514
577,723,24.310430864212655,55.638768582491586
919,528,24.32584673594019,55.828321468566145
49,1022,24.245736629274706,55.78599812397356
572,1173,24.268685384968425,55.552840723207424
845,577,24.249888919705025,55.577142370720686
487,439,24.268346727612684,55.62016846273025
881,1038,24.174153509895028,55.800127933145724
546,297,24.184025114678956,55.628188487868066
994,1125,24.171386933368613,55.80841694780894
953,693,24.153228325778432,55.79041281757447
54,1288,24.19517071301383,55.66431162972834
520,9,24.248993274339362,55.60480215569266
743,305,24.212390789231062,55.81265006520213
186,277,24.1441415395995,55.64753690248253
677,469,24.1465682187507,55.865414872202756
291,1120,24.168305015474466,55.753181209398875
143,58,24.132471930018195,55.689139527679146
611,821,24.07,55.855344832809365
815,1402,24.253061460470665,55.88469838983254
145,825,24.27110092922402,55.8808201200231
626,324,24.07,55.597495301620995
685,837,24.099335152136742,55.729372713720274
293,80,24.21659294493422,55.892852350609175
330,1228,24.07,55.80500089943451
649,215,24.174292026965297,55.757141562555326
91,545,24.224231554690608,55.767101440810464
294,98,24.33085968115103,55.89263840086797
620,335,24.098211911058765,55.869936153723984
261,551,24.324736717613636,55.63322983612389
419,861,24.1829468250692,55.70989187473268
958,1301,24.35,55.61638069535529
881,489,24.207862091785454,55.83968918908755
505,152,24.226564230653334,55.86721929459611
566,1163,24.25044713378979,55.55
836,869,24.10254459793384,55.88852802499053
457,1122,24.140374220076858,55.629717060609316
75,570,24.35,55.6254159957301
828,925,24.10070893270483,55.679932279152595
585,582,24.3101733934029,55.68895587646144
259,506,24.155969490863324,55.8751706135867
474,19,24.298235466611217,55.688162643996904
487,559,24.253659083189575,55.6182318464987
312,941,24.0810200155561,55.613515128682046
10,193,24.35,55.59572417009894
786,351,24.26808723514892,55.81184430248884
121,481,24.33951996326662,55.61787233312768
54,297,24.225240141128854,55.64512407507718
163,1417,24.346971524707502,55.66041848919006
818,1447,24.112999205911844,55.615147464876515
177,26,24.25555381326311,55.77154672768587
730,226,24.233939752869457,55.65742279528683
879,620,24.248418294856332,55.682172540999936
357,413,24.13910283050823,55.598133513364445
474,882,24.295569584598233,55.7060709416453
708,256,24.202956154165438,55.611691046166754
912,847,24.163457289798167,55.87664028905741
665,1006,24.27166282175075,55.7787148847873
135,1158,24.3021976384711,55.72148651817116
994,813,24.192994967603486,55.77219181361794
220,1067,24.117670021685228,55.831860720637465
8,157,24.251289013943225,55.877837870309826
694,455,24.205584374672643,55.840212019026865
880,1073,24.07,55.72773500341342
764,897,24.144123639174023,55.62315561833188
240,585,24.227023011338048,55.76155413891461
198,1201,24.29098578382661,55.6323728953787
272,388,24.308585121948127,55.625186150123696
528,309,24.1820318520347,55.59177906588561
536,1237,24.21802480775438,55.63813555633773
763,1318,24.15464003171841,55.63742694193417
946,1183,24.2448835725754,55.79027097022076
442,704,24.276908713526453,55.62054104368975
606,1006,24.299911379400907,55.720268140945564
438,37,24.30835120354243,55.58759282171788
951,304,24.246459367107157,55.851934357506615
796,1008,24.209478702791333,55.70819962587553
192,1167,24.109289016122208,55.7337700872695
314,1238,24.138455472763734,55.669533678323646
428,3,24.27276948907034,55.66909799508547
663,1468,24.11464217503869,55.552673772194815
598,568,24.225220706165654,55.57030190047526
200,1202,24.243171075551356,55.587821162165085
991,895,24.10810600985063,55.6608994201857
525,1272,24.07849326075596,55.577527232181964
951,910,24.266922125917084,55.8047538945248
268,568,24.149154971693605,55.57624212710505
51,224,24.074749880093027,55.747237439517136
750,1021,24.103569933238347,55.80137642392121
769,1223,24.119675875162887,55.81124086608165
708,757,24.19729799391301,55.6263077122301
163,50,24.35,55.64678904931913
4,1377,24.09088858378401,55.64000763527012
317,208,24.088300751786594,55.84741714871598
957,962,24.244286136893436,55.861395516873834
649,928,24.1396519879478,55.772282845707785
794,1212,24.112336932072814,55.872624376237866
649,978,24.16433392450418,55.78022330013976
121,717,24.337954473155424,55.60592764817996
496,319,24.25585239588016,55.80021758186437
30,1160,24.207042942057498,55.77593370539212
921,1472,24.071471367075727,55.83863044852833
85,338,24.16026512693939,55.6595129708152
329,271,24.23065239962837,55.83706058966321
660,125,24.110810135081472,55.84684688463857
716,227,24.3255802709325,55.569926229650115
72,472,24.13334018679504,55.651086794035265
72,1320,24.163315995808606,55.68717268005235
815,1396,24.27830322237615,55.9
366,686,24.22151709695241,55.671267537272335
143,444,24.137532419548936,55.685989444757894
765,601,24.251227483229357,55.57310749942492
51,424,24.12194004700452,55.73752915660947
857,443,24.092091392331923,55.625898937366074
225,426,24.280126401072256,55.87946852552371
8,1065,24.235752136410504,55.84512208546834
261,108,24.30635790451192,55.659442492232884
802,1351,24.184651589471493,55.9
898,599,24.32404935960761,55.70688007457336
479,785,24.28445997692959,55.84517260321411
983,542,24.07,55.62057112265889
82,1038,24.180998667452574,55.8224906867407
662,15,24.12740210708334,55.76231916537619
384,927,24.27309577891786,55.878371347719984
13,988,24.181123666850638,55.88890058587555
79,864,24.096581489531598,55.55
972,760,24.24280822997693,55.65185030571413
240,167,24.250338840203238,55.74222832209906
763,1012,24.192122682979253,55.648867423833245
268,1057,24.113155533284694,55.554651027418636
563,443,24.131585826914105,55.642769699971325
312,1447,24.112411455547832,55.589034021072095
989,611,24.163233218102356,55.633929640217794
887,1106,24.07,55.67625130374581
533,1159,24.303738642404234,55.73481843047763
388,266,24.232571050927305,55.850785045399185
772,217,24.281938313468604,55.89198191064003
124,271,24.29295695579176,55.88113427138041
399,213,24.295688970620763,55.733765591037724
167,253,24.199794745555888,55.60661833461236
267,697,24.149152393245583,55.74517531815169
344,286,24.207378441083012,55.60243337228026
384,825,24.262899264210407,55.883136031507696
980,194,24.203288100579456,55.812546397447754
429,73,24.099765098815787,55.85208672036645
364,1125,24.12278412152381,55.78474491033279
961,364,24.119175668659054,55.74995838257996
150,904,24.18723422492702,55.742345592178445
108,684,24.11779982797193,55.74321933774274
776,227,24.290059832670053,55.624077587055204
10,1055,24.317155156835174,55.55223389090216
386,1161,24.211935847522547,55.71118183030122
488,826,24.172007662453833,55.62751290054681
46,624,24.33088202974984,55.6074491458645
796,340,24.205394416636775,55.74894938308743
149,533,24.292435655326294,55.65297896164204
739,172,24.28183882703456,55.802036858686826
391,1132,24.25950030995971,55.81716661087729
546,1356,24.179586514254627,55.64247387747877
674,88,24.313283718117255,55.86636177064619
961,561,24.076503429964117,55.7160130929653
562,371,24.233133670973878,55.88998522754822
0,712,24.29109641808771,55.79548929397524
148,898,24.082537172403505,55.74793579303522
229,229,24.288823815500763,55.702131986036335
371,1442,24.151861064302807,55.89676617393736
545,1187,24.180824991327285,55.74505017994191
498,1361,24.287040405921687,55.803224915141215
258,561,24.084474461898065,55.69439293103546
877,1386,24.166783741021394,55.86487365388201
329,1221,24.256730173347396,55.84452874944324
24,169,24.094187557453814,55.613455324868966
133,235,24.16590297178898,55.84963342951561
208,1138,24.238085486296367,55.72075726043702
344,558,24.252395383287222,55.57564481473405
562,252,24.22800555630546,55.9
646,1361,24.208333398894972,55.810953770459726
488,1288,24.169216591004275,55.664378737344684
510,325,24.134092009968906,55.80982849717651
44,663,24.254952776502854,55.849532083589274
536,1296,24.17001893391862,55.67255230040751
563,1389,24.129987294258292,55.59313499733754
663,280,24.07,55.55
119,98,24.308274085931302,55.9
7,1422,24.15189326742416,55.67058887864536
319,194,24.215622075985827,55.85499030401981
545,1216,24.14938180130727,55.76882082885632
729,1211,24.302134653149487,55.86591672223278
449,1462,24.149466789025187,55.64534013630948
953,479,24.190457565359235,55.770496742120166
948,139,24.278368643475492,55.76300670828383
3,1218,24.101991647197,55.69178039845023
200,1051,24.269587701362244,55.59103524341565
620,73,24.120489355858304,55.9
487,1404,24.265547832631224,55.65482521695271
803,1164,24.19667326805978,55.82403597019888
885,1346,24.33478071595317,55.69816477403025
419,1373,24.201269255730292,55.67515131888013
100,1033,24.21850937494397,55.77651433851243
46,1016,24.340647349570578,55.65366032294223
272,14,24.269180036369175,55.674689686923514
741,359,24.143522986076288,55.72742459721784
869,1210,24.16922502966259,55.83843211176833
553,1004,24.287282790823053,55.77201324436023
128,394,24.240639639302454,55.74419192825262
886,175,24.206414019389054,55.81147032192152
74,502,24.192623138848756,55.7269637228571
182,531,24.25208325586785,55.62875001693801
144,1245,24.266341678673765,55.73162125761714
631,796,24.28477247874225,55.58303141592054
510,512,24.151927837071526,55.76928173641449
572,67,24.227215728263047,55.58537630349795
964,578,24.121420506781924,55.784371115985174
630,120,24.174383902429696,55.610466587601145
668,839,24.25031202689242,55.88603832078696
917,1104,24.225007987789326,55.61112905425713
213,129,24.085040444580542,55.623298271297706
694,436,24.196100718174964,55.85098707489451
721,24,24.211126614894013,55.55
702,284,24.208171259272078,55.74282801004443
280,347,24.300920263844056,55.764187315462884
948,1269,24.30661090220567,55.730751545452115
672,1215,24.262512251570694,55.78049479830652
432,831,24.09585083104201,55.735949002703144
288,203,24.185891783749163,55.793722532302915
234,1236,24.202803562633044,55.74182007415295
414,727,24.230382420991628,55.63372277332353
204,208,24.07,55.847039743454495
757,401,24.185138860161683,55.653661135357815
444,1473,24.28695766247257,55.79141137537917
223,831,24.126304453585018,55.706340339007646
694,1494,24.234732443964944,55.862306345597126
646,221,24.21382953211448,55.7877632215703
336,1158,24.32873852428452,55.77703455463635
362,435,24.09957269609635,55.80694396793991
794,1472,24.07,55.831482371171184
541,274,24.194285484960467,55.83367371201836
675,615,24.258632308769126,55.591700575923056
0,210,24.338101963893436,55.803629727589595
472,720,24.146414779314377,55.74717247887795
4,903,24.136795298639633,55.59276848140006
917,307,24.229850507386356,55.61637133332816
330,201,24.074224458739558,55.76164247423726
368,1360,24.27322497333158,55.83848549594468
464,951,24.14263039411628,55.797287721067555
59,579,24.156200033549524,55.61000960010781
27,565,24.292768247896632,55.67626505312394
766,853,24.158704755610437,55.82138227999824
148,1412,24.07,55.75872288384465
74,63,24.235665495250913,55.688941347978385
229,1026,24.285761793847783,55.67339025308462
934,145,24.324361063822955,55.69777440616101
190,1035,24.35,55.839596476007856
428,1302,24.24710839077167,55.6583872640622
135,189,24.32512013726794,55.69503283919514
700,1113,24.209947580409153,55.8727591305198
86,357,24.17750849932401,55.88431420490488
761,214,24.149627280430117,55.64497492677881
225,379,24.249342233510557,55.9
119,157,24.259330210077987,55.88330988165218
234,563,24.217700773425662,55.70048079349271
775,36,24.337374437365465,55.661309801638296
869,80,24.19930631225615,55.87377279202416
528,1302,24.223310683597205,55.60221888284119
494,1349,24.17823365180307,55.83550567195285
145,39,24.292906687208323,55.9
57,1164,24.19475012503646,55.82192783337734
737,1038,24.209565660218775,55.778329137575774
414,397,24.2071964857778,55.676973564414276
994,719,24.235317697123993,55.80621314803764
674,591,24.269485552967396,55.84673882173029
962,242,24.265233842706945,55.835356928951235
187,865,24.15044619348405,55.59888240226457
398,118,24.091433200750508,55.70642766998538
182,725,24.277047620356687,55.619478706150765
563,1275,24.153309699168048,55.560497929463665
53,776,24.15971091407947,55.61032530601199
50,102,24.30381731625589,55.66609088759587
349,342,24.175584589800103,55.71458041399909
657,838,24.24315807391486,55.55
563,832,24.130639844524573,55.56321578293635
565,207,24.08623596249408,55.62015341693289
310,1231,24.18869976649773,55.665595397532414
50,959,24.33026398317675,55.707748728793874
330,133,24.103546990326585,55.75977986419435
314,2,24.158554601021944,55.69499367128507
867,890,24.27391015238447,55.64302919561922
330,299,24.149655809960795,55.80931125291724
915,862,24.28707509521246,55.58764609650719
444,308,24.30365812942302,55.82463707093683
791,528,24.303237553012654,55.89389082638188
398,484,24.08448002206187,55.70291609452948
419,1450,24.2289565827125,55.7127931725491
649,954,24.1449573720981,55.829695267189585
557,1489,24.193122764453936,55.76834740881266
810,1353,24.30429339666416,55.793935292954956
999,411,24.117880550325268,55.772875855883534
601,427,24.335749863419764,55.81080787123281
517,435,24.125896283106965,55.84364297879628
947,398,24.25623469962012,55.703157232763836
767,1031,24.33693319644656,55.56219579992943
810,1425,24.273044108515286,55.74656612464274
267,1247,24.13473253441678,55.78841590924986
533,1006,24.310242087731613,55.745743017811634
953,1361,24.236662593757206,55.78101044018121
480,1159,24.341291517061812,55.73562584226528
718,752,24.228868864934213,55.898379681313145
372,941,24.120422895100514,55.56143869683501
346,1039,24.34269446120758,55.55
234,891,24.168976839460615,55.66556140480899
764,566,24.10177237444519,55.64446936431492
576,1114,24.086544284100132,55.75386503726494
190,210,24.348999840515624,55.84013405313994
682,1431,24.075931853873605,55.64798348572881
730,1238,24.18572607830638,55.666524544973036
334,36,24.28604736322262,55.62220107618911
584,879,24.261612917637017,55.573015152100886
908,634,24.28090057592669,55.697973585893855
211,335,24.10208623595327,55.87493030959139
709,1410,24.265914963867264,55.88626848676923
358,390,24.19579444993957,55.82695585258984
362,833,24.07893704202441,55.838401591955865
823,789,24.308976594388227,55.70336240116574
128,607,24.265948012039587,55.72492688575158
638,1147,24.13890382738494,55.7930979854691
106,1245,24.241426341535963,55.68356716468152
238,1367,24.276929866522174,55.70443255137213
882,986,24.250385103245637,55.57589288218991
984,943,24.08455388505705,55.73170359877456
659,29,24.189841885219963,55.575949608776796
818,443,24.089157456707763,55.624607809985456
206,550,24.14526313036942,55.731298443053554
779,348,24.19950512202686,55.55
304,547,24.285603259454856,55.71097695366269
818,1272,24.13408901583467,55.58313872444776
611,742,24.07,55.83503383460161
224,647,24.166520028237784,55.78405276441786
551,820,24.29108314846218,55.83780768147412
803,80,24.229702013963013,55.85899187753623
947,882,24.24212069117872,55.703098805736765
144,1145,24.25291541679238,55.7619319831745
772,528,24.323529971114265,55.9
432,320,24.075023903444368,55.711616795549375
256,799,24.107440664866083,55.782861912917134
660,440,24.14064601202055,55.89311416490049
492,638,24.07,55.569525209409996
928,60,24.297519056219794,55.77320283776665
416,413,24.129581967240608,55.60474300247096
278,1197,24.187233702314565,55.716167029296486
583,1319,24.35,55.71458308958271
316,617,24.267667210396187,55.84981169173682
797,764,24.212110901054878,55.70357311839882
761,444,24.181708625101212,55.681963510129734
937,563,24.2156551142653,55.723334735342604
749,1055,24.336253492308284,55.61556797187612
374,1327,24.106491111295572,55.89711764187204
291,874,24.178558505348082,55.712703082368805
459,649,24.35,55.9
583,250,24.347423154376052,55.72677954313593
13,964,24.15321791119886,55.9
699,294,24.26593071457916,55.806310348715385
65,52,24.165359676120804,55.87590237794072
886,1309,24.21894463788369,55.79914987223133
231,1491,24.306967084151808,55.585707083880926
991,561,24.087819613053494,55.68133993695963
763,1480,24.19481852802799,55.632563200128324
398,459,24.08980728039211,55.671342320407824
974,692,24.26488908047481,55.872748623152404
128,130,24.291583182064414,55.75620930152762
934,1179,24.3393814241508,55.73018208556677
903,720,24.173774803599404,55.74706397184993
115,949,24.077076286568584,55.63731893819677
442,1324,24.324663359473448,55.57874917591014
630,1356,24.139459883074974,55.588133547363384
97,768,24.267280526183153,55.61921370068736
161,893,24.253599609670047,55.57946104254194
24,1121,24.140104557495906,55.62043483368023
531,77,24.33084534336965,55.76838347287976
63,54,24.30181218998292,55.5753601080077
770,736,24.12883103980744,55.68363550326036
473,1392,24.07,55.722114381866824
659,256,24.202800114793074,55.566972070891005
3,209,24.07,55.65514128447303
861,1413,24.110497873266407,55.60574992404871
680,970,24.291388137027575,55.9
994,433,24.208385575657935,55.81542789189583
285,747,24.135448768425547,55.70240074443409
882,1163,24.249451040662134,55.55
688,1390,24.114121476629574,55.876576537951166
611,1330,24.094466172433375,55.8072023208497
635,762,24.33079834514543,55.882151591517015
75,1331,24.35,55.576081916142215
98,726,24.12090847268908,55.74763013065636
388,163,24.229322594957658,55.897944584969395
191,275,24.13358223745308,55.766754392869075
774,1090,24.29502842274337,55.63918223483912
672,281,24.254474215974593,55.828897259467404
946,351,24.2498854172396,55.82431149038702
702,741,24.193887449191543,55.78256511699063
74,828,24.275042884934148,55.70272845493402
211,830,24.1458606534412,55.84525472081509
181,167,24.237673000305325,55.768523057840994
314,1036,24.140317022089782,55.68831915838848
866,703,24.180718823721957,55.565417175080995
527,245,24.103494097453325,55.55557663055615
829,1490,24.265281314958287,55.712563918045525
412,590,24.13222976006287,55.706252022245536
338,1366,24.160889674557474,55.770682806311925
984,1300,24.07,55.7550672209101
997,53,24.205358085333877,55.611035533094785
822,451,24.131783665914867,55.73438050652951
800,145,24.328438428474563,55.72661969748773
894,425,24.12891115734822,55.64523029132292
115,1189,24.07,55.652679504314584
531,94,24.31258459352723,55.791484256562725
649,705,24.131417993787007,55.84392649081942
461,819,24.180887488032962,55.74420909652878
180,191,24.35,55.678591147133375
630,1462,24.137279682102914,55.62141489418428
685,1073,24.07,55.75493360108539
825,906,24.306272552193104,55.842379998272676
280,308,24.307537804194826,55.80701375168875
887,924,24.07,55.647374172576605
46,908,24.314919950330832,55.63193539133343
490,74,24.233219973505854,55.73880882789811
98,546,24.16473026041206,55.7948498537536
989,727,24.20550818500447,55.63576991249527
237,1225,24.107743916923816,55.66392118706486
631,533,24.260006584993164,55.59638740721785
757,56,24.19810877856329,55.69402994480945
482,1081,24.238327011223255,55.806385837649714
862,368,24.072332611076675,55.734887905429176
258,606,24.07,55.660558806358274
656,880,24.163361062503398,55.62025582528206
315,342,24.204534705800793,55.62568156919079
616,1093,24.134597677364148,55.70516948815986
904,21,24.089434816623047,55.760034226244606
578,301,24.210874933742904,55.788798905400505
198,793,24.24593948287707,55.65559259955731
41,131,24.2168125981513,55.8208962497623
190,1359,24.338587169242857,55.87022553984862
205,381,24.085965425922563,55.57191676298131
607,1325,24.253528758159145,55.819862985895234
272,1497,24.23563870665318,55.633740349463515
781,569,24.164346240511108,55.697313739973865
133,954,24.12323552671244,55.891562724344055
46,1308,24.34561168383123,55.64484753384281
600,1219,24.15133282977162,55.56503993147643
427,720,24.19362682341223,55.7129016865027
1,24,24.218619950511748,55.580461263614424
755,251,24.090214813789057,55.74104145581241
660,101,24.128355250574973,55.888672540714374
24,521,24.12697617683983,55.6267586855816
197,66,24.242632820645003,55.61580457802111
766,1103,24.135890374106783,55.80826196362231
882,519,24.295904412322304,55.58913114187682
470,1029,24.132114574775805,55.77422194444569
548,1166,24.28979199767508,55.6890611483928
718,878,24.224217969886293,55.87539087583019
448,428,24.128433205685614,55.73056080321489
859,1072,24.285523773184607,55.898921009771406
993,732,24.32634810406695,55.56790628019933
366,33,24.25212170405488,55.62154986865838
903,726,24.152370077923603,55.76647813302837
675,1076,24.233585861319295,55.59897572597671
712,1249,24.320673159259243,55.752228207209264
473,21,24.07,55.73727196444598
931,1165,24.159883084801283,55.782383032802386
776,11,24.31078683285631,55.6595070213013
794,562,24.110655055364454,55.83690071617475
166,258,24.347404613711717,55.65171078976828
653,1153,24.176350039410636,55.82910235648655
7,459,24.109093499367887,55.66542137892753
248,1318,24.142570438793978,55.6276995955642
12,746,24.171215300598213,55.55
280,1035,24.35,55.83497812628396
346,1403,24.35,55.57211047025732
97,1322,24.28536103524683,55.58612609850193
438,945,24.342628297646783,55.55
309,289,24.077777627280412,55.608137524280714
143,126,24.184767539691038,55.6805727175497
127,904,24.199422802444627,55.71553542393127
857,93,24.10421819888682,55.57903608148893
789,74,24.205632579281623,55.795212717362396
93,543,24.214736667126378,55.682812394771815
60,207,24.109080506931335,55.66829860823373
997,23,24.227807481546073,55.56775154796037
180,327,24.35,55.70965938945493
60,1433,24.07,55.674449939249754
103,524,24.211229060032803,55.74272431212761
732,902,24.20328089735988,55.816831720341675
675,345,24.19930069143806,55.60589372332932
442,574,24.32767534248242,55.566359085282016
472,618,24.131644830420548,55.72891997919283
344,1219,24.21266163223411,55.58169419879648
226,568,24.198541731796606,55.56449875036979
786,598,24.300265891199015,55.81693046247777
553,102,24.29994766035813,55.75257978933412
533,511,24.32722333785717,55.7832297164084
541,1165,24.17345797172357,55.84262719320462
880,1220,24.07,55.746610382996394
566,1055,24.272624016339208,55.563314890762086
426,655,24.074620524085404,55.7211799239048
9,256,24.210848781339667,55.568407679307214
436,1390,24.145559532878515,55.874818186918034
442,1331,24.326203691776644,55.56657290254581
707,492,24.12549572507681,55.60419144660621
702,233,24.14834552645355,55.79546642233889
601,1371,24.34214907483999,55.851619939161125
681,1308,24.315410223734933,55.65131501126304
630,965,24.12946002521714,55.62330475422822
979,138,24.29824963775064,55.847068339909065
364,437,24.135157806502036,55.771496746107736
718,994,24.195761254606477,55.9
279,1367,24.23677562227679,55.656249206077554
1,199,24.23174848908491,55.55
797,919,24.221990536444537,55.72926772340585
869,506,24.195956618859267,55.84196335874534
429,1475,24.1090081360816,55.80796113128155
545,920,24.120640052877906,55.803204263591105
584,317,24.25114755069252,55.56674531981485
373,215,24.229726701386813,55.73844739841059
829,508,24.26937118532471,55.75689183708567
259,518,24.163123244787148,55.9
917,987,24.24447826845919,55.64073365795639
392,1452,24.236435646695217,55.7660060719131
584,1104,24.228010358565232,55.60024809253366
97,416,24.305283045638525,55.55
653,1466,24.1954204729064,55.822581526535735
675,989,24.183441620384254,55.6031927120243
586,341,24.228357415614187,55.886459320391
49,1452,24.2054510412161,55.80388178991899
707,195,24.14043739718932,55.59799919630452
541,1040,24.177252576878487,55.878122025572495
937,904,24.16605288687486,55.76153516193817
127,1489,24.173694512505897,55.722335201510596
737,1186,24.19680813966632,55.73692608548802
867,1104,24.267041455551215,55.62026986352974
351,200,24.112414490852448,55.89724257610905
53,757,24.18524029616177,55.61027243142993
457,1448,24.16620547549918,55.591680578952705
46,141,24.34780060036924,55.62071854413322
0,598,24.331020502972656,55.834970775690195
672,1027,24.254894388094073,55.78637402196659
146,806,24.16920776488699,55.82770976519691
929,739,24.22305423811718,55.55106706687074
290,903,24.07,55.57184411397927
677,311,24.17611316568327,55.874638733746416
984,224,24.070277246174257,55.730483736507104
137,94,24.313082851787446,55.86373966522336
436,869,24.16338396078421,55.898801563526526
919,486,24.321022574980073,55.8092370762071
190,575,24.341374212887867,55.85968316516135
983,443,24.11882229691237,55.61816723326816
665,785,24.274319180345096,55.80526838642599
261,1265,24.314122784399775,55.6469608853923
639,278,24.139886343548206,55.69978988102806
928,509,24.347205861219326,55.74065081616353
915,731,24.263402220378463,55.57022373426969
875,94,24.29476155856701,55.84308109214619
187,1134,24.199892240772208,55.627380439310684
551,1441,24.32063463565982,55.85640454840958
205,280,24.07,55.55
493,502,24.20214000844779,55.71914133588869
600,896,24.192560634462147,55.60983548252796
226,124,24.20466116954471,55.55
397,36,24.294785051467862,55.62887098068615
91,1397,24.207595746254352,55.75540046977091
27,1251,24.28144452992641,55.72294189094156
910,184,24.163013010151015,55.55870139362109
694,121,24.185545128404296,55.84702909893616
813,811,24.34114692213383,55.75720866462543
548,446,24.30819147174882,55.66591564503855
67,986,24.23672629759413,55.647065849645294
177,972,24.280064416052806,55.76004948529917
129,792,24.157168668565273,55.85752755885703
775,1319,24.35,55.70740224350595
666,332,24.07,55.66103938515588
946,292,24.248920874359932,55.831132643296314
426,407,24.108031420632884,55.6820249029209
643,1198,24.0983101542079,55.741132000791076
69,1179,24.35,55.759719818824486
932,528,24.346360637598572,55.86176906135406
662,795,24.10496367506921,55.73365646135653
397,249,24.247679219569424,55.60650453898637
267,1320,24.13890885601105,55.74377744025428
608,427,24.292244621793273,55.78025731168702
786,1316,24.294922635706765,55.785801619290545
386,1397,24.19337118437443,55.73172506292408
294,560,24.344930863908505,55.856730780650196
333,594,24.292692176743802,55.59367621338579
818,330,24.14515254286645,55.621410701570916
774,1302,24.250835006588925,55.6378027424788
415,276,24.153564266657078,55.62984635019409
579,1219,24.170348299061875,55.58720746225452
880,43,24.11597226006349,55.76037863646067
69,172,24.33565200249972,55.78661648665805
798,238,24.198179679228385,55.76408595676361
371,750,24.166089104045348,55.85418645091074
4,556,24.144263665136627,55.60128268942539
128,344,24.335178423699553,55.72011287756212
60,1412,24.07,55.71088178429997
223,1332,24.138478104959162,55.673287525930796
256,499,24.07,55.82371394717009
766,833,24.088637326607316,55.81555113801066
392,1176,24.231710425530647,55.75119018582763
362,414,24.09113937151432,55.8736974831181
880,321,24.11398731367889,55.73564184715676
651,1464,24.228502857598325,55.84627727062375
775,1337,24.348720017810507,55.72023743591456
163,11,24.32238929215697,55.61080350692254
596,1281,24.16382064948238,55.63918257648825
472,284,24.144717157303667,55.72627817788393
119,586,24.297293062161966,55.9
585,170,24.349856973266952,55.68035846358544
763,760,24.241613386604723,55.673174911182166
766,1172,24.122024652723688,55.85469447430002
517,1243,24.112868368777967,55.86062243752026
531,907,24.334848940161162,55.75401079848794
607,630,24.25583311172512,55.84755538464391
0,106,24.34292436507825,55.82515119408799
885,1239,24.35,55.743407343307844
464,1363,24.179282444022192,55.75461181905457
73,1110,24.345476788586502,55.79398824266379
652,418,24.13809960742846,55.88667483374432
163,91,24.35,55.62390011077598
825,526,24.3026792687634,55.821627447249014
213,472,24.109413266586113,55.647982134976175
22,1270,24.34652012629442,55.87307812482949
590,158,24.119631219039128,55.706542530490985
143,155,24.18704072402099,55.64023153976599
652,100,24.133932364638085,55.9
160,787,24.11613564950265,55.86419501497694
641,1069,24.33969570822103,55.63814520745868
383,1353,24.316453713934738,55.80293862842502
229,8,24.24545012905178,55.718552435644106
205,903,24.076797243487597,55.55
133,742,24.115129840210066,55.86993964623439
885,666,24.319126743612696,55.70443958052127
850,804,24.19905261327746,55.85629620665782
124,844,24.323279592683317,55.851037353944086
368,305,24.236820961280905,55.82845302596224
881,538,24.196731941844966,55.87852051810237
89,1440,24.29827374328356,55.85063933682263
711,62,24.144770423962203,55.61190378707482
699,1494,24.25807816285258,55.82415292508218
700,1042,24.205807740967984,55.845918048552356
619,1141,24.198461174777506,55.7584948526641
972,926,24.27185584522764,55.613417002940444
96,1170,24.154508815602885,55.74501713326296
802,233,24.15577356028037,55.85390673780322
498,894,24.249386646702632,55.802359861496356
334,635,24.2689568272894,55.621931859602114
144,198,24.27134094995917,55.769348295583384
909,1323,24.175578183471433,55.552544154723066
174,1030,24.192384457336875,55.86581412666814
480,250,24.35,55.7236070944655
124,1310,24.29192655786484,55.81098827905352
708,1261,24.157173092448563,55.661797199174856
388,121,24.216890675996698,55.9
234,664,24.176682744280335,55.673432162791606
39,1251,24.242278318269637,55.75019101920277
206,861,24.139652228214054,55.70921311288364
177,527,24.249904897870113,55.73314055546166
91,1027,24.246450549603207,55.71186385741759
974,1065,24.297762152623203,55.85645205341684
694,262,24.23129648387426,55.84860373130968
324,1498,24.181922469975966,55.80543453869148
576,270,24.079460237303845,55.76398775420805
444,511,24.34567027757351,55.86843815165812
774,1013,24.234391713467424,55.66967862310761
711,464,24.138806956447542,55.63040618961176
97,193,24.323061664111187,55.58970398436887
397,843,24.278172123096997,55.56045931456136
169,744,24.334779142422946,55.56974082711118
148,523,24.07,55.74564563074397
103,681,24.232333909097264,55.7157402961383
459,1270,24.32306643686122,55.883661022510445
912,833,24.07,55.9
134,911,24.254493384612367,55.735972636202696
766,1123,24.16129272886534,55.86261770927909
726,1399,24.19481966187579,55.852131955614524
313,398,24.225771894037305,55.68028267192029
208,6,24.26418492804033,55.671477495260596
546,961,24.195550376500304,55.6394523261908
493,743,24.245108717257633,55.690870640838654
105,1202,24.25476277017861,55.60690653738765
451,755,24.21168093462849,55.9
122,1093,24.15312164356848,55.69509533661899
180,1139,24.35,55.73069205777136
139,1483,24.284332024203593,55.82134878785783
197,1130,24.217464473234898,55.647633611991665
750,1340,24.138090182522273,55.83119051345314
979,818,24.298440565913793,55.81069713608442
322,1208,24.10311141296548,55.56723718704784
439,234,24.290165596927256,55.88666022829904
805,627,24.31342158799963,55.86847768375916
796,1278,24.212677792049877,55.726302922787355
796,1466,24.205233689236138,55.74440954223834
883,1064,24.2728427723939,55.6197209042072
511,235,24.165069816036,55.79721009319335
136,1192,24.229824633282895,55.66143175759281
687,616,24.14537652853883,55.83271193792951
607,818,24.29567050191923,55.804081738178276
741,1142,24.12412334176468,55.69078775539234
658,1488,24.33045189895167,55.57072172714954
264,153,24.110359992017795,55.864385154465914
957,1190,24.255955263035652,55.833611980225356
480,399,24.310273923550128,55.74345449667381
53,23,24.15998928094827,55.587480493836196
958,744,24.35,55.63695896181181
947,1084,24.252530810321073,55.67759753840212
757,939,24.1937729366855,55.7348238363739
753,1204,24.19372186138738,55.83509777420787
93,1268,24.18616823368249,55.661397531283306
72,1431,24.148678897838874,55.68121960876373
815,68,24.234449337644683,55.9
859,820,24.273944650187644,55.877127336427634
278,1454,24.187706862711643,55.701088218027046
805,849,24.323365191968936,55.891334244781035
480,1316,24.308928592936688,55.725928230266625
688,742,24.07,55.858375372428114
886,588,24.229199459418826,55.83594423930183
845,1326,24.258187054525486,55.593928112284736
937,331,24.116454724264347,55.80275309646971
717,506,24.135363227722557,55.860037261309465
226,345,24.215380822413824,55.55
951,106,24.307660342677078,55.81950363013752
845,481,24.292641208002664,55.58929277007852
51,46,24.159755926735325,55.78101172727302
324,1443,24.1805648727287,55.83143786004063
3,1292,24.07,55.66123648095066
91,218,24.231172171325127,55.732881890400684
333,945,24.30715521524691,55.55
258,1129,24.07,55.65091758873497
958,91,24.338207965396766,55.58720317790863
351,414,24.098555383532677,55.9
278,99,24.143402119674448,55.664633881892186
598,227,24.273300447874487,55.55051470207611
14,1055,24.30088317488123,55.57780358943748
89,236,24.293608338818746,55.83474062105276
980,203,24.206404253654778,55.76880079874959
177,450,24.269332115518978,55.683247379535565
957,1424,24.272638798987753,55.82865646254767
372,93,24.096163494540814,55.55
34,25,24.182109393395027,55.84474692087064
150,1092,24.18502006705975,55.75437679712655
932,1035,24.316172872216832,55.86689988015114
40,127,24.234994177701445,55.83305484858579
811,13,24.276845423652887,55.669013238396055
364,946,24.14478477407443,55.73306151201382
505,1153,24.184920275241904,55.82573973089029
612,351,24.260439342965295,55.84520209515215
60,1382,24.07,55.74205084766072
708,572,24.115532090796975,55.70692293032525
220,255,24.084540261087334,55.859960885802046
789,642,24.196394471538373,55.83976549439992
248,58,24.100734721523207,55.67701131824886
862,232,24.07,55.73703270415434
448,898,24.128679309229007,55.723749665044075
568,290,24.27544185394119,55.7102097741514
597,563,24.199914441378088,55.72256605952562
823,585,24.278673223568553,55.74735345949082
932,236,24.285657617556417,55.84495306066948
686,1438,24.19468574820598,55.708452653501205
984,523,24.07,55.70464343004577
163,219,24.318159128569988,55.62694634663848
337,673,24.07876036348129,55.63545290629444
63,758,24.341850426504358,55.55
645,73,24.092436109430963,55.834025944173774
146,943,24.127218732136853,55.78444880044188
358,233,24.174582302982596,55.87413574677315
133,1050,24.09012716851197,55.9
293,39,24.26148244621242,55.9
177,395,24.256324824997748,55.67079499389934
737,203,24.193537202099712,55.762594431770204
357,539,24.099763743831584,55.64112558697721
492,183,24.07,55.555292121122
861,1135,24.1535311438394,55.648046337895785
770,1335,24.101835079824376,55.63738389371209
100,1151,24.18293037034995,55.749551408799086
292,387,24.139629024211104,55.55069130948745
616,424,24.099363405160496,55.71949454650749
200,629,24.264470640216512,55.60638235081007
0,1234,24.35,55.804088201425095
960,461,24.182635323739287,55.80578394884834
324,1058,24.17987630184196,55.80418366927333
223,309,24.106067299346286,55.63297274232176
837,468,24.340417549543105,55.60037347124602
490,340,24.23874858583428,55.775764142024656
505,159,24.138758471373038,55.8288101726056
534,1049,24.26653319803274,55.60810698313239
494,351,24.216285667181552,55.87183386634217
85,1010,24.117362551923772,55.62329319418752
717,544,24.09541526940046,55.834145136991495
373,33,24.244512951688293,55.69521607695816
649,866,24.165138197388213,55.80572277706936
669,515,24.286997243396115,55.665002801610605
427,1391,24.235767325818124,55.72421926248265
653,292,24.208509554214633,55.86718052482021
278,113,24.161492599871647,55.70359072440947
73,1463,24.35,55.761620042926005
931,647,24.160074357980264,55.82412014627527
511,1340,24.137259834508658,55.84701846685332
800,8,24.28300942460818,55.70705987743057
342,1180,24.08786352907686,55.743621828928816
707,149,24.133336505464964,55.60456624517349
186,982,24.115607995176013,55.69737673138574
134,167,24.239374564663123,55.76146368119628
508,280,24.134618192799092,55.581671780833936
921,248,24.07,55.83686742614629
466,1358,24.09481817085527,55.6864210835435
800,1182,24.257907338313522,55.70324475468359
464,876,24.15642513459818,55.74261704102286
121,186,24.3155999705399,55.6034663215588
535,381,24.120550611083463,55.55768350172943
674,408,24.236202269367507,55.84085222355275
861,530,24.188720389783803,55.62351036087924
646,1197,24.20477109194836,55.75543452168361
619,59,24.179794134077092,55.734435941165856
727,506,24.16030709479362,55.83512935471611
676,294,24.334807062616207,55.81711154149945
237,209,24.071113864644705,55.69251406949893
204,200,24.07,55.85471203232858
570,486,24.305495562975388,55.8466558470584
28,352,24.166634566497,55.68361764333982
776,439,24.304759753878226,55.64755516255966
401,312,24.257447084853762,55.57825554613817
14,624,24.30545905755268,55.58357843235921
74,1375,24.292607869125423,55.654992909708426
717,333,24.08062065924385,55.86980302049217
972,1336,24.31055323877264,55.64560104948217
479,608,24.250566396464038,55.832907010903604
438,519,24.31444247606461,55.55
590,382,24.077285728586187,55.65928186286774
666,1218,24.117580000624415,55.68309575152602
338,27,24.143118079961862,55.75791488625886
224,874,24.168695606984524,55.75124821629775
166,1056,24.35,55.61245626629392
261,938,24.35,55.62004608305576
374,610,24.08192801591122,55.899901878444425
267,325,24.115874590240715,55.78966596157701
386,720,24.212795472206256,55.71826172108899
414,1367,24.252297988151927,55.7061190047649
867,650,24.262425381141693,55.62703471416724
119,1132,24.29072102204898,55.9
160,708,24.10254873578259,55.82558107827098
333,1055,24.347919393357788,55.59997910891258
464,929,24.110612324157074,55.75569550343048
677,121,24.221817963962284,55.837498859343434
106,621,24.200181414698406,55.70385337015496
898,193,24.302302040219246,55.65829695400962
951,694,24.324934999955744,55.822140658103656
786,1159,24.32462855973485,55.77447567130131
708,99,24.075873984104614,55.664097395077775
145,1478,24.262540758256502,55.9
8,581,24.267866997454572,55.8753089532377
427,1296,24.206716378956646,55.68759340695531
947,1376,24.28945072554961,55.632120313075006
197,667,24.205098328059577,55.65643492286441
803,710,24.230294758578747,55.89556937589745
525,682,24.07,55.5547240090098
745,730,24.243280228703913,55.608374756458446
181,939,24.18768699664417,55.79971000265566
727,30,24.116891562174832,55.831945061419034
929,54,24.249524531594684,55.55
687,336,24.148391995223133,55.83575066892712
315,860,24.17855752307757,55.67473912820818
878,208,24.108868786473145,55.79488704611144
877,633,24.15196365085886,55.85903195551782
93,934,24.233387663765658,55.706568220767224
60,773,24.07,55.74375552518063
91,780,24.20188427420276,55.698545778538474
929,1173,24.288878880709035,55.55
240,1260,24.200743712370617,55.78910831487456
103,283,24.24131986275071,55.758601759033695
69,380,24.35,55.75708885920024
3,472,24.07,55.6263604152001
309,195,24.07,55.5717574610301
79,183,24.07,55.55
568,1060,24.230342607566417,55.69364443646351
453,1235,24.122722967895893,55.852316447769745
44,1479,24.26458466934767,55.8591219993426
128,975,24.322706579714577,55.682885298851794
397,1491,24.296900223948015,55.58288360719152
602,769,24.131389723120762,55.7260590683467
570,135,24.323130380693303,55.88317451666363
124,608,24.2874714717926,55.86050658093574
898,1226,24.292046405812854,55.61258580483464
205,1283,24.081684509517668,55.554211144284984
237,576,24.07,55.67329962295745
457,865,24.14109269904146,55.579223047355995
91,1138,24.228538740538156,55.69683326976795
633,1034,24.11217558202373,55.662186785585774
825,820,24.334654736039028,55.824883152005576
259,1235,24.145521204528656,55.9
950,544,24.127548650865666,55.862015848677096
135,136,24.282062888152105,55.735250533087736
774,56,24.18691441355068,55.71829568591636
887,1034,24.07,55.66030578747647
524,319,24.21147939696597,55.81481858155905
763,291,24.290045424108953,55.64764726824786
261,313,24.310271898071864,55.57181877861339
797,1058,24.20289063121464,55.77285872750479
630,781,24.087491746467574,55.59795028080732
950,61,24.08845308954068,55.9
388,489,24.235276756271308,55.86701561834184
948,322,24.35,55.77183323425873
63,91,24.35,55.58834533117867
644,398,24.251879786918256,55.69101356049763
665,950,24.302644923259116,55.827209565892076
658,717,24.337845236799176,55.55
39,1353,24.285463034640483,55.79245991934198
769,1071,24.128102003059333,55.80544098918222
467,462,24.20365458086381,55.87585083283154
7,443,24.10852907422506,55.67141879138563
318,1373,24.201390252311022,55.685522232941544
456,281,24.236445129971905,55.86115051686687
596,1334,24.156033483185354,55.658887024744885
187,1162,24.247974135921588,55.63608205128783
129,905,24.124424050680418,55.808461927853166
528,1121,24.20519144702219,55.63828052366019
156,1066,24.137461254290958,55.85397401627512
620,1204,24.153490788383667,55.9
416,580,24.166278263929684,55.56518734081108
167,667,24.172197812137302,55.63538798148219
823,391,24.26204297053975,55.752827735595
510,1347,24.117975658129655,55.800122302856906
53,1017,24.162085831942246,55.61337757942321
167,1427,24.149709146087407,55.5920673803315
889,1162,24.279864225238672,55.62937239087257
28,1432,24.174948440338582,55.6481125824487
845,952,24.242711853247425,55.603435489406415
989,590,24.160373810992564,55.65717162274371
181,803,24.227973995391583,55.789583346629925
823,1263,24.30518062874061,55.74413446169561
720,206,24.307349509190576,55.84282619566326
750,902,24.164233465105266,55.85453012844667
810,645,24.239501148920493,55.793168109012306
121,926,24.339722532233257,55.621826147934776
414,607,24.289487618029955,55.72413794685281
98,1366,24.15531450690671,55.77535203350163
268,1421,24.116046738002655,55.55
596,45,24.156109693263645,55.69037722311966
384,1445,24.294388517060728,55.9
41,573,24.211471568117904,55.81810201515545
55,929,24.145462343974664,55.69886364432658
717,1003,24.07,55.89065702821853
987,26,24.233040788962366,55.83810886772468
456,351,24.237950359617606,55.823618219818876
984,1078,24.074205449991226,55.67144569149015
223,466,24.084975584133534,55.65339737253393
290,355,24.07,55.5858821625728
223,1017,24.13403001756661,55.634679990227475
717,101,24.07,55.9
492,714,24.114179880910836,55.590609121154415
488,631,24.13224381194846,55.65507345426907
41,1446,24.222938365811967,55.77641437283081
292,149,24.11046682536857,55.600134387764356
534,515,24.23122846936007,55.64508558931073
531,1405,24.297346986184035,55.7893818574595
805,625,24.337395008383307,55.9
934,1317,24.348427642010993,55.73515110382893
50,509,24.35,55.6744079960714
248,1394,24.081116989426178,55.704720374227136
620,266,24.201261892779886,55.9
879,743,24.254604737836488,55.71842991467898
470,321,24.119959580210274,55.7334379738118
358,506,24.199552354289576,55.9
474,108,24.316385478863708,55.69126774556002
293,409,24.2246736327384,55.88419821673543
761,1281,24.153957362203247,55.652128859001365
541,252,24.18822770044705,55.874193172286276
484,1497,24.2619342671228,55.63593909527057
825,627,24.34323559689187,55.82079461485958
368,1483,24.242771901066185,55.804118318623516
258,228,24.075390437607616,55.66642164999462
777,1218,24.106992163723163,55.67021089715986
508,827,24.168889903818393,55.55355508320373
177,177,24.219035764492748,55.663280069624506
788,783,24.141342476656842,55.86373099918414
954,17,24.21553738863152,55.75461882539761
631,990,24.29439886767096,55.57577531314822
493,595,24.262613685379968,55.69009724978483
419,1296,24.230950520269968,55.672209386317235
796,1160,24.220481088500225,55.79403830941427
545,140,24.07252903759625,55.81134157547033
702,968,24.17250118916052,55.746804617644486
842,502,24.17324395234506,55.664718348401756
210,891,24.21517721107878,55.6697542833151
100,1316,24.227478108590695,55.75754390959579
313,636,24.21837992486137,55.70336600350989
41,512,24.177604280494183,55.77221653851144
224,1164,24.195394458546982,55.78162813787322
67,860,24.197574964082758,55.63873355746417
663,1034,24.105542804594055,55.59292096349412
102,888,24.26083710586073,55.75337103827207
428,55,24.28511304386487,55.68106064996428
103,342,24.20012941597474,55.709974043160315
1,875,24.251362929198493,55.58146224172184
63,843,24.310989190093228,55.573150131732
229,283,24.266752853013873,55.76830621316487
329,1494,24.21144021258332,55.81908808574498
739,178,24.256450974561027,55.82901815089436
51,301,24.195585898512515,55.738432940104325
398,1358,24.08707977678505,55.65274998560451
932,1244,24.312385548009406,55.82946139342795
798,707,24.16654193317954,55.72588252066644
7,831,24.084826114476975,55.674479133188264
206,1078,24.10800798878963,55.70243526419538
767,1398,24.322409454996293,55.5761404329754
412,228,24.095234367163386,55.71495516389658
953,797,24.245023445642435,55.818937839278846
74,388,24.25692364392587,55.61017942569572
161,654,24.22141771302105,55.58964188371374
428,509,24.318992862540473,55.71101718710946
957,206,24.301611302192317,55.84536288856783
919,818,24.284123426526705,55.809004678845966
712,1037,24.326392027190398,55.73484765960611
947,732,24.298202829294798,55.60590614810103
694,1325,24.273626453999412,55.79989361363738
268,245,24.141193136377165,55.55
579,1274,24.208043357782557,55.61331226098424
919,412,24.306897223570587,55.78147117571946
586,131,24.225238668391302,55.88323650700896
224,1182,24.237629630551165,55.75853443368504
57,763,24.15969038997667,55.87076007779722
962,1146,24.314221197939272,55.88352677375312
633,1418,24.134441835455693,55.65357919206367
643,118,24.135127488199387,55.75319095639031
712,1158,24.35,55.77605539551943
84,845,24.17296647162588,55.7643301247112
205,245,24.087627113616286,55.55794605996337
947,552,24.259755193124093,55.575352123983784
815,927,24.273393723482027,55.87429507114218
552,660,24.272451878392143,55.73076370374187
35,1021,24.125244125304175,55.802721407120316
14,749,24.322032415812526,55.59275933950735
745,1076,24.234941621491004,55.59375925961554
590,362,24.070586874661366,55.622092635948796
750,1168,24.173662475865846,55.81474898525234
474,322,24.324484503174105,55.734532282101334
428,634,24.344052456055135,55.68028805463822
517,562,24.14755811322985,55.81984688272354
267,943,24.08737109362284,55.74571596334074
645,311,24.141837042468246,55.882468526096694
206,405,24.14807073338828,55.71173261462092
948,295,24.301919797577057,55.787342931908725
115,539,24.07,55.610808978378735
665,1117,24.306150771445466,55.8708152403665
929,317,24.25326311187947,55.55828500440334
879,1263,24.28631978887002,55.7235537014231
846,132,24.078675663134227,55.87767443765041
50,96,24.338390117041808,55.689696939676416
135,1251,24.286910925036434,55.77058492230045
912,1467,24.07,55.9
850,455,24.18935731296674,55.81080025175847
144,1460,24.265296916065303,55.777295884285074
312,318,24.07,55.57468988242085
69,582,24.347885170741975,55.71562444919843
579,916,24.225735810739735,55.61879825422813
692,846,24.348083535494414,55.800764920676386
412,929,24.122952728476726,55.722733845275584
677,1498,24.205292078913487,55.80297056072699
699,1148,24.236013069354424,55.805760645967716
59,1130,24.169509536019543,55.63654306131782
309,1106,24.07,55.60380977795255
285,1469,24.153940719763973,55.67018373065164
294,1100,24.35,55.84788615997595
669,395,24.263491275361602,55.63011954355355
789,1494,24.229417233938815,55.840913090408435
60,79,24.07,55.72376427262324
166,1491,24.35,55.572807935067175
442,1031,24.33109216669917,55.55
883,442,24.29938655332382,55.66026457418174
724,1076,24.24992999980237,55.63714052437761
641,1203,24.33887043330531,55.62638505351649
313,819,24.201136719020177,55.696111966192866
155,1459,24.168012833681367,55.56245111244855
187,709,24.296263956509765,55.66984919214639
666,385,24.11564607477243,55.67987932932587
145,1348,24.217992148364665,55.88333837930087
541,772,24.14866433546259,55.85843507473241
276,1307,24.337925014764636,55.586438548779654
954,63,24.204098749294133,55.75277239409742
205,1217,24.10788698933413,55.6021380958712
210,1465,24.25999733180725,55.69517061548772
191,992,24.10097722699357,55.76743535506043
50,1355,24.35,55.726163507799825
954,463,24.192310426641757,55.7985567159935
968,1463,24.337677982861184,55.74632522241612
716,883,24.32911918347095,55.59611467555768
294,347,24.317822247640148,55.82454813839955
13,878,24.1778097827692,55.87062882325908
403,168,24.139480734501877,55.633964358015845
357,267,24.1417922313997,55.67278864660267
598,862,24.253262296157875,55.56629092467901
752,976,24.26013851879551,55.7278276983311
225,1437,24.298263555787255,55.9
150,26,24.20983935390119,55.76574137131381
369,426,24.2011080165252,55.9
432,605,24.076015568845737,55.70820448726104
285,1120,24.146124081257433,55.699567853141765
50,814,24.35,55.701597865071
873,334,24.317821615645226,55.65280712747999
524,461,24.171505566626443,55.863305851463295
548,50,24.35,55.63565864090522
457,897,24.10302719437421,55.55
663,413,24.100944024120313,55.61908568601232
979,846,24.272083347668946,55.79925551908837
267,220,24.125859931706884,55.728011531491894
611,160,24.10517669340193,55.800798910596605
953,1110,24.29075004437279,55.773038002190646
694,319,24.248915866327817,55.780716791732246
968,516,24.308520018350958,55.72703703222907
89,770,24.30894678560635,55.802347092441174
655,1341,24.203369406142535,55.7050065171295
708,597,24.091831918974997,55.7112526114999
285,563,24.173893165004827,55.73950011620145
986,128,24.22199618421919,55.60404028432834
668,371,24.21166926933941,55.87394674542435
98,1498,24.19549684580427,55.735174700784604
915,1488,24.29960358808531,55.55
894,597,24.08109253269824,55.67923017375757
962,912,24.30195763336134,55.88481165990614
40,724,24.194391359727142,55.82334680016944
921,384,24.116048814186126,55.79044088752906
566,739,24.233655013541018,55.5872506037541
829,1136,24.280009824675215,55.743434434206925
372,1413,24.07,55.55289985181027
105,731,24.232803260438505,55.57223742376483
580,1341,24.195484033052665,55.7287853944918
932,627,24.34802400380613,55.841076179449175
366,1274,24.203872502918387,55.625837577517956
948,754,24.27603353276412,55.775461652231535
794,920,24.07,55.81118254152233
436,336,24.11883847665333,55.9
957,1325,24.282964472759396,55.85962141896747
40,954,24.187031182220228,55.84757210105544
3,1057,24.103490747777766,55.59521180399802
730,1017,24.16212283820419,55.661644143603425
752,14,24.270932701716855,55.67875869244614
997,345,24.188371301051713,55.55
635,1409,24.295101936551667,55.85852445860322
566,1127,24.243888060177202,55.605673416959114
554,776,24.16744671991467,55.606417437099964
873,156,24.299780566830812,55.67252322317312
651,252,24.208884297881948,55.831862698864576
322,492,24.07338233722923,55.58789034168573
951,148,24.32267986188373,55.80363302559905
167,917,24.124907414343955,55.57994642058817
887,1225,24.07,55.622972761174026
763,899,24.2892496954406,55.64280016939705
327,581,24.218068078014753,55.899257268097706
13,719,24.22184577812256,55.82713348705101
30,375,24.193203705087157,55.76217661716223
903,448,24.11848601924057,55.75545394084033
726,914,24.218391430981587,55.88447639246547
419,1343,24.26229821252879,55.706133610491264
687,163,24.191951864089216,55.87319043410767
731,1122,24.14206077590714,55.593900250039596
488,1213,24.09724094712083,55.69911950450875
436,432,24.12499139297521,55.9
596,1288,24.20590141527413,55.70419494495531
259,670,24.112092486200932,55.88880198641834
894,492,24.088771772091018,55.63756756237176
962,1025,24.257292390941085,55.9
181,134,24.23789288098696,55.75874828143405
432,1184,24.07,55.714727676526195
859,922,24.237318961550656,55.85339475094567
364,329,24.12262845908526,55.77962306760083
167,1225,24.091837070116384,55.596041239571434
429,1147,24.127598637228246,55.805937247821774
505,336,24.11985318237293,55.87261780314157
131,131,24.217285094288272,55.7998614605428
408,370,24.32675247213592,55.7255683009212
294,532,24.320415723592102,55.79895629466859
383,719,24.273050709038344,55.80543155509902
399,955,24.25898184672377,55.7049004760947
580,428,24.15052444430999,55.77641424902821
653,1164,24.22075476745341,55.83606536950493
225,246,24.29413795294484,55.9
759,331,24.084870927944188,55.78211763147255
527,1272,24.14414902819001,55.56059574653531
534,1166,24.267943166511895,55.68439836576519
619,179,24.133674779591985,55.76654839551814
187,423,24.34521041822032,55.622512864561436
69,689,24.35,55.763885555992076
398,448,24.09817774767371,55.67658677680923
30,791,24.21320968285156,55.73131648778989
121,1031,24.35,55.62535193946505
883,1336,24.284277126963396,55.701759085131
37,312,24.277667107435082,55.59438943895027
511,562,24.16417041054503,55.81459290802913
333,3,24.301310649601454,55.63943636685684
285,1198,24.169465959546496,55.7660420280093
113,150,24.218961790544128,55.68740668470438
469,301,24.22224915805406,55.692722036782364
767,519,24.304650835447895,55.55
562,467,24.1862776427842,55.9
846,674,24.110394816560266,55.9
208,873,24.27824260695528,55.68536317688867
626,941,24.07,55.603587494107906
676,863,24.31567523137583,55.78283330500524
999,1300,24.118234123734716,55.79971558606606
160,384,24.134824138769144,55.78192721303968
776,1016,24.291138237028782,55.65766825677702
656,531,24.182594808822138,55.607511078536184
12,1451,24.21005524012366,55.57998548562445
119,1096,24.332578100422165,55.898145376183436
828,548,24.07,55.678130521776666
86,592,24.17113281857132,55.9
166,1474,24.35,55.55
182,196,24.248746978411315,55.64785323161554
928,689,24.339121584705197,55.77238576594487
730,982,24.124816063608197,55.70149644878824
327,192,24.25625563222475,55.881523305907336
818,1089,24.188672629288767,55.600779389954766
568,995,24.23348417309324,55.68442529562655
686,836,24.171291084653927,55.67346832701557
638,596,24.1137583104059,55.83985578980538
745,298,24.26324684538973,55.589126992857125
72,180,24.165235372399966,55.675375003056025
643,1471,24.175615524390246,55.710294760801574
14,574,24.35,55.58639805757846
224,323,24.235018581369022,55.78359671538421
96,113,24.137691685130854,55.765374027743114
416,695,24.11872441069409,55.59340028255862
206,499,24.11524364161453,55.75053368032982
501,204,24.116537373389562,55.712879809450016
958,28,24.324181044439374,55.57673170887931
143,413,24.16393889926816,55.624104003707075
192,261,24.095796810620914,55.71543075434732
135,326,24.252302936447492,55.81293299052898
563,256,24.153862565814674,55.55
131,878,24.17094214892606,55.81580803312271
362,367,24.07,55.9
131,198,24.218326551750653,55.77169312835392
163,570,24.35,55.622713729564296
973,502,24.206267632286828,55.70011103080846
108,118,24.142679922302392,55.71739285893437
211,465,24.135929293504198,55.818280510932716
568,1357,24.216938749412463,55.70911127045614
651,1360,24.2427983065896,55.84176716694185
867,775,24.269376161334474,55.64110987658451
716,669,24.29480666465515,55.58819082094803
803,371,24.200983776412997,55.89783852638403
314,1258,24.170442898411483,55.63842194064692
750,687,24.174219889560764,55.77173133446037
641,1016,24.35,55.66388832799069
565,932,24.07,55.60095236048359
198,66,24.19992844423217,55.66953216135141
541,763,24.153614318485044,55.89704733414657
548,796,24.308192527770757,55.59832111114534
762,915,24.312957990129988,55.79573796609373
616,228,24.11692139757769,55.681019397377135
862,665,24.07,55.783135513195894
989,1134,24.112460053397484,55.64436482805597
689,853,24.143572327064724,55.781447016570056
568,882,24.236305566153533,55.6793583705322
156,841,24.114018592470604,55.80864478615173
520,300,24.2206003149168,55.61526087730879
583,975,24.35,55.68639499933381
558,239,24.07,55.63042668190166
845,809,24.274898402544157,55.607998442142836
646,931,24.2232898901531,55.77117024429071
528,614,24.206888662023083,55.680998136715395
314,110,24.21565673873154,55.6500335437309
372,556,24.11410698888934,55.59588635974951
557,937,24.18969434180483,55.75561808639334
39,178,24.258263702606072,55.79922714234608
106,1155,24.209537281748606,55.75170442082397
835,1012,24.154873455492435,55.65146542198837
767,644,24.35,55.55
879,873,24.26629918743491,55.68473541465745
143,1099,24.12080657723739,55.610808622105345
127,1373,24.152260290983218,55.71277753722447
983,239,24.07,55.58094978669597
177,0,24.205736475351724,55.63749229266336
682,35,24.091436673253224,55.68696079542267
85,1335,24.11119309965093,55.586207836958295
552,6,24.306700938022594,55.6854543595523
338,708,24.136090096011333,55.80183617177194
366,510,24.192722182658482,55.62776746647118
0,1115,24.35,55.811542643118436
582,929,24.170549795433114,55.71098860299661
9,1451,24.17417451703048,55.59860182923629
811,279,24.231999220577546,55.66748087490584
370,100,24.1572748031229,55.87588133819426
635,1234,24.325224003839452,55.84218339737559
299,1229,24.323509670525215,55.63695430200858
63,9,24.282001472828416,55.59669014092797
438,423,24.35,55.583299224621285
72,969,24.212350728806488,55.695498582843186
150,876,24.167528966368753,55.72683239063879
374,132,24.07,55.9
879,858,24.304703845341557,55.72417774646843
51,512,24.149308138004052,55.785446516397826
729,586,24.30236641866382,55.88779654099886
677,175,24.19164659845947,55.84379414848564
964,1223,24.072795415887718,55.767533523744504
800,1380,24.278067742664252,55.74318239123795
231,1362,24.25746563389871,55.59406548952814
108,979,24.136161677178215,55.75635655282297
89,1310,24.294265520802774,55.777681277158926
749,723,24.35,55.61206729960747
639,563,24.175776298860193,55.73778095193834
383,547,24.304135652352176,55.76276126284953
492,631,24.12302919487503,55.640082221728704
210,370,24.28369224193787,55.74031980074502
909,1098,24.223908598019854,55.55
294,1460,24.27330169813606,55.828868602250886
947,1384,24.22737065606515,55.59796901024017
574,816,24.35,55.87303285768584
79,1171,24.09075441214869,55.5901914268496
384,625,24.32609541308919,55.875522041227654
668,48,24.24279925306325,55.86346767559404
934,1485,24.35,55.722240815480944
565,16,24.07,55.59539800420036
145,341,24.239686961245468,55.9
593,404,24.347708302758434,55.873355814570374
191,113,24.119611637179624,55.74395992304243
883,1415,24.3165056167645,55.72018199781545
536,297,24.20392367648133,55.66872863798527
674,31,24.243321175834524,55.798775731433686
40,432,24.152310762953473,55.855431340617635
279,143,24.18790520413338,55.63778728368077
60,605,24.07,55.70342185493357
473,43,24.07,55.78461748923743
881,901,24.161618781827347,55.9
700,1019,24.18474051442002,55.85278663400822
385,1116,24.14675974342951,55.802708075669294
986,11,24.269688891526435,55.613108016629894
972,688,24.331864970534337,55.62635761384101
376,463,24.200845132215235,55.73235870011483
986,1206,24.30069660559825,55.56763654595226
937,437,24.078701264654114,55.77812740990508
54,1130,24.20523221617924,55.655136158726336
665,20,24.346269054014446,55.9
912,1492,24.07,55.862781768293516
105,114,24.245928625110153,55.61912784126642
791,272,24.33373716396582,55.885944079317554
688,1124,24.07,55.8809155231873
825,1353,24.35,55.774693363213615
823,863,24.32259419130712,55.73977244076788
536,434,24.177374791642244,55.62980623368994
646,1236,24.24024294988339,55.74160796697672
586,409,24.196063915906187,55.9
894,854,24.104180630093047,55.61678369522051
136,1469,24.184640809831922,55.67559963023815
433,891,24.180798228654762,55.712803998634215
373,1391,24.24532685731457,55.73184090327568
743,1019,24.164707128705807,55.79869119240526
115,1413,24.09450679290484,55.61994632558298
293,163,24.24004614061089,55.9
928,811,24.35,55.74077405608535
210,470,24.309078193932883,55.76216518472718
487,595,24.28009480518298,55.689763454364936
469,1182,24.25538702504645,55.71555544581206
932,649,24.35,55.85901206648045
774,860,24.20865154228376,55.68512371753016
304,1425,24.288172022773498,55.7021421407358
769,1407,24.173257402603234,55.82070905047401
144,1053,24.311052718084053,55.75217940608079
880,1167,24.126760954605643,55.73593835866579
453,1243,24.10043321568565,55.86130714356037
181,645,24.192093773600355,55.79797505531187
383,1346,24.285381103482425,55.71521775156488
338,1114,24.093811850168763,55.782629698893196
436,282,24.15593260973922,55.897359802036966
24,1449,24.1385634541979,55.64323085576393
811,1482,24.2369013044807,55.62262451456945
13,1372,24.220146711997554,55.81090659749026
351,418,24.14620614948645,55.9
563,184,24.178648385649097,55.55
818,1209,24.139655722626664,55.56590308255035
958,688,24.335943481253285,55.56155476511131
533,604,24.346627068727454,55.778923919345985
115,387,24.11746414873346,55.61288831209418
372,924,24.118173415506547,55.62862668962197
984,209,24.073666860407833,55.63087899473288
964,270,24.109253016537203,55.77206413473581
191,1347,24.128986523835923,55.76561937644178
226,24,24.207604352659104,55.55
878,790,24.138288014958306,55.8417458083605
316,266,24.24003605338748,55.882463068131315
344,728,24.176487859420607,55.61094774038485
225,528,24.279612001505097,55.86505824902932
50,653,24.340271894621686,55.722532572135215
472,1254,24.162653607018882,55.6764915976392
419,890,24.257856397357127,55.66321273224575
496,8,24.24849989692646,55.7742295732265
797,696,24.200097439314693,55.73042491511135
206,1228,24.096841418498904,55.735202870698245
54,425,24.167360744661025,55.65984376301986
427,97,24.20850499207548,55.71666267279071
772,970,24.27630063151284,55.9
315,220,24.12861647056015,55.71235984915888
493,1282,24.23846771855383,55.712410437559186
51,1339,24.13640633340228,55.75169839648866
518,1277,24.1507754285445,55.827031751522235
751,1030,24.19488130310852,55.86851347447485
210,1463,24.301251501562856,55.75213975033343
598,730,24.269039576561134,55.55
798,215,24.208871331099143,55.7048035936714
954,676,24.159193311346204,55.771896954108215
950,255,24.117591709853695,55.86082747794033
414,656,24.265599137874123,55.70322243680033
883,872,24.34457795824573,55.678342466771156
0,1032,24.35,55.80687031324078
928,485,24.35,55.746524342065065
342,571,24.132447227723862,55.74114745435515
566,1090,24.282858094325952,55.63006582217095
169,186,24.328100645680372,55.5964472138835
968,189,24.346488351811832,55.69817857685113
467,68,24.21274896892907,55.8905707791651
383,354,24.25121008121001,55.757357634495
947,1219,24.218685008060014,55.554540418228214
554,621,24.20464092226728,55.654858041298446
879,1148,24.258763923681485,55.76974512768918
903,43,24.086523359428835,55.75558099026945
192,1002,24.107564358652002,55.701929688872035
600,1163,24.204936431516362,55.594099211763286
457,714,24.07,55.55
840,25,24.158663460555534,55.810195725148205
314,352,24.167796580137846,55.68906206860425
869,351,24.197238127119608,55.833753582553435
755,655,24.080341722719833,55.72865752065726
426,369,24.079225379840192,55.72433364741982
96,123,24.105326387091303,55.78988938332745
994,988,24.234679646722018,55.831726189569494
457,941,24.08112236078726,55.56711062086451
898,1242,24.30993240125514,55.62213318010928
776,1404,24.31697073874762,55.665626580490404
397,1322,24.3321099329756,55.57378088199544
370,1327,24.171952704272524,55.879036063546074
987,295,24.262054624003504,55.795924308267885
744,539,24.110470773464456,55.58466199028706
548,1203,24.35,55.5754421317662
122,1332,24.110342310025853,55.67990365851632
973,1079,24.215119907552957,55.6980995453713
127,1232,24.151101096263698,55.750661821567775
347,693,24.10159898737502,55.78208349649389
12,401,24.20057863043202,55.6236734218202
231,388,24.240831036628297,55.61337651351976
37,802,24.258072787316763,55.6307493226082
304,1061,24.29151987464837,55.689569924267005
517,203,24.18907309526563,55.77807466266276
786,374,24.314605770750788,55.76081443529466
593,1234,24.33109344651078,55.847392187793034
716,241,24.272247348178606,55.61719371419575
568,1334,24.20583280348,55.63933667769276
681,1426,24.30628482733124,55.647444210852505
139,700,24.305950431538992,55.84804913119143
54,1079,24.21523624413972,55.66727289303282
752,33,24.221055116544065,55.64318288398483
726,825,24.248142173108548,55.871963926828876
565,1389,24.115607405421464,55.58751041716764
174,978,24.17642486627434,55.826814614680984
606,1435,24.327468528788643,55.74857059606723
611,1220,24.07,55.798299482821974
285,992,24.15121198390173,55.748820884284115
720,770,24.35,55.83879924775001
726,930,24.268952106243994,55.84613092543555
789,26,24.22292307657153,55.80219583400011
977,1314,24.331305390684044,55.80785633313857
875,254,24.32373131750416,55.809936662661215
593,1179,24.35,55.79854788323963
84,321,24.151508335364685,55.776680883481845
745,429,24.276531669562093,55.589707594651095
205,1017,24.138059650915523,55.6334735707391
210,814,24.32417129539023,55.730351116297086
635,379,24.28753247990593,55.85916284595684
663,1387,24.119957584539012,55.649735085382076
338,619,24.07,55.792707511749036
880,643,24.173108870811834,55.700332930570475
566,883,24.320921352797505,55.6651250877549
55,548,24.096748192845578,55.70179866447315
316,293,24.236718022413392,55.9
278,813,24.161509587626565,55.73229807646814
525,1468,24.07495492543364,55.55
84,435,24.149828665748323,55.8025415829176
514,1316,24.296930329890976,55.71492827300203
800,634,24.280118817318606,55.742068852397146
583,716,24.32321990465023,55.64871593470158
682,1241,24.099630618587344,55.63699067241702
59,190,24.189591683859437,55.674657686908745
259,1312,24.131393264170725,55.9
980,642,24.208553986851918,55.79289291373379
69,1429,24.35,55.722007683918285
133,336,24.10538303240286,55.89433709559439
770,209,24.086306276618153,55.6221562247899
984,1369,24.07,55.6218724873531
234,397,24.202968124673852,55.631184724283166
850,922,24.22388302315295,55.824604675783945
205,1191,24.13626994262111,55.59642163016351
204,1124,24.0700793585839,55.81352732238418
979,31,24.229053490563754,55.816969108533286
727,1293,24.12211986143553,55.85489246425367
768,952,24.251617476415728,55.58344243458274
181,127,24.185848168173802,55.82744477807493
181,1066,24.1485949871297,55.81467403692666
461,1036,24.145216608645566,55.70647460379804
862,181,24.07,55.7834238066614
510,233,24.16449165762242,55.8184259541134
527,29,24.178637537632923,55.55887165121761
558,1184,24.07,55.66936884193858
707,973,24.113529202315814,55.576727112915506
385,208,24.098115926642897,55.84044650112352
875,136,24.33540548615669,55.76452616164427
689,1147,24.167941895011467,55.803831478551025
798,126,24.240820136168836,55.66329053960765
727,1222,24.161249018713523,55.860264041314146
346,1264,24.303229641117635,55.55
546,974,24.155151581653797,55.638261124748894
639,1197,24.160753682156315,55.758001109516
994,820,24.27153175695974,55.82703320316561
894,1389,24.096501768467725,55.61687081447599
279,510,24.149334391335195,55.67141094909044
909,416,24.27238354830605,55.55
208,1095,24.322476610182655,55.70144651242814
177,1451,24.236354368924232,55.61041263327246
720,627,24.35,55.84674243888864
711,1171,24.143041692694055,55.601749838497454
285,1174,24.190686352874884,55.71606197497326
946,1478,24.23943360804932,55.861276040999826
240,1045,24.192278506891693,55.81064592512533
800,1328,24.281973033083855,55.75636818583128
13,740,24.19251631589425,55.78534557036821
983,1369,24.07,55.629742887861084
89,520,24.25453645785935,55.763092576566144
85,171,24.11431232548788,55.55190763252828
768,1049,24.21080126102631,55.626052406619266
338,1140,24.07,55.77335819350649
124,1423,24.281835358041544,55.86387893344176
535,1447,24.106173125265,55.601525419801895
498,121,24.238089475251215,55.84441750312057
655,1083,24.237193962390577,55.734051952286464
657,199,24.260632633656453,55.551479882895684
984,1389,24.086558255503455,55.61874464944718
687,1351,24.18762438340107,55.9
915,739,24.263614597873254,55.55
866,564,24.138890082335777,55.55
148,1273,24.091224371021575,55.73711116701432
554,177,24.175339825285402,55.656377261500786
659,177,24.226819238507087,55.601807254686236
649,676,24.19036325700882,55.78127590480026
177,1302,24.20057944650913,55.639510783833416
394,83,24.135914080935645,55.64538651035538
237,1073,24.07,55.716174826754525
837,1331,24.32643137874537,55.551980098958495
861,852,24.23289244586225,55.591087675899956
845,1162,24.26189449519241,55.634200907985104
822,1086,24.10235156986593,55.7077252387095
82,878,24.194780250598015,55.854211258218136
633,1318,24.093210989357857,55.65187101241512
84,939,24.14973286478599,55.77475865937421
27,1476,24.284648870064075,55.76369761456129
439,1207,24.306503293416906,55.9
602,1469,24.145583566927115,55.717595669781424
321,450,24.274827464425503,55.61782464180951
932,353,24.35,55.86052346814984
336,811,24.305403926376275,55.79429384258647
309,555,24.099536339746347,55.59929506104051
40,901,24.14351254857634,55.87176918860146
626,638,24.07032417597767,55.62826911169972
139,88,24.318369272112758,55.89529673736614
461,932,24.09525005162886,55.660270492030705
215,1056,24.288838934364133,55.66131448310951
150,1373,24.163344979852273,55.748435275456686
677,292,24.239666813564558,55.80331776270345
215,225,24.25316400198703,55.67977356239343
288,1005,24.191286876423717,55.83835556866409
829,134,24.254852117979077,55.73156488299698
749,993,24.35,55.605994870429974
678,173,24.21637340253626,55.654654978897696
553,759,24.30551409312974,55.743242003704495
383,972,24.28305739696401,55.7467245961298
873,789,24.346153047507173,55.72016276109822
439,1234,24.31825879135346,55.886785111638325
805,353,24.34827448848796,55.9
570,617,24.299218675994943,55.88551594445365
494,1464,24.191334301534717,55.9
631,981,24.257000958534682,55.606603584818075
915,231,24.243746534585817,55.56915228458754
174,546,24.144072467881394,55.84700638153898
304,1428,24.248152871698327,55.65045927587206
730,502,24.152818424224268,55.658172037148645
484,671,24.28744791291153,55.62813565106582
443,187,24.141486385358608,55.69510671929921
186,974,24.155554826826602,55.69797052911839
598,476,24.253178554198698,55.55
741,1010,24.15109719761052,55.70683173183614
514,1145,24.287779335017408,55.74969980379609
987,292,24.21616791534038,55.79686549638951
57,491,24.19482832998238,55.88198891076544
177,478,24.21536364259485,55.63670434284561
540,183,24.08937162100485,55.56243664661278
973,1141,24.188649926985605,55.72821080876206
934,1426,24.35,55.68762345252444
976,695,24.103691199378662,55.66183551913928
511,697,24.126835640523527,55.78978709841875
398,810,24.108052091455843,55.69130160396493
751,1312,24.210800399048622,55.89334771705639
707,239,24.0831969524419,55.55
645,175,24.186897858651733,55.878698691413824
842,45,24.15911205275836,55.71355191600373
310,1329,24.15150417539023,55.65717421763615
438,570,24.35,55.621021361378396
89,913,24.299148904218658,55.717847137435946
964,346,24.0913821784793,55.77674619203807
536,309,24.182013172884435,55.638420290793604
770,1272,24.07,55.58450373914536
898,723,24.324450217461642,55.59217241008836
129,583,24.128443759358838,55.84163022320639
4,207,24.10385390153116,55.633840299923165
474,1263,24.312594477351833,55.72055793983545
932,1128,24.319455332619984,55.89854615071037
680,422,24.258278947996487,55.9
412,1433,24.120409783481474,55.71511246813828
53,1487,24.12846710460384,55.60416320929118
30,1130,24.222190001387887,55.683798025146224
371,518,24.16108908546375,55.829302046661915
721,827,24.161984742701172,55.55
546,103,24.1408859633458,55.68693878862715
739,351,24.231768530440018,55.86745067749622
181,829,24.1514335656479,55.84968999191286
904,831,24.07,55.715882779352285
469,1149,24.24209582096464,55.673732515997955
26,378,24.24779841769676,55.715200803086546
584,916,24.24110078930817,55.57722077031147
608,1095,24.30353101080264,55.743299322232374
721,1017,24.161058185289654,55.58918848967158
198,1036,24.18520866180463,55.640278303160734
762,470,24.314616412464154,55.78010949464752
846,367,24.07365611865458,55.859465970575094
44,1042,24.239118698450064,55.84684062553883
412,1002,24.15373462461491,55.68628851939578
174,233,24.147623192981854,55.88180108256892
382,806,24.17427351525819,55.80550111686334
143,1034,24.093177758934445,55.583108465538686
329,354,24.19964408690885,55.77368584131525
682,1427,24.11419394790754,55.66215584369715
44,957,24.221976803810794,55.8158558555459
950,1116,24.149955445404917,55.836798455121176
73,863,24.349579497539654,55.72775550122033
831,1030,24.128186172179973,55.89932016386266
989,1093,24.138518846627342,55.68023448921065
987,17,24.191968833966406,55.77894453103245
699,218,24.252881269236745,55.79224557792275
596,180,24.206158793616382,55.70051205826641
947,980,24.266979786276337,55.5564177380628
496,780,24.201286788119198,55.73664817982277
75,186,24.32169486020384,55.60839659067116
568,1261,24.186113811535677,55.59288927845006
977,584,24.319073807810238,55.84147271765624
259,901,24.116663636636744,55.85504893863319
364,1394,24.089570191921638,55.75760422874814
67,1104,24.213036537054524,55.6107535572114
950,1303,24.181868895473006,55.86398251902663
777,1318,24.151844438547602,55.666346114289034
686,612,24.160805317648638,55.63065333360239
414,603,24.300525342235748,55.73891938622402
337,567,24.07,55.59021019274081
657,893,24.27562572321018,55.55
482,218,24.22517570614328,55.75726551343545
954,813,24.182763122953627,55.75262230255029
541,1303,24.180407791462496,55.9
960,1038,24.16813066894763,55.85304999748082
882,257,24.306203944771,55.59341031517783
191,1223,24.109800193904622,55.79300427556611
867,104,24.305430694705993,55.646019545132845
388,408,24.259840632574193,55.83707015810358
161,363,24.248845839748302,55.552054239261366
82,1406,24.191619500042204,55.898850606322185
611,269,24.09691017996981,55.81184015976423
653,74,24.26983901754256,55.791869591870075
100,194,24.17823044603686,55.79585887129852
861,348,24.197356865674198,55.55
993,231,24.302482925138445,55.57735164225005
392,977,24.182142847691644,55.74469223174897
426,566,24.07,55.68203440988427
63,429,24.28829882205619,55.6220414902835
777,1047,24.118184427952148,55.67292492248642
641,1224,24.32676023811005,55.63378509831186
220,1175,24.07,55.87956108920235
568,330,24.151034762558243,55.583770331341455
182,1302,24.217227712017205,55.690110591583206
44,526,24.266763200334882,55.785528192256564
85,280,24.074768235749094,55.55
490,1298,24.21761734458612,55.80821834256021
775,911,24.310383410314653,55.75979495984083
554,15,24.140975527642777,55.69676568152904
482,915,24.25626084629386,55.753329504074664
441,1184,24.078567854759633,55.66858373776011
886,804,24.23858646540623,55.794259795993014
934,607,24.32321841123061,55.69403359605476
643,729,24.194119315428555,55.694322535842254
280,984,24.34636381227372,55.79692261031844
69,759,24.35,55.742963592604376
386,891,24.171703014048077,55.709442759431816
54,778,24.191869140981357,55.656776953382604
426,1232,24.109273617076717,55.72909760448322
797,968,24.204943173731092,55.745978183639416
98,338,24.171967192964686,55.68889637969792
75,227,24.288178031442857,55.58617494157671
692,1110,24.346643376840245,55.79666848972969
857,165,24.075299050648304,55.598711506109645
566,908,24.33970118142686,55.6726595929588
174,310,24.12776172546029,55.881868156092665
336,1190,24.281039789218468,55.8410301011348
885,410,24.306820468456895,55.73797665104993
553,1280,24.35,55.70006806746278
398,169,24.116312636385874,55.64761313945355
829,1308,24.29748215753649,55.68524865257569
135,374,24.299484409404357,55.79573013017063
406,1087,24.091562205232318,55.62288700735852
146,299,24.13619623947867,55.81450263688768
749,1051,24.31783034247965,55.561154390046866
415,1191,24.13481070512944,55.65304023297725
986,758,24.339282152323065,55.570432814620595
712,1,24.322208714465916,55.729294148116516
3,1444,24.148926233168044,55.64323485816567
953,846,24.31961161310732,55.779209487526714
492,1400,24.126553630613454,55.59900133649208
35,1019,24.16823020143179,55.82503170957084
656,434,24.149389780169333,55.62514922864537
127,944,24.138675729672332,55.79295864338522
880,571,24.137223595314833,55.73293400358598
596,1397,24.19461692487949,55.73327250717606
261,91,24.348129534485846,55.597116940926625
428,288,24.35,55.709992881332965
859,252,24.206502694873723,55.853136225038185
322,245,24.101628011138718,55.58995179463711
39,1160,24.252361674993605,55.81068050877659
797,545,24.22965802324773,55.73816846234658
511,364,24.108582552557856,55.828767340272435
324,902,24.173430128254065,55.84009127584452
122,1252,24.07276104445275,55.64847712230085
186,431,24.19248990937249,55.70507482134675
543,793,24.231074899685296,55.66936017765255
215,882,24.275506804859916,55.70609776618449
681,956,24.317936980838567,55.67585199238443
518,159,24.105456156778523,55.84818918073981
433,1002,24.13127949395815,55.67710031685815
837,416,24.279993539990226,55.55
329,319,24.232580731459127,55.759378963680426
384,713,24.289334826900795,55.82569365639226
309,1413,24.119689022061934,55.60159909206317
536,1191,24.14784641840287,55.612710297475964
334,607,24.29706169662524,55.66902719495639
574,1371,24.314748854733587,55.9
845,615,24.296839149051895,55.614608559863186
681,1306,24.33073378612771,55.635351059393095
482,392,24.302200058572186,55.72897716166217
4,362,24.07,55.593283259421455
558,807,24.08562751983255,55.621253088782105
408,959,24.342755817573895,55.70635115293303
237,561,24.07,55.70945707171725
718,923,24.222712480415183,55.897269577014846
409,90,24.1693684075383,55.892536409440225
620,462,24.17283931687228,55.88457853433979
22,1211,24.35,55.9
962,1132,24.284184015541,55.869055682337965
57,658,24.174081191797892,55.89863196003897
443,444,24.122917030842896,55.70412349476636
842,113,24.13074692847785,55.737653460014656
584,9,24.266502182441474,55.60354614762353
137,663,24.290181532035806,55.83421725668373
879,681,24.273733445633816,55.730734173443594
796,1019,24.191536636532003,55.78629657704874
293,927,24.230183525220664,55.8712852058489
766,1464,24.196094132853574,55.89253430277209
73,102,24.35,55.739609451704226
124,354,24.248240774074766,55.81496086924118
86,901,24.15906792556193,55.850411516689825
10,249,24.312234211840853,55.58074454635378
846,964,24.11842132489838,55.8889656049967
334,1015,24.27443700601635,55.650772372444266
951,89,24.35,55.76527064690421
299,439,24.32445390074662,55.63330448730487
43,391,24.268537592543343,55.70330065254254
293,804,24.22091759552558,55.87396149212909
406,892,24.093812595785263,55.58807442122445
407,493,24.307912148094925,55.64880730995352
689,1327,24.168250885600695,55.853030685987754
761,510,24.202431619529918,55.6796834844542
739,962,24.252834607343395,55.889283530541654
13,1161,24.220251217747517,55.75667236508414
426,572,24.12834801013878,55.701999414243794
601,1075,24.295095686357968,55.899676912931525
612,608,24.234203642870007,55.829735082592876
574,1128,24.334360615110445,55.9
362,772,24.082496463900814,55.899304371572875
225,770,24.32368879525818,55.84091132718958
815,801,24.284443595452537,55.9
316,358,24.261759531238937,55.89133528777732
645,1080,24.191949044010173,55.9
633,1252,24.099768606388025,55.67340346879059
903,1142,24.07352403568735,55.73793580667765
28,1130,24.21991952928745,55.653370647312315
419,1166,24.29315159278231,55.670576799559164
680,591,24.29304229886898,55.85060725560853
986,574,24.35,55.610526667840645
813,108,24.30285819883415,55.719055193764625
825,770,24.35,55.80016099107865
759,1248,24.07,55.74826880398981
208,657,24.314069805115658,55.71836352381425
886,1363,24.220030139750193,55.760827470482646
272,1024,24.279162795249793,55.62577002499731
584,1398,24.28211191328272,55.5772625812041
285,444,24.19889464238057,55.73062500228519
574,1207,24.339310205114753,55.88036037805276
862,1071,24.07,55.829871336492644
638,622,24.15246732625766,55.86554241113988
488,861,24.132399425613578,55.67927968187386
646,600,24.28486673805311,55.70545497570471
294,262,24.269865460638048,55.851896222284395
150,853,24.139826050328715,55.777870200499734
408,213,24.333283247929877,55.72618538425191
973,1196,24.199196963009996,55.74072506243206
237,424,24.080994442683856,55.74396182700016
484,1322,24.304424461446082,55.59253261041053
488,204,24.125657614455044,55.71396746180926
976,1431,24.148565278371333,55.69480459608304
737,1360,24.21652190526441,55.80783669337195
472,809,24.20893408297955,55.65685855217311
585,786,24.35,55.685608328769696
566,1069,24.35,55.69099667826184
753,409,24.180748655207257,55.871055720527515
432,566,24.07,55.67672994699924
177,1166,24.238076083903692,55.67705267303141
883,40,24.35,55.72097935756878
979,645,24.227359776074515,55.77522150587851
753,1351,24.149334724687403,55.9
310,1121,24.16959138227978,55.63522908253922
840,107,24.19335049697598,55.783469025467745
687,152,24.21870802039641,55.882574390715476
929,730,24.234235483240145,55.57404223123398
818,826,24.151109213063513,55.5952562522263
534,1355,24.291232976470177,55.72140635369019
317,201,24.094825210280977,55.824002262392646
344,961,24.134571400447957,55.6396192118582
669,809,24.231374962269356,55.582833609295086
763,1326,24.287132827793773,55.61929837000202
815,281,24.272621681101448,55.898221783135746
757,1151,24.168465693344334,55.72719882853963
432,1189,24.07,55.68639341462994
749,678,24.328527129939577,55.562030317104664
717,367,24.07,55.9
333,918,24.29007589394131,55.621144143453414
259,440,24.08077106776277,55.859658256956
224,1498,24.210914333796673,55.75016070226049
727,923,24.20993289712747,55.84382559874623
910,162,24.14770038365212,55.57311019959353
457,1094,24.129312469400787,55.55
318,352,24.223559800418137,55.7125705182619
187,38,24.35,55.65070300474484
739,246,24.26187990457673,55.9
960,538,24.189566013371277,55.88078521971417
825,206,24.343825406214968,55.812918495209374
557,545,24.194653923733554,55.750692855509214
347,1273,24.074561212869714,55.80754568407405
798,1202,24.251245120050367,55.623031221556985
46,744,24.35,55.62285811792707
190,1177,24.2923045631427,55.81618617292848
479,1155,24.20650083755761,55.78611689773907
903,572,24.082344450958455,55.73469734094797
181,469,24.168065258707728,55.88641931019672
324,1372,24.183297129485034,55.7976333831928
751,767,24.25040379121332,55.9
682,129,24.08344340296801,55.626358330578
750,123,24.12914617227151,55.816615250637334
533,294,24.339746013352116,55.81575089963915
510,1394,24.11569242737767,55.77343561737543
407,1016,24.345307286099242,55.671250487970546
570,839,24.314125648746494,55.855645619573345
166,678,24.35,55.59617003026203
707,165,24.07,55.55303645681324
39,588,24.24280049670569,55.8403811640803
406,854,24.110008730352096,55.58380027212981
444,608,24.308774474455248,55.818803534052655
318,1490,24.239673498151507,55.73431172323387
397,50,24.35,55.609763189401974
987,894,24.190093767655053,55.81251998140601
954,284,24.1994331773066,55.71656630159376
146,95,24.124883422874174,55.780185106446645
646,1346,24.33119395801599,55.716811041007475
7,1318,24.1273337187413,55.664719195527276
128,1308,24.35,55.66206378194864
641,1287,24.35,55.61738096038761
414,77,24.31706065206583,55.75417572333623
541,491,24.187979794564836,55.86868835685591
419,788,24.285136204890048,55.66138896616058
205,1171,24.15374919536232,55.6160877937871
466,99,24.096644573195285,55.65825514501795
0,950,24.35,55.77502973059204
836,1030,24.138035014565723,55.87344531376536
12,185,24.224611077593295,55.64913342673375
612,1111,24.250069843766244,55.827948356214534
24,1358,24.109701405309938,55.615022895759246
186,611,24.174883640400395,55.672812671386815
656,155,24.165212373365218,55.67341634826769
994,254,24.286010166030994,55.85260077021566
721,1289,24.123452937040305,55.60206126423068
261,574,24.346153080260557,55.618294951057784
692,210,24.35,55.82626966146138
54,12,24.149808459437576,55.650932050957344
200,552,24.254523404991275,55.5578012337427
39,957,24.225067278657942,55.821964840976385
572,174,24.236453776883124,55.55
57,857,24.17333411534508,55.9
149,1344,24.337511844861712,55.690912949980245
590,277,24.114233055971106,55.66512457043435
702,352,24.21569352096981,55.730872702569116
161,558,24.27392723148272,55.55110162186994
759,1392,24.07,55.7226389194949
229,1251,24.262274690536014,55.7960828542513
666,697,24.11369907050035,55.729135671258824
54,1281,24.196063534367223,55.66269753617027
453,978,24.143701963448287,55.83442517675846
333,1326,24.264057593908582,55.60082491054014
932,445,24.31804113700427,55.88371460040259
54,1036,24.188798761866504,55.691825029948866
910,1076,24.185264624608095,55.60639208952151
954,34,24.236257307110506,55.699720094652264
574,445,24.35,55.9
79,381,24.097122153127213,55.57580019716996
630,239,24.07354662408038,55.5688770608826
59,1131,24.22549871050851,55.63966259700632
565,949,24.10539362038318,55.59843770749104
190,480,24.259955723775967,55.807549937322655
768,671,24.244241104738474,55.60531498453963
883,516,24.344425459327635,55.743603684353744
716,1265,24.24706811279489,55.61193320320288
972,1061,24.290819768667614,55.670625254825204
131,1338,24.202744777790347,55.776010988232464
383,1145,24.248360180667326,55.79343882820178
980,573,24.23743899424485,55.790619540598435
146,325,24.149996290166573,55.743741285678105
426,342,24.14946482984373,55.686273646041094
119,353,24.35,55.9
644,1342,24.207816618730856,55.67037275011757
702,1023,24.16922357223014,55.701024378389015
224,888,24.21733246412647,55.70797237473736
429,329,24.081619272318466,55.84963857285008
881,315,24.146431063255882,55.9
135,683,24.260355018043327,55.80257699737507
937,202,24.119929224967624,55.77195265208259
492,278,24.111840401139844,55.634142428374496
877,22,24.19529143112522,55.89051453160564
433,1432,24.135054559622905,55.688273575366736
144,1429,24.296411960277684,55.70348510491387
24,1292,24.0891106708117,55.61489242903776
108,119,24.137905076745437,55.766709950903625
498,931,24.218250746020228,55.81755726365569
520,1265,24.266747001436674,55.63692010296379
44,803,24.22983516961622,55.77019761684729
197,537,24.16230121230328,55.696153835044235
616,1191,24.154114338734875,55.6388098540065
50,191,24.33073633288803,55.67554090674473
566,789,24.313557472765815,55.730732875879305
552,1417,24.307469383638093,55.68324140624533
442,706,24.35,55.558587191867275
825,886,24.326270007530784,55.799594636586775
842,1155,24.145926747395727,55.77195343160353
643,2,24.150467275915425,55.64816707313616
562,674,24.15523244619879,55.9
13,304,24.268237520739092,55.77410037685109
309,1129,24.081350840751828,55.631687565253095
908,1465,24.258847684388456,55.698982085072615
231,802,24.25733355259003,55.59066972217445
44,740,24.183931325682813,55.81099155754789
898,678,24.35,55.593860333728614
951,1188,24.318939838647967,55.79412359186566
743,546,24.12997763832756,55.840070784291235
533,486,24.32793491158343,55.81452588547368
668,84,24.21197723437332,55.9
472,342,24.188779485458006,55.626307405763036
732,1164,24.21927314162259,55.812270094310044
810,663,24.288184815564474,55.805889009006364
401,37,24.30205341235666,55.59654265553999
879,911,24.249547916414418,55.73716398503922
349,1184,24.13339941632033,55.73364605626689
921,1126,24.14209710685051,55.77910947120341
78,979,24.07,55.72996351199114
712,888,24.276961870186714,55.735894882551314
527,521,24.15614944015578,55.59645883077518
493,438,24.263310500229966,55.704422973846555
13,789,24.306349373761307,55.75350729846112
119,88,24.344801566079262,55.85802427018545
707,652,24.07,55.5940718728392
50,1313,24.331407843312892,55.674074603084016
204,1140,24.07,55.79151211240459
653,1494,24.28863979864832,55.83098123513114
934,1313,24.302987013696825,55.732792662266704
494,586,24.238188466108177,55.9
729,927,24.259066258646524,55.850579762624456
731,76,24.168953107060485,55.57662630006379
259,651,24.106174576380205,55.82217407734533
672,645,24.24485734396418,55.81948115292906
128,669,24.33868240589914,55.612222449395404
655,524,24.205420967799107,55.732312309892166
136,1002,24.165635348311607,55.70532756232829
169,193,24.345729620234515,55.599311266423044
563,997,24.13968553821482,55.57772020717644
751,1080,24.217406176595304,55.89820308218167
669,739,24.24151356347201,55.55491208655993
662,1184,24.121041805671748,55.73034775661633
0,302,24.322607549459715,55.790269420747066
231,1276,24.277430528567855,55.608348873439475
448,810,24.14334997224876,55.68315496056355
946,817,24.206573456678623,55.88169352166594
994,420,24.293426568311027,55.839509937047204
4,245,24.07,55.55
994,1460,24.306770721473907,55.81202147998627
663,1134,24.150178253086278,55.61501780531234
467,489,24.247790585409813,55.84485408914566
749,313,24.35,55.55
921,740,24.123256973597613,55.75972864081034
215,34,24.244267573987145,55.72292788142134
26,1438,24.22222008473256,55.71188415642402
226,1144,24.199777641208012,55.55
608,392,24.293755874708868,55.72948095279526
638,902,24.177858658934763,55.85981974530337
803,988,24.19641629403819,55.88951157381528
198,471,24.15922263040436,55.62325219496701
524,823,24.18771855079918,55.9
137,26,24.259752994349206,55.81914366462125
536,165,24.123437332895012,55.59761707591381
717,610,24.07,55.871627388899064
678,128,24.17837688229369,55.631259847772085
687,371,24.21272575863257,55.85239254125184
383,910,24.289071621130876,55.79779328024674
419,582,24.299899425020264,55.698427545836715
91,394,24.259956575040242,55.73802794251815
709,1080,24.21594589336028,55.867003979971074
407,666,24.35,55.69938402169609
314,1120,24.19894338839136,55.73237310629196
51,904,24.15271161962729,55.72757817953178
908,1166,24.243312301644927,55.68530497145178
100,1339,24.152597761474265,55.760230233772276
729,377,24.245810767927086,55.83250280874444
397,37,24.35,55.570360270686
616,2,24.181324849530377,55.64476346102737
480,1143,24.289529348079206,55.771570496682436
732,927,24.242563096195262,55.82479951796429
319,1123,24.199350581987918,55.84485905651843
968,551,24.35,55.6497051172037
883,399,24.3366671935329,55.758103673925426
578,1160,24.2083329177137,55.821374530573244
75,624,24.333757085706456,55.59680739702986
915,345,24.200041993358113,55.558924985174755
9,860,24.187230177488452,55.64038190208855
672,948,24.208859102926198,55.8585919032958
882,909,24.309399202720922,55.5971954102693
689,235,24.199035958419472,55.81428621198379
976,661,24.16125825300748,55.68158869986333
488,795,24.089906918140574,55.7033072015044
753,310,24.12152390195832,55.9
136,524,24.20677825097393,55.74511456629034
69,789,24.300362405184003,55.754115212182036
200,960,24.300225482362336,55.605526722466855
707,641,24.109091958048207,55.61175690551757
8,1164,24.2327758221444,55.85657414456385
772,39,24.25206121059744,55.9
86,878,24.182359526881406,55.82548418302368
385,440,24.09107387921733,55.85155504178518
24,606,24.07,55.62102569889376
962,970,24.287543254535063,55.84994365877563
291,180,24.176735488943436,55.691215816763474
646,55,24.301320421094452,55.72285394122684
57,418,24.15010289530708,55.88808403351069
44,752,24.20976554481429,55.84493905184667
739,1234,24.30107325851386,55.86784426839599
100,18,24.13928480175373,55.72675786859142
1,1226,24.287277062989155,55.63055683673093
384,1136,24.265599400257962,55.78973030328778
957,855,24.270848411440923,55.9
658,644,24.35,55.55
805,1032,24.35,55.855238817596884
625,658,24.1855788362509,55.86505798266641
666,747,24.141923364267008,55.74359285011491
600,82,24.161321131499292,55.59689388516912
466,631,24.109958815288582,55.66130068452711
958,749,24.35,55.58787690521582
680,1146,24.267507403247265,55.89403658750229
608,975,24.289957918802727,55.71888780285288
593,1110,24.33051366184338,55.79706898434065
989,1122,24.08907511041845,55.64241504723795
433,718,24.12007277695172,55.71335093667599
429,140,24.071901926825493,55.80167593992169
394,1087,24.116804803397233,55.611167120013874
1,732,24.2946851659745,55.59678518555651
349,188,24.174844382598447,55.73015163569451
775,653,24.322691640851417,55.71836814273914
757,1363,24.165838599858432,55.76019494118055
1,1378,24.32459461372806,55.627263938473305
894,891,24.140027301443535,55.66509731039235
264,1178,24.148437608113603,55.85369672507322
187,193,24.301385222990806,55.667570383034956
767,313,24.346551186664417,55.55
448,168,24.132122659194714,55.66053223956398
973,221,24.247921784532977,55.74852442958995
964,159,24.113756553645274,55.81924974996618
409,674,24.171554334244746,55.9
541,829,24.17592740857916,55.82414692447196
166,1229,24.35,55.637367414860286
813,886,24.33675744468857,55.74249258538448
717,417,24.07012376424875,55.832437293582196
769,787,24.15713365760709,55.82053253882966
100,667,24.151158818766543,55.68148903807947
258,51,24.080126943125112,55.690337012494325
831,73,24.125403673742223,55.9
951,41,24.27235240675067,55.751198638902004
416,892,24.125749696608086,55.579613465646744
822,18,24.133869109071973,55.724201385156356
692,598,24.35,55.855749272079535
213,982,24.147032369950157,55.62898806790156
409,967,24.147920651810594,55.9
744,1135,24.10332459588454,55.627495300342666
791,1445,24.295901785990768,55.88470086261947
825,1425,24.32400502095495,55.75775209814936
948,377,24.274972823567982,55.80976755449607
46,872,24.326235911275244,55.61859609864329
182,490,24.25476759959019,55.74008004054712
494,295,24.264272923044544,55.85682424575297
862,275,24.07,55.789820199984
712,1006,24.311883599490724,55.77815679025283
310,1076,24.19912874881523,55.63240167223882
791,210,24.326288548675382,55.84975666012057
707,542,24.07274534303185,55.6487507473196
181,1442,24.137525938677904,55.9
551,1059,24.290806697371092,55.83745460776727
65,506,24.178088981003295,55.874253340732444
41,842,24.15041127325089,55.817221628509856
880,1161,24.16438438794321,55.73420280940289
397,758,24.326232735154093,55.57896696410679
438,442,24.319988151092947,55.6290650404805
174,766,24.07942309625432,55.9
50,485,24.310048595947617,55.71646656912913
669,1163,24.242323742465796,55.55
815,39,24.26836904648137,55.8672960875261
602,1023,24.139095974922732,55.68366526367421
146,1250,24.167706694172832,55.764325264409756
309,1377,24.11043179250055,55.63208105887483
492,903,24.103193171243053,55.6033085413046
276,559,24.30947413805971,55.600526829838806
63,1054,24.24753399813494,55.58879080475042
531,507,24.283978405044092,55.78789095342912
682,1292,24.126210196290472,55.60312324234419
961,550,24.121997160619642,55.682327101497286
552,1242,24.343974089019657,55.69195245341896
568,24,24.163453720487237,55.565323415600105
791,151,24.27747549157424,55.831053069870144
494,797,24.283509667241777,55.81746260851903
205,564,24.108523775246503,55.593363454500405
750,1223,24.086270186362942,55.8190964087936
136,1305,24.19895715387025,55.7644585336754
662,1248,24.109329192787566,55.73448091533733
590,1334,24.142942085403394,55.64782003233062
180,811,24.35,55.73766492985499
986,945,24.35,55.606497575999356
798,190,24.213403703585413,55.65046597985105
881,753,24.183462646952243,55.9
442,688,24.35,55.55
324,546,24.176572253893436,55.809725337105434
584,231,24.259214423919797,55.59768434970245
82,22,24.16125560880302,55.9
382,1372,24.183114340927627,55.84735320412093
225,393,24.322595700298702,55.84499593725138
789,774,24.269056701657938,55.776715681428875
102,229,24.257128499943963,55.72394051531349
386,782,24.198415122845454,55.70425423183103
880,1254,24.11692569565649,55.74725713534763
656,727,24.189489973944102,55.65381396821881
716,338,24.200148350808536,55.61082703639829
457,892,24.08109188796005,55.56691022884253
750,232,24.078494361474142,55.79679648412476
836,632,24.101508859098878,55.85222134992393
859,750,24.162900234314616,55.85890897833399
182,510,24.212467724879637,55.69477663569232
842,874,24.19451212109273,55.762935677257616
122,158,24.095985775714592,55.67752298093787
835,611,24.185143797000137,55.684997943000354
718,426,24.24975508720553,55.85092527480425
73,1310,24.35,55.77496332923304
426,1304,24.19149905798642,55.641195526284136
638,966,24.178181665609927,55.85459714215371
699,1246,24.264571444618237,55.818058859029094
772,1402,24.261202171458457,55.86161717543617
386,921,24.191626100976375,55.708648666410895
590,2,24.15649297332681,55.64363575646979
278,488,24.20160904567833,55.69339101651678
44,252,24.18940142338456,55.846121990888456
267,773,24.097256531610196,55.681024071378864
374,432,24.08205476619471,55.9
259,115,24.139758230115717,55.831834384808815
466,566,24.07,55.64581672847142
809,173,24.202289792160006,55.66640214274519
611,1021,24.139484444270117,55.76674956834323
607,1270,24.338919044875286,55.84106361361312
797,1141,24.21383859109619,55.71683018246605
285,1357,24.16447506223645,55.6882955269461
568,1163,24.19731884526516,55.55
327,358,24.284160869428558,55.9
57,544,24.128137440588173,55.85720584211812
741,1002,24.152500319999657,55.69194697298251
980,188,24.21452233412759,55.752415035328745
238,960,24.32164940725007,55.6670671241441
63,174,24.272175113581277,55.59357205435705
494,71,24.261232818515797,55.836083853121345
645,262,24.217336991544745,55.86789520561311
49,22,24.17099905157605,55.83505627803449
321,1378,24.314952836844036,55.6008145718275
708,513,24.07,55.727831867686106
167,1218,24.07,55.63408359397176
809,664,24.1790957757752,55.632035493518025
461,566,24.089382772398817,55.68769121283677
631,987,24.242989247602747,55.601573613266616
662,1241,24.109055071831445,55.70180380629409
655,1288,24.180014491176568,55.70052654890767
840,435,24.168025811307228,55.828509280200215
909,199,24.291532099210812,55.55
456,383,24.272440587607747,55.77890795258042
492,973,24.14437941368796,55.59624569244491
358,967,24.150983710541215,55.9
487,514,24.29572282771589,55.67373855384079
543,173,24.221730066641637,55.67727755452144
96,1339,24.091306034474062,55.790770020087734
731,247,24.13016528405428,55.592172330326626
565,941,24.09128382290749,55.55024871995636
315,385,24.170638578426455,55.746878379864754
10,1137,24.298003662064783,55.626988033186294
444,930,24.335386958197883,55.843011461029846
264,235,24.15672323935918,55.82164104496388
668,755,24.180612411009065,55.9
972,603,24.27888514689493,55.71294906174108
291,2,24.145559705733483,55.67838346341929
533,1270,24.33785543879183,55.83139546228971
535,1099,24.134874585150875,55.642036532732995
55,1073,24.108278613774313,55.746023884238035
234,764,24.21131191827917,55.67284853432503
873,399,24.35,55.76486489709487
49,829,24.208460520275185,55.82036606839586
991,443,24.090077902930165,55.63866190957674
668,506,24.16012851673784,55.9
669,429,24.282399180829554,55.55
358,22,24.1324057778241,55.9
660,1374,24.101287693783153,55.9
192,382,24.10206601092686,55.67601369039807
572,298,24.2753894795521,55.55
570,1207,24.35,55.9
630,865,24.09866327220572,55.58533874482656
543,488,24.190482941621397,55.707827179914396
317,30,24.078900184315785,55.80963846561736
419,863,24.344757127355702,55.71149421226353
136,681,24.206582790641576,55.72195459592065
987,616,24.159714112191107,55.8560915632127
798,1109,24.204733741598062,55.66413773667757
55,43,24.09860454375396,55.76989315771132
524,436,24.14794047638871,55.87553278675557
122,932,24.10109532989573,55.66484696345643
931,1157,24.177104053945886,55.80166521865259
997,120,24.1730814846325,55.573544922505306
842,340,24.18982749085813,55.80141452349999
947,498,24.30163958117904,55.55
373,840,24.277468684329936,55.736433764455484
822,1394,24.110162341125772,55.72254149286607
131,1111,24.21973156957094,55.80710611609133
553,624,24.338820694933926,55.65388096699624
781,103,24.138717638185334,55.705043308846115
946,675,24.220129631413855,55.9
72,41,24.246075306169494,55.73115355149539
330,651,24.124889055434757,55.82348679068042
859,436,24.196676382006487,55.87961923191362
264,642,24.18659431296527,55.85279091531226
187,798,24.282626947006214,55.64073784449428
986,258,24.346026008933688,55.598644561417935
677,283,24.270043440228157,55.76401485467434
37,761,24.259712694802978,55.62370315819466
374,869,24.099930312147453,55.88930278909818
921,831,24.090349991144866,55.722340052473584
915,1219,24.182742058685438,55.55
144,55,24.339813358456606,55.70276695356604
8,923,24.260689357069683,55.88302819366702
22,353,24.33849988896933,55.9
616,1329,24.151156248407794,55.646899990001806
376,196,24.21373665224757,55.68700578665088
948,1215,24.269862467864126,55.82235043447544
79,492,24.07,55.62063300663064
554,1438,24.188095084138602,55.69555204150777
798,488,24.17622617111506,55.64170910512287
511,46,24.12721583227749,55.82908300099037
866,260,24.162753383543908,55.570020105998715
74,1384,24.22828378907751,55.591630921494236
994,972,24.32273310881573,55.78362948903645
885,863,24.284641198983024,55.71188118257297
578,545,24.220563508124304,55.7956335465394
598,76,24.20344955100008,55.55
794,499,24.092803467484824,55.803023009967106
619,705,24.159051924745697,55.78814094656245
533,427,24.35,55.78516578873965
755,799,24.07,55.769564317835155
238,956,24.312548052398064,55.67646165008125
4,542,24.07,55.56259923413439
50,19,24.274115680207572,55.68803892356563
333,53,24.25048593413141,55.56413564658837
633,1105,24.12785212237555,55.69264715247249
373,1461,24.27017451809494,55.69475923205555
976,338,24.18039510393613,55.69787753326213
619,1116,24.159751757837274,55.80007064265708
180,1291,24.35,55.75550532225746
687,1440,24.252603353680296,55.8573335668994
272,635,24.254318787396876,55.63014214432118
553,1429,24.328904014956727,55.68808742558849
137,1188,24.30121281061176,55.77692489553688
577,1229,24.35,55.62587079948927
720,1000,24.30399837611419,55.860377905897224
724,1288,24.200357436009554,55.67452011257439
700,125,24.16951931690303,55.8661704192244
879,819,24.20908032398904,55.73266211943687
470,368,24.091182584095353,55.749188064659606
386,734,24.196782222895216,55.66169669749412
811,6,24.268853336110244,55.60403205148048
376,431,24.192701033713757,55.662353100587005
131,433,24.215194595404643,55.817511207052995
131,1168,24.18973287651326,55.81972657006211
514,477,24.321132525009535,55.70736466352599
197,819,24.196100380802033,55.70414092005349
13,1415,24.344481356853787,55.80106487471415
657,9,24.278636588452166,55.57369568149548
602,457,24.163883016759637,55.64235253972334
204,523,24.07,55.769853025683084
953,470,24.35,55.77738007307922
892,16,24.08693639701905,55.61788950627276
681,258,24.35,55.62762442226564
391,1080,24.22112272714625,55.851998660789135
744,1335,24.109528535008067,55.60184200683832
414,1463,24.295774102015482,55.75027705997699
932,486,24.27919608504899,55.84527586802558
763,189,24.33429698708204,55.63937079163814
78,109,24.118728368770086,55.75657112300977
433,58,24.100616226462954,55.6698605804021
174,415,24.107363077544584,55.87362793293562
86,835,24.163342429040743,55.82919039480461
427,537,24.20389585470009,55.7289563805489
231,219,24.280980814479868,55.647547798069816
441,51,24.07,55.646764199028084
915,93,24.14514770174096,55.55
261,1069,24.35,55.63528096212725
248,99,24.11939422205675,55.706362246561916
397,1044,24.297857049567067,55.573858953974394
831,501,24.16082325233135,55.9
210,811,24.3030838755093,55.73392320598563
321,945,24.35,55.579557761458
113,1141,24.19290293459138,55.718023364629836
93,643,24.210539261765007,55.67155083588448
456,814,24.312807509556286,55.732524347166766
427,1450,24.23887634341644,55.71366920001852
731,343,24.161077118077337,55.57905391756564
751,1439,24.215836706100795,55.891337195235664
372,852,24.167022013429058,55.582581242183494
186,640,24.192533849989424,55.71227121698659
9,488,24.192627945953124,55.64640130215938
388,422,24.252362859259016,55.88245081545029
121,91,24.32880915345461,55.59676803284604
562,111,24.16645930487098,55.9
316,675,24.23982999187215,55.9
469,595,24.279914984140895,55.71207138809612
813,197,24.341679566281485,55.72408679881054
441,1034,24.07414304343733,55.65007548922789
541,697,24.126907531858183,55.77863614311959
528,734,24.190131545109914,55.68532657767728
338,368,24.07,55.776829556559136
769,1470,24.15481444955353,55.83337515999863
470,697,24.11730994733089,55.77574255891486
761,1258,24.188344746010085,55.640244687480156
859,1038,24.21917346062587,55.840983828257876
781,799,24.134661128754995,55.74685711618464
781,881,24.13022016471238,55.77498374227892
385,335,24.12844818999783,55.84555548647166
600,1451,24.163335109308527,55.598482079501814
401,945,24.303492765039312,55.5797699813854
631,33,24.22564245138603,55.62027915059857
122,459,24.07,55.683684220579124
122,824,24.07,55.70707310797051
416,1295,24.130285502271654,55.62570815023352
708,1228,24.08246035805243,55.75086822732265
961,641,24.115444878575488,55.64437341377251
9,1089,24.166283335561747,55.66457523479407
57,474,24.141854673421754,55.84940508136913
174,670,24.07,55.884325477900546
133,1284,24.14571168439972,55.856888844002015
774,777,24.251511622658057,55.73345083536224
700,506,24.211423327023834,55.88840551530344
568,363,24.23804358082853,55.59883486409026
577,1127,24.306689155830522,55.5882579454766
223,65,24.17385683783154,55.60885240509295
479,455,24.19952118805602,55.835430485140336
727,1372,24.18610032717822,55.80196044924047
798,62,24.152218220068157,55.61841417321118
213,1134,24.161799594668054,55.59327571019796
261,1375,24.35,55.66887587205187
686,316,24.168961252554865,55.642864002044895
608,1251,24.306297841851944,55.73668374019112
997,434,24.200777580155677,55.61463442649254
553,1201,24.30609439817667,55.651108024115295
60,655,24.07,55.72017654721624
652,400,24.092580294565508,55.85928188161875
373,1485,24.307022823235094,55.710297004510366
724,360,24.217561871050474,55.7216082961924
285,715,24.211717399663446,55.712681904577565
885,1158,24.300025992246187,55.72864123145117
309,146,24.10188859135853,55.636787553496575
383,657,24.333601064699213,55.777286915016944
562,474,24.124083584082264,55.9
862,43,24.07,55.78305513894216
739,1096,24.319871036359785,55.83403535240151
213,1289,24.13618650674954,55.57077291676295
960,1210,24.232725007994542,55.9
336,486,24.326221327462942,55.80819263276303
448,895,24.135956631468297,55.64784841739917
208,77,24.298598146574065,55.73791411949494
790,436,24.149314335435935,55.89031822705532
766,783,24.188271032768558,55.9
319,1406,24.247416890261416,55.8685373479552
972,38,24.301598210227375,55.69461581672603
528,963,24.22556628238667,55.69587251406416
620,1390,24.128290543217027,55.84075452481184
583,176,24.27487751624644,55.61431339199527
67,128,24.196590899531646,55.60756113124788
880,202,24.1510192357169,55.74482210477193
57,562,24.137899750623777,55.83348183685308
234,56,24.23343912887327,55.716434382201484
769,52,24.145392694671028,55.834934427903995
14,945,24.342811750590666,55.56611853624396
601,7,24.329016559391302,55.9
694,934,24.24210740481642,55.748650456317606
102,1033,24.253537088023336,55.77249168434246
977,285,24.286914492213025,55.79893317364642
93,805,24.239658442818474,55.70093782575567
144,653,24.34859788537731,55.746254977360145
663,892,24.10867997896458,55.64091755157515
828,1106,24.07,55.632651760283935
206,1393,24.1209132592653,55.71214863689299
590,510,24.199436498204623,55.67512917065312
248,35,24.118783395960843,55.69278314320346
337,280,24.07,55.570882053231536
37,476,24.212255930104085,55.574480477423606
881,68,24.231871181340118,55.85926363332019
541,866,24.100022339298373,55.80717917999627
904,1225,24.07,55.66938689427063
551,1190,24.29852346033367,55.804971626918515
364,232,24.116583268539646,55.79163097743951
349,1192,24.20872101029963,55.71569261173323
630,917,24.121327007310068,55.57122637761745
973,919,24.209822201226974,55.75685903419437
813,607,24.30132990487399,55.719723745330825
788,467,24.180545391237537,55.84047687759053
590,349,24.243403718469352,55.63589278962303
805,1096,24.35,55.9
570,1075,24.35,55.8842656328355
763,515,24.287392066329932,55.60477638249089
744,348,24.157613587486384,55.55910300965111
953,811,24.304740276803418,55.78800433457887
644,196,24.22681334070235,55.692264746741785
580,1236,24.17395329867962,55.77493330506986
267,513,24.07,55.67812085311757
582,502,24.153831181620152,55.66349990487353
794,494,24.104845296891995,55.777677856693664
451,1439,24.17086667821984,55.89359799148266
324,1284,24.169263959025113,55.83162287854677
707,1106,24.07,55.67181886295454
932,475,24.234642853799834,55.83014213959174
137,762,24.30421819564882,55.79701857310868
46,607,24.279512296658826,55.66599752626789
46,63,24.2317484106605,55.68523019627833
977,350,24.303116179881176,55.78060366731155
702,2,24.164128871795885,55.72350600785815
553,594,24.259186997459473,55.62332925418506
601,1445,24.333625793718287,55.9
606,1269,24.303417512416793,55.725540707955716
78,428,24.15192143883484,55.71375843607742
67,1274,24.239363433149187,55.6468795827899
186,1278,24.208142365738585,55.76130551672111
505,670,24.076749522505988,55.88493257742037
12,199,24.251733451873765,55.60122432833074
772,797,24.229659797383004,55.85842484284857
72,370,24.26965811292711,55.73736261407894
293,785,24.241185790490572,55.848876693082026
749,554,24.35,55.55
479,1125,24.156854240910125,55.78672073238023
72,57,24.27839554085814,55.78586808521006
167,1217,24.07,55.65128530466753
646,8,24.282545255070186,55.711588504950896
314,1002,24.169639952945733,55.69262122561782
882,843,24.340559075315767,55.58521704964817
694,937,24.209605794140387,55.75271194731121
842,1120,24.18377580519579,55.781723790665374
873,863,24.35,55.73059994053748
951,1145,24.307573359692718,55.79561006019472
211,853,24.143865071546614,55.79642177543116
596,1350,24.191003146124963,55.7776430279092
397,613,24.281393716180446,55.55894364931481
644,1079,24.246395112025187,55.66157551906705
753,421,24.125410979698547,55.9
124,458,24.270323395829084,55.84799783153609
442,1307,24.35,55.55
616,1454,24.15084435450894,55.663431759283384
791,985,24.32169130695013,55.80183525967052
374,159,24.103345814645035,55.9
712,1310,24.308102703114752,55.74936173344334
712,1463,24.347398826472734,55.75497088034016
932,1040,24.20357735368464,55.80113679357546
932,512,24.18089623078555,55.76595806015326
510,1350,24.137585447153807,55.72549107832003
800,520,24.28027748567615,55.72907260358377
702,428,24.169929406735477,55.7632603626506
336,516,24.315765963809156,55.785022809969384
358,335,24.095774114839656,55.9
836,61,24.13805446857066,55.82858882504772
372,1486,24.162394486276906,55.60934647951719
419,959,24.35,55.66449128302593
951,399,24.339089286069125,55.770956873924405
625,152,24.226108017233155,55.89060197592755
699,1423,24.29878263530554,55.84172522870226
928,1429,24.314881857957165,55.73387171859742
788,562,24.189641167881803,55.82964669896255
887,1335,24.08699637769637,55.611803577085176
285,306,24.194932280623817,55.73545117357465
13,859,24.35,55.772105883291296
415,1089,24.14980048856098,55.65889909222601
382,90,24.183970403656218,55.887815507971794
412,1471,24.18805175296192,55.65284345123012
937,1493,24.113535754995386,55.76494606706948
149,653,24.31337297699715,55.73419017360359
601,1211,24.35,55.87852145710619
213,521,24.12397180632091,55.58682363291707
552,1158,24.340182863660132,55.7091397935863
666,1350,24.18390992444785,55.72595481272671
777,738,24.15486218433253,55.63890001819792
937,473,24.077885425812575,55.721226498992515
293,538,24.195904455246467,55.85987940185584
366,1107,24.2074901947331,55.62323163521682
611,902,24.15326604320636,55.807504507023566
597,794,24.20251388958747,55.73267265023598
27,1136,24.295969221946176,55.740943046760854
974,1072,24.29650044154834,55.88926391112112
46,1121,24.18903152269304,55.64721182613244
231,530,24.237390684686154,55.65646724589604
494,598,24.30260387494988,55.842952603789485
461,79,24.118431125190277,55.68637620412967
552,1473,24.29885281553702,55.71926935941073
285,974,24.15014446801654,55.68747682152817
919,399,24.309932081701845,55.783454962169046
97,624,24.35,55.63434066983763
983,606,24.07,55.60853290862558
932,325,24.149709092282496,55.80131214196415
662,655,24.07,55.73610116583229
492,1241,24.110718528803915,55.64099989834609
229,1360,24.269006069393026,55.809436774989585
256,331,24.094132535866745,55.79665610256248
28,1061,24.261198207755662,55.66299165075036
492,120,24.139784048489926,55.595452527239686
739,712,24.316151956058143,55.84515199316499
809,1171,24.166042233353124,55.590712880394435
187,291,24.25352875132828,55.59846600189025
53,903,24.09053511596436,55.567114394171675
973,1085,24.189590267171717,55.796060682910316
976,1093,24.165002103231043,55.66006961559635
656,764,24.173498436923882,55.656238261958364
721,973,24.1323757787904,55.590412779371775
815,1361,24.286149349741553,55.81871771183161
493,547,24.264235861860822,55.740288968392704
578,707,24.187276117148173,55.752207455638334
802,857,24.16314055708259,55.89967798091548
635,254,24.328219210072724,55.87539646090069
288,721,24.211065547790305,55.87991177754974
717,73,24.07,55.87844414895106
789,412,24.261525583631542,55.75603397971692
96,270,24.07,55.74082928727892
892,795,24.076306869916653,55.66697404063819
442,1055,24.32621703916945,55.572172008786474
676,1476,24.310871387566497,55.80259962120655
630,280,24.074649966567836,55.557525816005736
909,91,24.306235663498292,55.55876515886415
119,178,24.30117421962404,55.85536422411111
220,414,24.0797527190945,55.9
372,1261,24.144217736347102,55.60235581804241
545,10,24.110830939651063,55.81595273226376
597,1391,24.244890426304853,55.70832090372779
744,870,24.157022517241746,55.55
51,314,24.196195449346142,55.7126075523912
983,1106,24.07,55.615262402308595
548,1264,24.35,55.586518203946504
508,952,24.216270421430497,55.555700326631204
276,1488,24.27164383650306,55.61266791653036
213,807,24.084709035004302,55.63333959154433
466,523,24.07,55.69129794509565
717,623,24.07,55.88679348844615
493,888,24.22619959973341,55.702207265099794
312,355,24.07,55.59799410013349
407,653,24.35,55.71345992065731
831,966,24.114635928262782,55.9
399,1425,24.308833164173844,55.71863045768382
248,113,24.115626303228193,55.712947882739876
511,268,24.115420424694044,55.84827662515256
929,487,24.24758271538913,55.557136989370896
755,1142,24.07,55.74391423464315
840,1157,24.153240273157934,55.790296604861496
536,771,24.095110240991385,55.576526102921115
861,24,24.181324360922357,55.55
457,362,24.07,55.58903867449106
520,899,24.25423514965059,55.613071506363575
829,828,24.279651954618235,55.6819914108163
336,886,24.35,55.784920923591635
811,557,24.263735173096467,55.55842444737925
646,5,24.29403353874951,55.75983752502097
231,614,24.202933744862143,55.62786638528014
964,540,24.086812787956383,55.82757173829367
729,683,24.26936348452053,55.82043363692635
898,1007,24.32386234338864,55.55129367067874
845,482,24.33751942689452,55.63747269431347
979,238,24.184663583528735,55.765112949237825
850,293,24.225895271188005,55.81192063326698
124,379,24.254362284331492,55.85883705335107
744,827,24.12046072671543,55.55
699,7,24.319113809117763,55.86848836032824
78,321,24.150831763686316,55.74880317806297
398,555,24.10008990054135,55.60317147022324
473,1126,24.070389600666765,55.80162891974584
143,289,24.077144781152253,55.57171531118451
317,1043,24.07,55.81974140212582
131,1165,24.167396438884392,55.83362593001709
482,935,24.31946439735676,55.687887644896335
702,618,24.133833017276718,55.810656281940815
136,352,24.18171196060378,55.71843781345182
726,801,24.284349513363185,55.8518429991658
451,461,24.209430266768063,55.8652185644415
536,247,24.100992771286528,55.577330109730816
322,64,24.12222722504788,55.5516679329868
919,250,24.32214471353667,55.79473490140335
192,459,24.112304723146277,55.65854537181046
663,1078,24.145819210446408,55.64720890749303
50,1008,24.25029767015343,55.70358943453841
419,634,24.35,55.70504503194553
791,254,24.33842834261732,55.84913625373268
406,1447,24.142619759762365,55.59789560761779
846,1103,24.09508960490529,55.87403944184636
675,1144,24.214895373521404,55.57154538661339
309,324,24.07,55.62116012852444
182,660,24.22468531422273,55.70427522435024
299,1031,24.323172807559903,55.58986705169381
276,1299,24.273777069938273,55.566871218370125
859,1222,24.184922492701507,55.864771092271
285,18,24.18390975022298,55.71517308407039
649,765,24.22910430891395,55.77279091379052
608,1499,24.31378510107527,55.719789698136445
976,522,24.210510570633932,55.68567670131399
601,528,24.324017665515008,55.885610576342174
545,1340,24.078588048225207,55.81791216048856
946,538,24.217899129378466,55.88261717788683
831,432,24.106421228928046,55.9
694,391,24.256023082839818,55.76423289413425
620,698,24.089202883583138,55.81378891425904
98,974,24.178330982148932,55.672362865611326
78,18,24.141152817091648,55.71791862881533
602,338,24.16456461558499,55.682355346764844
776,258,24.35,55.62673234233694
337,318,24.07,55.566387187174136
877,262,24.203605917886634,55.87460019917171
666,1136,24.233643546901142,55.74948211556161
861,500,24.189920848117257,55.55
677,1095,24.30804485516427,55.739667480472484
541,333,24.116892760817898,55.837472054620704
534,378,24.25087238306569,55.70121976193484
686,1141,24.197652364256985,55.68792205716561
962,49,24.25259706561153,55.80206700252557
67,1342,24.203984545213263,55.61727258547632
143,924,24.07,55.59493008979554
57,153,24.094502972776265,55.847251783262024
40,435,24.162734464860243,55.82427177160045
91,130,24.276681596235292,55.72055307859151
106,1338,24.16412276634482,55.770457213933994
546,244,24.14392051819165,55.72284939333469
666,8,24.252467015959166,55.726168212727735
794,943,24.14801447684741,55.77080363697684
27,1084,24.32494924123368,55.71149762249888
980,937,24.201218231046237,55.751658746552685
702,275,24.11013598357002,55.83034910881988
590,991,24.27235138666576,55.657089383485676
626,16,24.07,55.60712598440178
472,778,24.183528782622016,55.66834802050251
536,1057,24.116188804108326,55.55
651,931,24.210602462167667,55.83700352629859
961,965,24.134588506164473,55.65719114725064
24,381,24.07,55.58710880218421
781,1489,24.171642643002944,55.73685318860146
412,961,24.173132782628436,55.6338948994682
28,760,24.233543184200823,55.644475436184855
611,235,24.18545359114708,55.81570300643367
85,324,24.07,55.55352726678862
652,1003,24.099307682956592,55.81926655581181
700,1052,24.236157746719122,55.87269327904328
9,2,24.12084027789405,55.706920344127184
660,869,24.126622235398273,55.9
570,404,24.35,55.9
406,1377,24.101198103402602,55.59229404807317
22,372,24.298968717885632,55.85448133823344
144,907,24.330478063178035,55.737255663361374
776,732,24.35,55.62308989708877
122,795,24.07,55.71156784235914
551,485,24.311010049682903,55.755369506904216
894,1135,24.12937538460309,55.645742917437566
850,586,24.26780392019319,55.844848065247746
921,946,24.12166407588698,55.73710136819328
514,759,24.31275627151345,55.70453671215579
948,532,24.277763024663358,55.829979513695754
443,572,24.073917801956597,55.6858955495232
237,201,24.07053216324556,55.76279951200444
823,759,24.33573587850005,55.736590115538945
384,1278,24.215854523560044,55.77284847700034
859,85,24.220603872121877,55.87262952141251
794,1067,24.127827545246284,55.815796794209135
991,638,24.07,55.60913284726532
541,1467,24.093774335136295,55.85750864755329
887,1368,24.07,55.58787860274631
327,240,24.323854059317444,55.9
337,771,24.07,55.55
803,1204,24.16115600025106,55.84428042498358
803,268,24.149270534165137,55.844074457201245
611,1033,24.207028349989745,55.7722066760294
186,1361,24.2130523428061,55.810709580926584
74,889,24.263922265424,55.61484173759273
480,1255,24.33430864326373,55.74963860612218
319,1113,24.23522486742446,55.86519702559776
415,1238,24.127469334133885,55.68173132680714
611,700,24.251577429132276,55.80604985218776
264,1204,24.15950994877316,55.875908365999244
653,762,24.312267555420597,55.86014478767496
412,114,24.220697097744115,55.59294668043748
729,645,24.22001238587212,55.805410080000605
563,162,24.17378071333556,55.585867976771496
768,343,24.199865613410765,55.572511905549966
234,1336,24.26325845943679,55.686494256203545
349,609,24.180033999631213,55.72360897299118
457,245,24.083152337354058,55.55443575353427
860,762,24.312165932618807,55.836323428782485
394,949,24.08994860538275,55.65370019228308
656,1489,24.175689467467535,55.683757751272246
268,1062,24.120732833523178,55.55
520,493,24.29835267107725,55.65785104373661
889,1264,24.316885907555868,55.58852393558446
597,378,24.27967290974249,55.68953786956223
552,285,24.281197343792712,55.7687242522361
631,734,24.194452995317867,55.64391066371647
934,290,24.28656543042114,55.71138270427243
950,371,24.228862949479282,55.86256572370756
635,135,24.35,55.878357734347134
382,988,24.21679972018408,55.863567355343775
934,1149,24.28148481190176,55.66373214237955
593,1059,24.30721543691994,55.80382957030919
997,921,24.238581625896334,55.63972178735275
267,1047,24.083813892862132,55.63741740878429
585,104,24.333778531600746,55.6392514386342
309,576,24.07,55.61986201130002
55,619,24.112230953006623,55.72274529688026
951,1000,24.35,55.78766537420562
991,1292,24.106067979759292,55.621963446805374
9,321,24.130287992269114,55.737417141721856
545,43,24.08545655307438,55.77572832705637
139,1156,24.29662910403692,55.88987818220117
145,242,24.261067840897404,55.864102217023216
74,952,24.225682187666358,55.628084662891176
727,360,24.15111819206931,55.777987333724354
441,1189,24.07,55.61896774150257
426,861,24.157761114359168,55.68871581494272
409,869,24.136871958553655,55.9
459,404,24.314804958828397,55.9
368,585,24.27317499733702,55.81388656812531
811,1039,24.285628291301272,55.55
676,89,24.29902724355975,55.758687311684696
659,23,24.18056103760085,55.558797509792726
198,1411,24.11018622065296,55.621237936866926
129,504,24.139582075001883,55.818393646594316
862,632,24.07,55.82705716382005
268,345,24.162176686168873,55.565918653014144
608,1473,24.27960668869175,55.74290738024294
103,450,24.24956535326115,55.69097099376725
98,1182,24.212496758272078,55.708138655499184
909,1488,24.332401722019387,55.605771687042946
815,374,24.305018457683964,55.782534012138804
103,463,24.217111360737015,55.72122379177877
315,270,24.12516220717564,55.7688496916116
535,484,24.10959475326748,55.680744602001084
330,1212,24.15279691281612,55.825355349999406
442,1299,24.287993912996754,55.57329223969705
657,875,24.24049890999075,55.55
436,596,24.122643849429636,55.874124095342275
191,996,24.09313482929775,55.78469256802331
731,1418,24.128823303086115,55.592751779982905
324,504,24.122451631412126,55.84764595099771
191,1393,24.096533023540207,55.738535056827885
191,1458,24.07,55.757759841686095
163,186,24.342557154854354,55.640453566182146
716,916,24.196857348925654,55.63037326823061
69,1425,24.302279840955585,55.74183135286877
459,98,24.346412527204578,55.9
127,1066,24.096720571287708,55.82987221720461
322,827,24.13543004723748,55.59656037570694
657,577,24.219750650239927,55.55
204,275,24.090695379369222,55.79396755581775
459,846,24.332501616023464,55.85712868824833
324,670,24.073259341033573,55.83404257664621
585,50,24.35,55.59642919833062
98,1428,24.23817632205351,55.694927739107996
566,40,24.286427724658804,55.72880084115995
976,1121,24.197517394348516,55.64510245400358
682,1334,24.1493838596145,55.64898630340486
761,517,24.222962002144737,55.68247540836345
676,326,24.278606947337828,55.80510141776695
136,444,24.171066895230627,55.71239527098611
482,468,24.35,55.63888580682615
0,148,24.337395074330594,55.79699786838001
898,1044,24.307994136145098,55.55
608,490,24.32260355489806,55.78461204089755
39,691,24.22957391866446,55.81809204845818
929,983,24.232878294521775,55.575816417997096
186,737,24.26235058942125,55.769306972644365
322,553,24.16732870028717,55.55556106181466
26,1397,24.204152062243022,55.722396672150964
633,270,24.10512985407248,55.692514242843394
750,772,24.111222186298324,55.817957146098564
657,739,24.24936057923394,55.57635479618972
759,597,24.082963721715597,55.69485722456443
204,117,24.076194088830125,55.772924561259394
685,1184,24.07,55.724033442056005
665,404,24.297405955038723,55.87040003531627
384,1251,24.24557795639176,55.789651608090686
711,1318,24.1367364962275,55.62914787751395
689,687,24.193861808957656,55.7673703277804
731,12,24.154689570233437,55.640978461584346
136,1489,24.157256260753407,55.73872863127826
974,825,24.269700326765015,55.9
572,1076,24.232190006459298,55.58089129235831
461,448,24.095426465714844,55.698189105239294
572,256,24.198787185592863,55.59074942867098
433,1335,24.11719468651122,55.6333517861444
492,1062,24.09919725451881,55.55
136,15,24.149609244422425,55.75748663271958
811,176,24.27779737965618,55.55217261334096
951,511,24.31535410932427,55.7844243709494
438,1193,24.31768600081857,55.59081056291087
291,1119,24.137253009566244,55.64914652706479
984,453,24.11268881914293,55.61305748231921
662,837,24.07,55.694633895862786
887,183,24.09688975165968,55.57478847346081
707,548,24.07,55.66725448933126
798,1012,24.169379145170137,55.65961159223535
979,621,24.2181493712248,55.72212289092457
213,1369,24.073529520113855,55.64650133484418
74,1238,24.176199725766537,55.622739648215756
859,271,24.254906862992204,55.9
10,945,24.28171142556317,55.58930008819838
646,911,24.26330339807494,55.731626392278066
514,828,24.30551120553621,55.72082556781022
133,978,24.17459946199224,55.81507205031568
0,811,24.31359478936137,55.754449127761696
312,1283,24.07,55.55363309269848
103,396,24.240301446256325,55.677791478964025
204,618,24.11392809523298,55.72934511835399
919,598,24.35,55.833660328052154
585,732,24.35,55.57608290494331
730,95,24.103542600540624,55.69787385076321
146,1489,24.14869412355533,55.759561861047224
362,1150,24.123111006607378,55.9
96,1247,24.10689678819664,55.70591635492866
137,206,24.323655860731023,55.80974572436917
127,947,24.121272065778914,55.80708495552165
98,1268,24.209873709947342,55.6613284230402
467,293,24.2258807938578,55.84777339852793
291,1258,24.174191920978387,55.64805211518911
50,229,24.22556359056743,55.67859396197195
69,49,24.285376817044085,55.77149650975343
78,375,24.157609003516807,55.72332847250159
885,955,24.29393612650353,55.726138831153435
78,640,24.201288764950103,55.70428758910224
840,697,24.13845634859703,55.74614885524784
842,105,24.231723030293807,55.79723237106179
34,1022,24.22007619667056,55.80997240492984
767,1020,24.310448292377444,55.55
321,1403,24.35,55.55442147605914
427,636,24.25353891142298,55.73823441425836
772,281,24.278966537352698,55.84782610239637
103,1023,24.198475817567683,55.713679072145005
554,876,24.14466557362343,55.72694667629544
726,922,24.23646972693976,55.838997684149525
211,59,24.18976107268903,55.77534933380068
921,203,24.151764169470898,55.77872689664866
167,79,24.07,55.673618997296764
106,1240,24.191406587759747,55.730880149270554
860,39,24.288842350274578,55.871829457765244
825,859,24.341941788535756,55.804805645270996
957,1052,24.303670709712552,55.86984336429597
322,568,24.19747149513372,55.56750351535647
750,1339,24.121234679603653,55.81097480738045
464,356,24.082487627514592,55.742600860544144
456,657,24.33443578003008,55.76904080236584
100,1332,24.145322073515008,55.64842219691429
362,884,24.170154493215797,55.9
836,1250,24.169646453309543,55.780011293401934
108,115,24.155859519426816,55.81087499564118
809,328,24.214619070015072,55.55
394,898,24.085075590038276,55.69660192309277
845,1287,24.345226534757817,55.680999122793544
885,1353,24.275768756268782,55.77060792744386
280,694,24.35,55.8270515781004
631,1017,24.177370415672712,55.65067578316659
346,529,24.278735201184805,55.55
677,1419,24.322864812131,55.69999244003005
426,58,24.167830901371794,55.67862280651662
102,1083,24.266170302477775,55.77043274256358
493,1068,24.17744647062861,55.73197523896154
909,644,24.35,55.58448467156133
774,1428,24.22904238392518,55.68529126343262
590,14,24.28227608387179,55.68218100634007
878,869,24.169556289869703,55.87888551591295
974,1477,24.308990451008768,55.9
53,714,24.123264583100475,55.55
308,692,24.292381696747277,55.79678694417632
213,1413,24.07,55.61550566238157
440,732,24.292313606939356,55.63698758405878
554,1385,24.18333513249469,55.77511168316674
368,263,24.255561493242585,55.81417595378454
145,311,24.218041805512037,55.9
397,629,24.320317142312174,55.567501377327275
338,337,24.07,55.78611743149579
837,1362,24.260174395597147,55.58061954263161
30,126,24.25041531922157,55.676485061235304
401,725,24.35,55.628724393518446
186,77,24.307742128516782,55.76905156847402
712,907,24.341402806597436,55.71700110478586
304,34,24.24933138439404,55.656294293847964
115,1292,24.09690611486111,55.63036718589444
638,857,24.20270067217454,55.892755078134236
215,517,24.195817210060984,55.72079729432829
473,1114,24.07,55.769578001481776
694,463,24.255781030581907,55.76641888184968
524,469,24.186913708946086,55.85477290841511
14,1307,24.35,55.57204291371321
881,121,24.239026478936196,55.8537895675642
578,1414,24.163411120828506,55.74319127941178
318,874,24.225991919193433,55.75319812332732
347,259,24.11167163187787,55.79302896577315
501,773,24.124102206983746,55.696702033723476
406,1208,24.12986001948566,55.564179575462816
947,1322,24.330206815431207,55.55277022256577
14,1229,24.306873065112754,55.57678092629405
557,1157,24.153589402337463,55.73609095422912
146,203,24.188436316662052,55.8021230029304
419,1484,24.35,55.726411505389216
258,1152,24.095942847736744,55.70474595280876
403,531,24.185203803121453,55.63889311869823
315,140,24.113777593860803,55.78281915216883
720,361,24.346593889827393,55.81363179928041
757,235,24.141722657866026,55.793091911030494
231,297,24.24371757476045,55.61941175119135
388,262,24.214868625089892,55.834845524688745
919,511,24.35,55.81197780528424
984,277,24.147491101073303,55.62755011562204
308,1239,24.309884352846737,55.771102452266405
531,305,24.235082703237033,55.8084299745235
240,175,24.175145550743068,55.825236185342
548,1031,24.35,55.5672307443501
408,1435,24.35,55.75839215589604
577,725,24.322092253920513,55.598216205816804
482,170,24.35,55.65328741949799
334,1001,24.26278745672455,55.67446346628575
187,1398,24.296694964218847,55.61547223435243
451,823,24.19826325454534,55.87174978790203
3,447,24.163354690822963,55.60648062551507
334,185,24.232799022508285,55.659470749994796
186,134,24.272618363634866,55.76542897447125
73,933,24.30119671332623,55.81669530202498
517,1443,24.174392754700495,55.786053546356214
919,762,24.32834808984591,55.856665837725714
948,265,24.304503557609195,55.80749182826486
562,1351,24.15524640517525,55.89381485412261
993,938,24.35,55.6061898337336
558,781,24.126590090483873,55.649895666272904
694,1498,24.22221160335533,55.78094903162236
721,1272,24.137618457332767,55.557858640979475
598,1279,24.187533829894676,55.55
946,1108,24.216489278080687,55.88550339646276
934,33,24.2867086126682,55.65917648854262
596,115,24.17571481896929,55.77861312164498
775,680,24.35,55.744440105903294
510,696,24.17464518063954,55.721533437586544
707,79,24.07,55.68928030882417
448,606,24.093826578938767,55.64008763981416
453,275,24.142732466430022,55.78819410293319
611,1370,24.282325041414303,55.85167305948295
505,417,24.095131444209855,55.87901775769419
745,126,24.252311509606407,55.63558549092008
660,884,24.12843196959893,55.882868498861555
729,922,24.201787578641422,55.79861346956523
493,1170,24.14459236188941,55.69346405702434
788,131,24.23168140087942,55.82284773517076
191,572,24.07,55.748011157305314
552,1260,24.274619300504256,55.79177035042879
994,520,24.29824306081585,55.77004266418715
802,1439,24.19198369900366,55.9
9,27,24.106345391030565,55.77510320250539
751,310,24.187854275296548,55.898695207587615
612,1025,24.257092277962588,55.86811682074657
347,726,24.0881644208937,55.765729766490814
928,156,24.35,55.69828956618251
869,922,24.215367529311933,55.825363844030925
669,690,24.31615883040872,55.56278912731251
336,863,24.35,55.736824739064225
769,233,24.131974681550073,55.83401923039541
845,1317,24.336787934229342,55.711699756534344
461,773,24.07,55.66876781446871
82,1354,24.145021908992064,55.9
376,1411,24.151405515837897,55.639072850434864
131,592,24.142978380430726,55.85239569106366
763,11,24.27144368519251,55.60929885294795
692,265,24.35,55.852615590517075
585,868,24.347601570353845,55.57738257311956
334,471,24.192003623331846,55.63279800133468
433,631,24.140081229693145,55.6750041830665
657,654,24.241345661112558,55.55
102,1095,24.303427808862605,55.73382547646693
288,121,24.24141291173456,55.862654533377295
976,1089,24.196915057870772,55.65192817885319
46,431,24.20355772452653,55.66965389149867
968,1499,24.35,55.67027093231267
69,1388,24.324153182991417,55.79713292665402
794,153,24.103550180822875,55.860357695380195
73,412,24.302286289416788,55.789663242095564
268,952,24.189459455879817,55.61088535695679
641,535,24.35,55.665796081394944
708,35,24.082340620322693,55.71591033280898
880,1151,24.17209279822272,55.78597825348724
662,1086,24.07,55.713964796914595
43,1138,24.229786177245863,55.72149011901807
757,808,24.169309309417052,55.748363895962285
472,530,24.180235543111948,55.659192666709934
119,217,24.293457156877892,55.867525817070124
30,727,24.242869676136518,55.64474500999403
813,136,24.32258995173565,55.741398857852104
299,6,24.322776046368993,55.611531597063525
777,1414,24.158967549703434,55.67568340293936
566,828,24.265455002605684,55.684985898674576
12,416,24.27627284082815,55.57427026032693
524,282,24.184461988360333,55.86788953376282
98,921,24.238153047308632,55.681595757146155
401,775,24.35,55.61399327132425
788,419,24.182031235519116,55.78429981328761
528,860,24.20294095203197,55.71371504757876
416,309,24.12830846640227,55.599987898801416
531,1155,24.18894636570326,55.77675284558882
187,559,24.24956742643843,55.59667340187379
347,1175,24.09274180350668,55.805143954306125
414,959,24.30993883254715,55.704601519675826
316,274,24.21344186428782,55.9
65,432,24.14823651978894,55.877437456885424
371,90,24.130253150900707,55.85219680983813
334,590,24.143471337046,55.67324856348016
366,776,24.210082621974202,55.594580939955925
986,688,24.329846463264264,55.61155095906168
382,767,24.24099622946176,55.875173688355396
131,336,24.134313144461913,55.880932501343025
831,200,24.087676668417778,55.9
362,1204,24.214846352576824,55.8799917502837
89,1316,24.251291591291913,55.76005087372876
213,561,24.07,55.658535049485884
145,1080,24.245937883666176,55.9
983,1087,24.081605288391888,55.59662825208477
961,822,24.15646950886538,55.638130226798694
898,706,24.298967825834698,55.55
577,1307,24.33379568515896,55.59025774255479
915,165,24.127496656144494,55.55
30,515,24.248433898411594,55.60017130664295
558,1449,24.092006372085226,55.64532028886394
954,1155,24.217511849732496,55.73906864400241
43,585,24.270531679821623,55.770730394019736
753,616,24.107134087849253,55.89049950539165
336,907,24.346451659894008,55.730152910106774
234,1027,24.254162976700226,55.72233798782585
113,974,24.16900016171714,55.684812733236306
292,539,24.078364522138724,55.63500891053184
240,221,24.221617506261634,55.7981734587732
867,450,24.283865796273627,55.685122476903814
802,86,24.218416298153947,55.9
803,540,24.147250221113076,55.799151611758624
198,576,24.10391040049317,55.630309737572176
373,1026,24.286967537194236,55.66233963654221
93,1296,24.218207819521552,55.66427750042484
527,965,24.166485310621496,55.59168283593278
616,965,24.14369820959182,55.64997360742715
536,917,24.085759416113543,55.561363458477956
823,886,24.34817684168294,55.74351312668991
444,1035,24.333224887019277,55.88282485966019
8,588,24.228029850210216,55.872314528956025
22,630,24.264723026954442,55.840785599789875
997,14,24.249381660519628,55.684645716250714
406,1062,24.147039012402335,55.55
776,885,24.31299741432614,55.66284714191575
875,963,24.28862354215423,55.726985638163505
731,1356,24.17741593520762,55.64905436842896
815,1148,24.273496429128283,55.803776836182756
309,711,24.07,55.66388807164225
811,1051,24.268998028577847,55.55
67,330,24.182277465758947,55.59349446939828
813,509,24.35,55.73219305914732
744,93,24.09613519170685,55.57898878116811
349,1083,24.19707218892444,55.762822309042775
828,673,24.07,55.657070526263574
553,952,24.253063883627576,55.605093586593746
149,1190,24.3041230382288,55.77268823284719
892,382,24.076839234533452,55.662678220117655
744,1413,24.071214841252033,55.571843324299536
765,487,24.263593016302643,55.58149954921535
124,341,24.26107304454978,55.88846887814002
524,1123,24.16177957605047,55.8370628043981
954,352,24.176673230572746,55.69518359081513
934,1074,24.238373203103286,55.67341965249268
570,1423,24.339452886819423,55.85914905302077
399,102,24.33673545710271,55.73508161110221
167,513,24.07,55.70388514391663
181,1467,24.126965410245223,55.89646697630509
553,6,24.252682861253643,55.62433081741148
737,1210,24.176361600763173,55.83382698723912
505,1124,24.089453667244154,55.9
290,318,24.07,55.55
318,1278,24.230767809717925,55.762964306289916
13,1353,24.35,55.79759089657867
983,464,24.12089089944272,55.59617333901878
536,69,24.0903062196263,55.56530228016224
600,116,24.159023093169434,55.57129144600917
557,1443,24.15648400730017,55.77774007806507
957,1046,24.325455475715323,55.9
745,703,24.2102648384783,55.64242382655088
288,198,24.245051719145714,55.81344332026252
191,808,24.10403113137877,55.747197697219455
167,1073,24.07,55.69326548098189
582,1418,24.173143746910842,55.639119150476844
964,726,24.134303080783667,55.815958008294814
777,401,24.19025477899862,55.64326466285625
775,1158,24.35,55.76351913217408
134,585,24.281406661130802,55.80907505074679
837,1226,24.29676425333763,55.62667696745383
616,12,24.163754559536223,55.65739477141157
649,1082,24.220562659370447,55.81459656545849
861,602,24.205216191468942,55.55
309,382,24.07,55.61658276947413
772,998,24.305427778819126,55.85647141133887
511,1222,24.13444057923668,55.8397440008677
552,138,24.31167269849646,55.77439805669345
791,1096,24.344565395183107,55.89549313402349
570,984,24.32847929004754,55.81857924855654
972,650,24.278847721628487,55.65661038331198
572,553,24.15009507863737,55.615451550511715
885,984,24.320356223094244,55.775055004684894
717,646,24.104051887095977,55.9
37,1279,24.16232501602295,55.61293805856686
31,302,24.277723017822943,55.79541722118162
472,45,24.173006506252097,55.68428275794943
688,132,24.07,55.89983384657905
946,804,24.255220293224333,55.848550699233215
472,1363,24.173376665806167,55.72933078242651
836,835,24.167544289325463,55.82705876857385
304,791,24.236184973326584,55.686613067593406
878,642,24.160241687192023,55.84946582141563
46,921,24.244867552971776,55.66503968522335
408,1081,24.303002056404132,55.7676095033646
293,966,24.152200541797928,55.88508128679482
813,1242,24.35,55.68428918500441
593,933,24.343226614035277,55.7676312924159
932,1120,24.18323118121242,55.753517184998394
399,1435,24.35,55.78048573726818
655,316,24.155748039786253,55.679295928779375
416,1135,24.139914586241574,55.64883313584401
769,988,24.173943651539833,55.85066147842683
24,652,24.08978606900364,55.61187776391518
1,1404,24.296350278691083,55.66705747900744
823,210,24.35,55.776538290783826
441,932,24.07,55.61003154243921
156,1220,24.104068882841965,55.79592112008381
498,1183,24.243096224047108,55.785728491020436
451,1025,24.242953865839645,55.88592484273425
347,1153,24.128887490960903,55.829150571725776
554,475,24.179699524062112,55.794258979745514
156,1248,24.084245032200126,55.761557904968306
759,464,24.07,55.65372481466196
666,589,24.285959320744986,55.684578529066684
398,146,24.08251802854059,55.65147418777734
586,87,24.240965706189503,55.89271844825862
480,748,24.3157181590901,55.725395578857245
215,995,24.237416171631317,55.68616235874001
726,659,24.24958540573476,55.83910309365601
59,345,24.196275553411795,55.598382840516365
304,686,24.274439743238144,55.718909782772
35,790,24.15539414685116,55.80010844641616
163,1301,24.35,55.616079182463224
886,1092,24.20302386240768,55.7933904853323
528,929,24.173921986717794,55.718271584158856
285,643,24.208113705040613,55.67512344392546
957,147,24.294614632571356,55.9
467,504,24.180936234180752,55.832952549940345
258,385,24.117496135462453,55.70349330452818
383,38,24.336154972215663,55.729263334751906
205,155,24.124504854841444,55.61081116927304
840,368,24.11088200096138,55.75453126565185
973,1165,24.174817951768432,55.7855567702005
75,1056,24.35,55.619756267051386
700,518,24.211207761315855,55.85039657494952
131,967,24.161441666761437,55.87117510942036
968,258,24.35,55.62762162682502
278,1138,24.21566691722757,55.66874647871139
835,971,24.22681901453412,55.71015876534993
124,281,24.215950072227365,55.84954860632404
79,631,24.10694406254263,55.65025910064817
681,918,24.344776313925994,55.58369420488978
98,1391,24.261132946886487,55.70904298047079
223,1259,24.203940077760127,55.647348341053494
67,93,24.163036292914093,55.55232441591856
831,639,24.07,55.86321798397913
524,1267,24.189501372141002,55.8246542881944
41,1366,24.154275549614667,55.80410294393087
909,1306,24.35,55.63015406338484
574,147,24.333070982819272,55.9
527,443,24.14932413246767,55.62448501671166
552,89,24.34264305999469,55.768149398066534
163,1378,24.35,55.61150603119649
7,1106,24.119330143884156,55.63451319934357
987,111,24.130826978292195,55.86854168513756
397,227,24.335587880677494,55.56850525596049
630,897,24.07,55.58071043595007
730,1180,24.086235080464792,55.74516246563846
399,1100,24.35,55.80474882763194
660,70,24.12763089264826,55.9
574,1396,24.298256753325692,55.87367260879983
487,918,24.309141943162867,55.63019482351889
291,1068,24.174949371988014,55.679399004040846
106,939,24.178379005783697,55.77082229947802
677,1465,24.292624989035723,55.69818762190478
210,547,24.303386062567565,55.74569913461024
72,508,24.262091447578428,55.756070494967936
299,629,24.35,55.59148509227893
238,536,24.309821687937582,55.67175969215473
467,1350,24.157348941091996,55.78983303305636
633,778,24.136144058265575,55.65622267663932
928,410,24.35,55.705238187470925
50,764,24.191987067181312,55.66521041565522
724,1489,24.17777711080133,55.75622470005634
134,1415,24.327638339321094,55.7950654439285
892,1292,24.07901274926805,55.647794890563816
344,184,24.157917104952762,55.61747586516906
146,676,24.22386458234085,55.78180261800865
49,1409,24.257935146720303,55.85241400509402
919,295,24.285825764778775,55.820145046178844
28,1418,24.19189450992145,55.63022493443755
597,291,24.2899619599159,55.645748948289146
866,32,24.147887612517952,55.61189067381486
369,1406,24.21859458751167,55.9
167,464,24.078130813899392,55.659444805208366
498,361,24.27396507786717,55.81143193862642
128,193,24.32876467360385,55.64946058432363
73,350,24.321191908314308,55.740445974751076
414,551,24.345013817386366,55.68445260919294
674,857,24.21498120899176,55.83273066115394
837,760,24.271071885549134,55.59869718789216
699,112,24.316083565225018,55.86926542245921
391,894,24.200035923523277,55.81967323039311
91,789,24.31379311810372,55.74279851501246
313,702,24.239209609455216,55.698679759429794
665,984,24.3335382863315,55.822592620906185
548,758,24.35,55.586680781209054
344,1213,24.119364845489827,55.66181434639118
749,1491,24.35,55.59124092764796
608,1006,24.31049439900221,55.741631904613094
121,36,24.30221386072707,55.63560994136189
687,252,24.243271386002892,55.87046792012353
531,1498,24.187518666390922,55.7459486886779
144,145,24.349525817092367,55.692328502703255
887,714,24.07,55.57988191555658
72,1214,24.223461497999114,55.77991376284985
240,876,24.198110637991363,55.77791000460982
160,419,24.156119116284,55.77722290388337
334,548,24.1021664607742,55.71541834563045
968,1064,24.32296989755858,55.62938734209066
976,1036,24.17201183624274,55.68123759813803
376,216,24.10354793005719,55.59212213157855
931,939,24.15113759305491,55.75701702234474
163,716,24.317394097958417,55.65013243010017
928,1355,24.34224300908043,55.71792526001912
456,347,24.29834835510762,55.79386866181672
65,633,24.127201628892355,55.9
318,765,24.201282290459204,55.79212279475911
9,424,24.123090762571444,55.7544993416291
947,669,24.35,55.55
694,56,24.205190861020355,55.787138064247976
570,1143,24.35,55.800455836389744
775,210,24.35,55.778492923074815
391,763,24.150036462449215,55.84414279699652
659,82,24.2236711074749,55.55
369,988,24.241608708936077,55.873887969749894
364,325,24.133092909878382,55.74357722911862
582,921,24.180615858515267,55.68865569791669
928,975,24.35,55.69621481059164
225,912,24.339038816280045,55.88415401666871
809,1107,24.183274411209837,55.59540264864138
546,1414,24.164738458756577,55.69013150952615
3,1272,24.117709442514897,55.568708574130255
288,26,24.21237969457382,55.80206960060717
797,284,24.177119652135715,55.70079672862778
951,302,24.321062273472656,55.79266269079838
78,856,24.18977605081026,55.684450564280006
197,314,24.189826013813715,55.72822491419922
409,1374,24.1319745727679,55.9
149,1328,24.34099208977595,55.807613058743705
385,833,24.102568901090343,55.86101985011915
407,392,24.35,55.747165934226096
869,1246,24.22668554184019,55.81196911588795
280,1188,24.35,55.81746455434636
415,472,24.14256666498277,55.654804059717975
789,1081,24.301455980126835,55.765986643869596
167,484,24.07,55.64119838714445
484,176,24.29149307988908,55.5591053807962
568,54,24.279722889877412,55.59668853109062
666,11,24.30546907231911,55.64043940465145
765,1020,24.267696643487895,55.55
979,729,24.2040926858757,55.720206602384074
894,734,24.140321201397573,55.67864303891921
22,285,24.272003924525222,55.794722774900606
407,334,24.35,55.70298559137973
568,1324,24.292749875710946,55.60185898426156
688,833,24.07,55.9
702,1003,24.083802920582613,55.83173587637042
169,122,24.314671043003685,55.578472600007615
98,196,24.237435914772743,55.676689407798705
602,359,24.206304298076354,55.709404279596086
997,477,24.290621319715157,55.68708786087134
30,1203,24.2943543478785,55.586414555167146
934,3,24.25708654875499,55.63022517950423
364,835,24.130403116956057,55.79088982606346
932,385,24.18168303463834,55.70941153741884
668,282,24.19779530217121,55.9
86,441,24.150167157974252,55.848963765267975
791,1181,24.35,55.9
479,968,24.170192977593775,55.778720801719345
977,1425,24.264307442280415,55.774311594297025
677,1110,24.336172125555343,55.74219588061356
534,879,24.230716908001824,55.659798603941205
488,1189,24.083948829073236,55.66643776478292
139,1096,24.325088438487665,55.9
370,763,24.125954746858664,55.89965858069972
338,119,24.112465508842977,55.822555208959564
470,628,24.15977650430621,55.74126963759576
399,1177,24.336530273380433,55.77676604936544
973,562,24.152612474469834,55.816287867578005
582,62,24.186143160448793,55.67799441206468
313,1060,24.25729923572861,55.66472832416923
909,141,24.35,55.65472993262533
407,872,24.35,55.68247785063537
656,543,24.139612806055105,55.652936002667005
540,1427,24.13298736799202,55.608690946671786
338,1124,24.13099658366219,55.84326289006108
54,1480,24.179449441728742,55.67299190468133
689,996,24.163694263842082,55.78022887098835
964,364,24.10882907769603,55.844677657866825
574,1146,24.312498444148584,55.9
688,544,24.07,55.877814615179794
374,1354,24.091199259884856,55.9
674,282,24.193928877296194,55.861628626286155
665,662,24.289169820445295,55.84934116790232
732,379,24.260374128760205,55.85653416488456
473,824,24.07,55.7758668547892
745,805,24.244448984814827,55.653402028738626
997,975,24.296425374285956,55.706809466143945
215,97,24.2429783440336,55.73454259932366
291,1296,24.182670511829688,55.71086901763013
878,1025,24.206052959693082,55.893966856857574
649,1042,24.17871734988546,55.84127479625433
211,1151,24.174360632208135,55.759418027538175
681,570,24.35,55.600171088852385
962,41,24.21553173990368,55.8010156982348
997,1110,24.31421802524159,55.7252016916299
327,404,24.2903086407639,55.9
316,1080,24.195776406372058,55.9
362,455,24.18027679383426,55.86937725628257
631,342,24.205100313536224,55.65987700044519
724,1385,24.217968090030233,55.76047562712905
510,747,24.17651581057317,55.73649339109123
0,603,24.26520292055984,55.71491302628907
338,616,24.101262058417436,55.869735036541464
727,188,24.179353791710394,55.728546877548496
415,999,24.129294897625087,55.65703009016669
137,1298,24.27861483686305,55.79452342568199
102,394,24.27009143279032,55.70147442631235
761,477,24.2529471557302,55.70427285448821
987,494,24.1308569265279,55.83649355421924
641,19,24.309325355476066,55.64897747354575
22,1117,24.310732055393235,55.81272589237207
34,390,24.250905295301404,55.8122536335009
1,334,24.270334972783182,55.67132917526977
240,365,24.217462591453206,55.74421113554499
585,11,24.34246802858217,55.62164338437717
466,1286,24.07,55.70272887242903
689,1296,24.199056873465015,55.73701605185975
630,539,24.07,55.6102779487578
751,408,24.220287704930808,55.85096867337665
730,321,24.113780557872587,55.77917522232769
759,837,24.072865612362886,55.67081745866428
24,464,24.076658593334287,55.61156358850874
635,1370,24.33614444624942,55.83437436163489
790,52,24.168928635219466,55.87058077852422
321,688,24.35,55.57429886335892
545,406,24.07,55.80418431549104
321,669,24.35,55.60210223580669
835,342,24.20415958511667,55.709599657289175
831,70,24.07793388604177,55.9
744,318,24.07,55.58439682912732
174,336,24.1160087574364,55.9
574,849,24.268606423200858,55.9
213,523,24.07,55.702279176478676
737,1284,24.16284701167781,55.80136132163803
449,338,24.198962713852346,55.681661787674834
761,1176,24.275565279343994,55.69526761005248
226,1131,24.21918862476653,55.55
31,818,24.236753674218402,55.770556962815206
65,783,24.162802860530235,55.87136277366352
3,1335,24.109146547799703,55.55734548143168
649,414,24.154361576672574,55.853775781161396
484,1044,24.24760965305704,55.55
596,1385,24.21543070203789,55.73876896707586
453,465,24.149596514172405,55.83062605124937
862,928,24.109173212858167,55.81706448132863
456,846,24.32882940897007,55.80810279816391
572,500,24.19931185776033,55.568363173030995
510,1278,24.182736463585414,55.721665980579985
223,76,24.189418665852692,55.60678807784194
479,696,24.21089817654075,55.75844793549536
993,956,24.314426043482566,55.62583438753146
755,1433,24.07,55.69807058885629
877,677,24.193077287597166,55.87398330198725
822,806,24.134655174253073,55.77025456865013
607,157,24.290016662505856,55.845107065095696
290,381,24.07,55.55
802,1212,24.17042526351782,55.87983767630476
554,1407,24.186845433514165,55.8354488373516
590,391,24.270553683241452,55.7258142960742
364,806,24.1750410191393,55.7634905001608
576,1216,24.1261278263824,55.721113757390455
662,618,24.103213701633138,55.7244980357131
752,1258,24.198252664817563,55.65116736426644
886,957,24.201947092429815,55.837452908438856
702,73,24.07,55.87169728283945
85,1283,24.070599815735445,55.55
473,705,24.091057208503262,55.814628542340145
809,1480,24.203104096388714,55.62061575086768
563,164,24.152989323548244,55.613491643785025
46,143,24.214659452558326,55.619682884245435
155,1144,24.159373107783217,55.55
809,1274,24.19265592378455,55.65512568632201
210,1355,24.35,55.72425736539637
304,737,24.314859823384097,55.735926012303146
441,1292,24.0777615432651,55.603835846260516
702,877,24.07,55.85700650310105
384,972,24.293852803720377,55.75045960344634
304,485,24.35,55.716623756501114
644,517,24.21039879817481,55.65390094729384
652,1235,24.143794626274616,55.86843605110534
633,543,24.184634976003995,55.66241539323907
548,744,24.332502421361827,55.56931021453227
169,1039,24.328017014301146,55.55658619609962
835,164,24.206129945027175,55.667490628264815
954,1182,24.194916636755497,55.72617475871808
198,1382,24.07,55.66775788479772
220,248,24.07,55.868090147819416
414,1346,24.35,55.67365789388925
653,1101,24.27914172176879,55.9
371,787,24.132637750258134,55.84615524899052
128,514,24.337621043672268,55.642395900995076
932,284,24.186230258844553,55.70482783448964
210,156,24.327277190161386,55.69534649123276
986,788,24.29043357013158,55.64450582339612
818,1144,24.197060138475276,55.59640323698997
677,139,24.35,55.78731674972499
329,1187,24.221773253476062,55.75713834637187
75,327,24.31244344197368,55.663141157635636
964,1150,24.102134786278224,55.83377171919433
818,2,24.16366157482049,55.64076534880261
86,1172,24.12232463812622,55.84525948691071
904,1047,24.07,55.64800093134048
717,132,24.081821661734345,55.89467919288303
59,128,24.194886907673784,55.60761777763707
464,1457,24.09730820707448,55.76887004227267
415,207,24.093327476402887,55.63771392254991
205,343,24.173774320537273,55.57948552236217
407,735,24.336737590754367,55.67476913483503
304,380,24.32339800114302,55.72184185087682
206,1232,24.102332219471965,55.7500873388025
419,1476,24.307343069482148,55.7655399413758
205,42,24.161504302194214,55.55
875,582,24.30115565040687,55.71637549110856
496,1231,24.186303731721168,55.71746977541751
399,470,24.35,55.77359557597442
368,573,24.23191760883464,55.81360473331483
324,1175,24.07,55.83019436957669
630,771,24.07,55.5656723369877
607,94,24.31992440685151,55.86272763506874
574,930,24.270780787780993,55.86175566260948
700,1277,24.179770976810882,55.86497529634785
464,747,24.126401886414637,55.73650172973709
934,654,24.258561134569927,55.58258364337305
626,781,24.07,55.60053922358035
208,784,24.31547102355398,55.6896759798285
694,804,24.237152292089853,55.803577730433226
961,949,24.113070970954148,55.66748156656031
929,471,24.188071654881593,55.61129101194333
638,422,24.23067299616149,55.8561782716326
338,101,24.13083387103485,55.886785016885796
551,1008,24.262072733194042,55.726920126869686
602,687,24.196115563962092,55.723527927303465
625,1424,24.23286726717018,55.9
248,1184,24.072980352546626,55.68410352877256
9,977,24.17020143641602,55.71741102536145
720,694,24.35,55.779721535443215
653,1478,24.276390712074388,55.9
349,57,24.246889803725836,55.80281355205607
656,1462,24.154781991599368,55.658456267331026
211,1340,24.140020139031783,55.768241703383566
237,179,24.075902224824695,55.75205746705436
409,1071,24.089962086650445,55.85755881906099
492,867,24.086325948048735,55.561772682440065
315,113,24.12632533817795,55.75079956349223
386,1012,24.207151444755187,55.67664366311962
182,226,24.20652065365565,55.66466225566161
426,836,24.1283465572612,55.65519611245995
815,17,24.22421765943785,55.76328150561153
75,1001,24.274764271375197,55.696323365983204
619,693,24.11721062436114,55.80343943238535
488,734,24.128228452099005,55.64726878178416
223,834,24.178082593650917,55.587340439330326
436,878,24.166138064099954,55.858712340165496
600,564,24.113147496537792,55.589677445085314
131,436,24.176272646162015,55.84176310541818
828,576,24.10279297537236,55.68284200362902
980,460,24.168829093629505,55.754707517156994
115,324,24.070084135934177,55.59742695293548
93,220,24.194838463268866,55.69163223617508
288,1250,24.195645726085164,55.80272083796513
828,572,24.07,55.71271252994309
934,1051,24.272071029525183,55.55
200,688,24.330031800379363,55.59770544527533
781,284,24.201812662356865,55.73052610680992
761,1306,24.322314612337166,55.7008744318187
960,1399,24.194691331945716,55.85824011186452
248,355,24.094106188870757,55.65334381817801
797,188,24.18525454061838,55.74111581618502
947,1491,24.35,55.58523275133017
805,1477,24.35,55.9
749,1331,24.313370047233953,55.61383913395068
268,1279,24.18723090640605,55.58078444852703
656,496,24.14241607049056,55.6557387945845
552,1179,24.327541980216306,55.79057983007572
908,1459,24.211247441269613,55.64047403245545
470,222,24.202772561032717,55.74022528561995
161,838,24.23067729109945,55.55
384,1182,24.252157817917805,55.73132954682858
987,623,24.086210971322608,55.79958530693351
831,742,24.07,55.9
197,460,24.1928670846543,55.76747190155208
768,983,24.203299993715735,55.55
46,1074,24.23419144840907,55.65358570586176
119,927,24.261838247460283,55.885227559341985
584,987,24.271426697457702,55.58984994977509
951,1473,24.284160805604678,55.753054639455435
598,952,24.209568700409697,55.55
908,895,24.1760563300008,55.65896986512957
8,504,24.199569324962802,55.83511028666345
678,1107,24.202341806491283,55.595960984166304
885,1053,24.29732343319053,55.765491392725366
611,273,24.303244148253256,55.80775072971343
779,476,24.22758516121327,55.55
655,12,24.10966448663858,55.695465133033544
469,793,24.237477189215678,55.70783205458356
248,1135,24.123042866130195,55.63164881145141
881,994,24.24867417028464,55.89528029094745
248,51,24.136469394788932,55.66240098087228
215,894,24.199224505940716,55.767205293896765
373,788,24.33166520716546,55.615515933112
546,1130,24.213038503679872,55.68744693666774
602,59,24.16314953731129,55.69532475820206
399,77,24.332921373885856,55.76321039461192
745,696,24.255557410715618,55.69994773752113
225,1445,24.35,55.88173331645304
721,183,24.10778902844143,55.555175198195656
577,1331,24.344109484247756,55.60328215732821
548,704,24.289381855307152,55.600559549747956
406,864,24.1286589484212,55.59910473401864
836,1125,24.16820065437851,55.80695908824259
336,1388,24.35,55.773720418231335
146,729,24.208892819325918,55.7341037687019
391,869,24.11476165310102,55.86729774990464
921,1114,24.139255315500257,55.75269974044797
903,1184,24.11463345109604,55.71288195299684
837,9,24.31003324629938,55.58155890217423
86,902,24.161274192682676,55.852525894828474
451,630,24.23289875342481,55.85061403912488
37,82,24.187084384917753,55.59558647239544
597,786,24.322683116094233,55.660686771083206
397,1324,24.35,55.61487178186383
932,1213,24.154535827016385,55.71639891657543
191,43,24.088007985512075,55.74809078195605
294,409,24.23389020265177,55.84180499847245
878,675,24.23343480842718,55.9
121,1276,24.25729261983032,55.63952705096011
645,642,24.192435444044705,55.82190019737626
464,1252,24.101665012091562,55.726451271560784
770,1468,24.07,55.561278924539735
976,1432,24.143061341668467,55.703498503299976
765,1088,24.26694171170452,55.55
143,245,24.081783642112843,55.59112833097814
791,135,24.35,55.886897741678425
791,816,24.31822776485595,55.89363121181733
57,364,24.112215281744856,55.8268671300893
662,1365,24.108553357061993,55.76439614375299
878,137,24.255526321608947,55.9
50,974,24.16744162120157,55.655201022328114
954,1446,24.21532778560252,55.726880580602035
96,331,24.096710441173602,55.7449472600564
78,56,24.174184806220044,55.71976375529844
669,1206,24.272676039067672,55.57614000452925
511,1330,24.107275234060335,55.80939078751895
337,1057,24.07,55.55
987,766,24.076413952810064,55.84207114566621
314,888,24.2154222066111,55.73423300820233
772,1077,24.25977219400931,55.82993099910431
869,304,24.260818876307273,55.832482917228255
566,963,24.22531939706967,55.72774844411937
386,1074,24.220931709083825,55.665259852784146
200,717,24.34019544650264,55.59960307538658
370,491,24.133662491718056,55.9
438,868,24.32825906711284,55.59335861004301
689,819,24.197603267735605,55.726349145228525
135,657,24.3036713635925,55.76222257863658
200,938,24.35,55.599615526302536
256,616,24.135602168470193,55.83410729489101
28,1036,24.19940289944733,55.663609255702916
836,123,24.15040437671726,55.76836260161636
373,186,24.34708077442682,55.63913664395981
267,332,24.094055493564063,55.64216243958096
991,1122,24.076115354466857,55.62237871774536
144,582,24.35,55.69010023619238
566,640,24.234125259855425,55.69497355208929
579,1428,24.262730464115243,55.64490145743724
590,1192,24.238120605788783,55.73277373040909
294,351,24.255645415741444,55.83144081869494
568,1384,24.258976456266534,55.648328719610575
451,526,24.25760884350672,55.86358288248001
880,140,24.130586919833227,55.798285767278614
962,968,24.208885010057518,55.805014500422985
433,338,24.17451083481062,55.6518135817607
310,1334,24.164011153143257,55.630423861147726
408,40,24.338510234079013,55.74539148342034
630,997,24.09261663672605,55.594642669794005
96,1232,24.131504103095153,55.753229688342024
115,289,24.09497776830663,55.556475020174744
388,919,24.227351256356187,55.80765783597292
55,369,24.091685578050555,55.764958251721275
443,437,24.07,55.70614136839198
861,120,24.16028260074119,55.59902418611514
744,1014,24.07,55.62964747403638
53,1230,24.16771504332003,55.55
525,652,24.093066165354493,55.55
791,88,24.35,55.86335232599115
580,609,24.164440721352925,55.79456427179961
775,503,24.34827656748744,55.73353859116208
197,1436,24.169506379241753,55.776246298240125
312,892,24.10451418706901,55.55547149315505
215,1068,24.24142347015848,55.74281528925868
866,303,24.16993665817389,55.62756884707552
366,577,24.23270090194061,55.58106053510285
769,821,24.12819583571935,55.80915348587907
563,1281,24.151805168368092,55.65498752280266
745,13,24.268643821105194,55.65821905791239
439,625,24.297808953645315,55.86275611489958
700,1150,24.142008357423226,55.89548269839826
657,328,24.265460725158086,55.55
488,67,24.15530731245047,55.612626639932195
225,1211,24.35,55.87756354291289
211,424,24.135226976505148,55.74893754131304
51,1450,24.23688930288281,55.69187243675376
755,606,24.084638644840986,55.66733056460368
501,550,24.134540639264827,55.71139014201106
928,237,24.35,55.6802492293474
127,1293,24.08479997325871,55.855212830064026
904,382,24.07,55.619316997957235
677,1423,24.35,55.83301551136593
989,464,24.07,55.60804746223189
694,957,24.251595063555197,55.83547597310254
903,424,24.124149677034872,55.74473160058497
351,441,24.163088774446813,55.87386270439348
226,703,24.20265839706448,55.55
557,540,24.13533238217856,55.784359635964336
67,779,24.20674673594528,55.56162279245123
9,512,24.17444638220213,55.7195617515466
554,1150,24.15021248024584,55.879019231615224
766,954,24.155639572963263,55.892569688587834
258,718,24.121933400733624,55.72706542643143
578,1151,24.145846728832627,55.766970568893946
490,1125,24.167867415318607,55.80584041216923
440,557,24.283491260363842,55.60733678689491
791,649,24.35,55.833867737720986
366,739,24.25606512989669,55.55504252582299
392,1350,24.175897859671046,55.794073187831465
464,369,24.110253956822604,55.697143236740914
385,441,24.14386544251125,55.88041018877777
928,1499,24.35,55.67292915310708
850,74,24.233111181946956,55.822951866279006
86,299,24.121603881361874,55.84001014242319
86,1303,24.17004308298177,55.865332492201105
44,1030,24.20903867418176,55.88977036427198
915,1057,24.10475998183165,55.55
676,463,24.262605993176397,55.77596500518812
440,1398,24.288995688265867,55.59460586891297
198,212,24.080910922978727,55.70182469414803
524,1164,24.235795161518798,55.79286252124598
533,40,24.343889623061575,55.76293484885688
267,631,24.096699924815304,55.68035187142071
775,139,24.35,55.78214714766718
524,271,24.23750911387374,55.83365523443667
319,358,24.28326302668842,55.88088947681539
536,195,24.07,55.56573908905769
137,1176,24.247296795380656,55.767664836523885
554,223,24.10776631289274,55.89458030144785
268,92,24.207171726641267,55.592207672687614
74,611,24.19250657874567,55.66009674687385
459,1200,24.304425630303363,55.86570202477894
391,417,24.079698123511236,55.89660027239731
79,466,24.098327648982366,55.631068701971785
182,176,24.241006621613476,55.61793458984694
915,64,24.119633913384025,55.55
772,105,24.253139215792164,55.799020214414035
8,292,24.24760122277849,55.79628461984641
880,1390,24.162416379162686,55.848106920053205
136,1366,24.140103907443994,55.79122226753109
662,1350,24.157875887481897,55.7424051959697
136,451,24.152306013354657,55.743431305654184
206,1412,24.083753120106973,55.742739374327215
73,1308,24.328758208104468,55.698213045046174
759,1241,24.076127464334323,55.70576646016119
60,795,24.088553503158504,55.71746459004578
525,1057,24.087905399026315,55.55
563,695,24.12682170155967,55.636321472940715
651,1123,24.162187849697283,55.80437245782434
409,670,24.121392289887197,55.86288222325955
562,462,24.14668112786565,55.87573174198605
105,363,24.205046815575578,55.600258156962845
979,611,24.196579666465862,55.681159548813774
240,1466,24.176521190435118,55.78924234309808
917,983,24.21561674917002,55.5991869684216
14,227,24.29030462489096,55.55
288,1160,24.19005721955325,55.76927579040813
373,796,24.301618333809483,55.654190057321394
781,45,24.16541510215691,55.68114724876343
74,822,24.1770957479605,55.64307810311424
732,532,24.28165010126951,55.8288368786399
576,182,24.110870948849286,55.73247031648365
133,1446,24.183939073771445,55.78288367972055
577,1031,24.35,55.59344083470518
155,83,24.125381501646217,55.57497606092821
953,1177,24.331668022547188,55.8228492043792
749,761,24.328643894836322,55.618335983450486
862,411,24.116220449950877,55.81206254243393
744,521,24.091527893718133,55.595062119146945
972,334,24.32361074857708,55.6627946823881
27,520,24.321196389768733,55.7216771050567
657,644,24.284997106476514,55.577583680936335
991,169,24.07,55.665333897004906
818,63,24.21262974179411,55.668450705202126
182,47,24.282206158045938,55.60462117852818
144,334,24.33432260142321,55.67958345157863
596,477,24.25375924864961,55.72488621475819
248,471,24.176691289235176,55.6587360447063
577,442,24.35,55.61300705188209
791,1211,24.35,55.83218767248851
322,989,24.17850535667366,55.57641446380394
584,1007,24.30189741370953,55.55
518,1374,24.0790783126658,55.871637154392026
774,794,24.22455030614802,55.72446616351961
867,689,24.30827660133915,55.69485191540486
505,335,24.096784987742645,55.9
769,835,24.138053047247084,55.85448183549126
46,517,24.229427319796372,55.66407543481166
9,459,24.12863368187605,55.68962842068448
91,1244,24.29282113429871,55.74627702682801
73,624,24.35,55.65464500115815
75,438,24.322275703117647,55.67889446683141
259,1470,24.173698824417613,55.82006313221455
397,122,24.340746635353742,55.570748373318324
688,160,24.113253189278147,55.86583580397542
234,97,24.233313756887814,55.752923211014846
894,1093,24.18157938410035,55.70510351458476
798,826,24.19089877905895,55.614260696926785
789,1139,24.28797415746007,55.76299792457274
351,506,24.190114784477693,55.899945215355594
240,740,24.182139967995152,55.78010539944081
309,381,24.07,55.579229713538076
34,724,24.21166731206347,55.82754591445797
655,734,24.152910296403334,55.71365696492396
338,677,24.16177393218457,55.89952496212212
409,452,24.11006738172834,55.9
751,804,24.19914113619883,55.84523015975153
527,466,24.1374471109903,55.63538922528701
82,111,24.096150174093985,55.890576650972115
694,1423,24.300164281452076,55.88184379869296
177,879,24.256807006235313,55.644421920184996
357,168,24.13918345021702,55.64689607901431
586,311,24.19298748825111,55.9
440,1149,24.24259051795874,55.625425286485
401,786,24.35,55.64329266330659
699,206,24.333135975532162,55.82845516056858
439,820,24.30874129572704,55.86344103732151
563,83,24.144988399879207,55.64257790666602
31,394,24.28249215047772,55.742890182048704
482,156,24.334911068567234,55.679260405090915
786,907,24.27488372108014,55.7593232341488
551,173,24.256062022910935,55.67820102200641
616,1342,24.171132943290566,55.627038288660465
108,658,24.167798002639284,55.85580598084445
850,1199,24.2483147566382,55.862795022667875
597,1263,24.335973601322003,55.66898524706249
385,111,24.15567833791085,55.9
601,240,24.344264355824208,55.88726480625226
972,680,24.323929384042216,55.71188666729868
388,74,24.22107743850744,55.8065957813281
984,1292,24.108006102186625,55.64236259958501
635,1353,24.323030677653,55.80145543707442
946,1038,24.217920624507215,55.81710834722339
867,960,24.284880151965723,55.68852146362075
879,238,24.190527562073314,55.77901395352823
887,1057,24.07,55.56069567217324
488,999,24.169551914048505,55.65941628453814
41,939,24.18970467504768,55.793147119974336
55,331,24.07,55.78773823809219
293,544,24.125416828271575,55.892337689903165
993,1166,24.267256553080113,55.66185938225337
312,64,24.123477134404958,55.55
139,7,24.35,55.854804221798915
770,864,24.07,55.573732963205906
403,363,24.22223715394584,55.59178796281397
414,814,24.35,55.72317086170621
775,254,24.31703642355773,55.83175252972737
972,1179,24.35,55.74375118605899
444,445,24.35,55.9
802,474,24.16119600858164,55.85860335328738
256,1157,24.136305993255913,55.789745961035855
30,481,24.33357450913406,55.612792108963276
501,306,24.173804022273682,55.747657585255645
336,1004,24.31055914083376,55.761810199383824
562,418,24.099540156252914,55.8785555334422
198,1225,24.07,55.66252066967363
206,1297,24.097835599191786,55.72281374257263
737,451,24.121872437924125,55.80491950811098
84,724,24.195793714055984,55.805676092281686
374,282,24.13947884183449,55.9
665,393,24.321852960669382,55.86755210513159
479,1460,24.24105362259019,55.80749490659588
669,644,24.301170628506185,55.55
451,1478,24.257655194235312,55.845343048791364
408,139,24.323487966384107,55.79128811553982
398,826,24.10999253286077,55.62742366670117
686,505,24.164219609602778,55.68412148792501
520,993,24.301673621466144,55.677468811341086
837,1488,24.26561466597256,55.59920520897948
429,400,24.07,55.81193032551661
285,349,24.17510218864509,55.643290677982364
427,935,24.274917843036242,55.710517428226744
322,171,24.169409152445386,55.56237291920644
208,1375,24.35,55.69751099311453
973,1347,24.141411018476756,55.77533479357354
272,1089,24.221874090618446,55.617457907415464
558,1447,24.135081429118866,55.62740585843713
97,1419,24.326798343953033,55.62415282252602
593,976,24.316896645287784,55.75915811312538
601,1207,24.34156183407548,55.88036180662363
877,315,24.1662455164585,55.9
759,773,24.07,55.68611520384544
264,592,24.201553669165893,55.9
973,853,24.160313804293427,55.814908542968
931,204,24.122161044463045,55.714328681451775
334,1086,24.07,55.694872321409726
572,54,24.242424224245408,55.559892041988775
113,1218,24.12506205501276,55.6638115777514
206,1152,24.084038106927537,55.69274470544872
272,225,24.247957460091378,55.664225629553734
568,938,24.297946756261084,55.612973001171
579,13,24.259634137439093,55.60018860707017
406,1432,24.166408208555637,55.646403385162444
882,1299,24.31054663113477,55.55511738372428
439,1075,24.309777318794787,55.883078939809785
953,1239,24.35,55.80755484156246
576,1018,24.139405819367116,55.76535197799192
329,806,24.174795369660924,55.75156478475308
403,552,24.22956438172494,55.623202656711555
563,1369,24.133007103441525,55.59481110810805
687,630,24.20580690190954,55.83417294661666
786,218,24.245752078533755,55.730034618836946
973,1058,24.165232442217565,55.806155971859084
857,1062,24.0787479913398,55.553641643786165
645,842,24.167916606378615,55.81702085818302
762,1452,24.283351126545718,55.78942820627328
582,522,24.183400445934257,55.687907943325435
910,510,24.202162950158463,55.639632041162834
57,287,24.126233826542222,55.84545113046489
974,353,24.345161732868128,55.9
947,1375,24.32092651027389,55.6284012637245
127,414,24.13379174399148,55.858598475353205
213,1189,24.074962726126603,55.65944959046878
724,490,24.24288678466777,55.76000190256744
909,669,24.338781200050114,55.61875483178488
662,696,24.18739380176471,55.74203628982929
878,409,24.218834345994196,55.9
53,832,24.15932779619475,55.55
903,1285,24.129608711333976,55.74894456166738
767,176,24.2943468651368,55.55
278,67,24.196191316787235,55.64643301291084
205,430,24.14227369426939,55.55
292,169,24.07,55.61996074753569
261,975,24.35,55.710406881474555
8,815,24.212485369063803,55.773497872737835
406,727,24.18796376096892,55.66203455562981
366,1076,24.248287713804405,55.58780896648036
597,1337,24.314591177408385,55.699132991369005
577,122,24.35,55.59968581015588
498,326,24.276467188609924,55.791463169081645
976,697,24.094087338139122,55.741076048361805
349,152,24.207218769260937,55.84264670804393
781,764,24.211989974428544,55.70177144903696
585,193,24.35,55.603371083990695
881,712,24.28955314907632,55.847297340100184
813,918,24.3397628406014,55.653102407319196
143,492,24.07,55.63297219465617
910,114,24.236192018883607,55.61256825152675
135,971,24.287232513119584,55.72793540164482
596,1465,24.271427853503386,55.70350677268237
682,1237,24.188498724604877,55.64401133842084
593,89,24.339919295353493,55.77195869765937
225,1477,24.35,55.87030435794214
809,890,24.240451272784743,55.65910988447609
128,959,24.35,55.64915139401935
443,1286,24.07,55.70406444835314
384,284,24.219187003765704,55.734968913529386
317,928,24.092944029889036,55.80297162975206
190,754,24.217546309913146,55.82413876194261
200,756,24.32894913692732,55.59650068919193
831,646,24.094198551527647,55.860197631566884
541,1071,24.096665139984182,55.81551540699505
846,335,24.121041767605856,55.84025677803068
822,851,24.158238596292996,55.818617191309194
508,896,24.23141726938556,55.56614771999443
280,820,24.35,55.85161700133904
765,402,24.230916237883186,55.55
167,682,24.07,55.60633894929685
534,110,24.20924521507617,55.63726703224806
997,96,24.35,55.70146346451758
582,1093,24.17312499982303,55.71108296194586
846,142,24.073386003339966,55.813795062300784
869,910,24.260363207980177,55.80015717095006
767,843,24.341727895928624,55.55
206,1431,24.07,55.65503479135084
708,103,24.07,55.70468223414672
103,943,24.154236345044954,55.736313743431346
836,1091,24.147194980371466,55.73622172623035
974,1035,24.35,55.857135893142186
768,402,24.179127493516063,55.55
441,471,24.123555103249448,55.628717236446256
67,447,24.21354086978574,55.55
831,1374,24.09670744452113,55.89986986335191
694,591,24.29277547045082,55.85222003586112
620,1126,24.120997218290572,55.8174866008065
457,564,24.115005510743714,55.55
174,61,24.148073789317607,55.89967507692079
89,724,24.2107486570058,55.76892456746859
22,420,24.26875009610149,55.84085088838936
658,1031,24.35,55.58610653006759
836,1385,24.16139180535295,55.74309998619373
676,620,24.245420318080757,55.73870268063157
584,744,24.344232027845134,55.56740477789688
630,366,24.07,55.618995328290666
873,1255,24.35,55.756148364548054
674,1399,24.220017806834765,55.9
55,881,24.07,55.78478379552659
964,333,24.115817988185096,55.86304064168597
794,1124,24.10317461908084,55.819046218007685
403,1289,24.19312333168202,55.59369734311704
364,41,24.210507648607074,55.77096751799546
146,158,24.159578128165673,55.69175330469645
429,331,24.07,55.786391628887486
794,1220,24.08615627938467,55.791753574371945
638,1025,24.25172654177183,55.870621030555576
590,621,24.24111539567337,55.688602163004454
712,863,24.323496578903786,55.76010692189651
279,1432,24.17128480011127,55.64241212756669
488,1184,24.12185592584582,55.70457409994775
731,276,24.170154287171222,55.65926607263326
531,221,24.186839641729364,55.725798044776845
137,603,24.250749675271138,55.72450648339537
89,352,24.210277214749496,55.71927209908708
166,1193,24.35,55.5876767691651
67,568,24.217819768766415,55.574269462375895
135,41,24.244366085511675,55.741683117617804
951,1249,24.302823963763185,55.75905072650099
51,229,24.214487018141373,55.730333943451136
167,542,24.07,55.65050156637262
598,916,24.23224137458872,55.55
657,241,24.272615934990885,55.60962685958793
788,1151,24.199655846973183,55.796309845572196
602,937,24.186750831749873,55.72851773632126
148,1457,24.093689826118773,55.698455712053175
708,356,24.07,55.70267836991511
919,1479,24.324339482621827,55.869962763143185
55,27,24.07194128266179,55.76993151782523
443,1184,24.07,55.67913601005188
612,1406,24.21607291122683,55.9
934,1299,24.300266170303654,55.553130276000616
675,174,24.25717515159338,55.55
386,154,24.220402798011644,55.64250675362444
383,237,24.35,55.75404062345888
429,160,24.086115473078706,55.803231495073334
562,1067,24.07,55.845607907749645
268,65,24.185330277348513,55.58701324210748
576,974,24.13808829791209,55.72308707193549
676,97,24.271852421891474,55.700987118973714
441,1481,24.11260120303774,55.59836383700868
707,204,24.07,55.67704729681969
577,249,24.303195389354627,55.563270961432686
93,34,24.2065434524218,55.68702078915382
762,386,24.24340432461385,55.835651959959115
470,815,24.229966503775685,55.70683394673474
724,194,24.19770308177864,55.78006729045892
72,1141,24.216791314847494,55.73077330604216
457,116,24.120721517930114,55.55
665,1409,24.285255307262105,55.89509439287191
443,1248,24.07,55.703797813383105
984,1034,24.07652692142357,55.65483847517896
26,1102,24.1639268043098,55.75453170739624
467,1175,24.110938147973826,55.83424667485895
919,1096,24.34892698498818,55.9
256,1168,24.158146983367065,55.82711162786514
903,375,24.164692237819295,55.74446299148641
805,1035,24.35,55.9
457,165,24.13321077438392,55.55
700,310,24.138684050690117,55.9
312,1208,24.146938824320966,55.55
204,548,24.09559468696906,55.68201377938115
98,1471,24.188142366494535,55.65013948285653
590,1276,24.259616061433437,55.643295135591195
392,1116,24.135286112748734,55.822044658396514
122,561,24.078048244202126,55.70704862440345
174,1212,24.1394422046172,55.9
554,255,24.09690834623799,55.84739676762351
763,312,24.2321361879638,55.57340512621617
958,554,24.328839355148688,55.55
73,1337,24.35,55.685755048894094
494,87,24.27802252801378,55.88428400824833
653,970,24.283657092177627,55.89434199536598
205,165,24.10716826208576,55.55
166,1020,24.303674687506252,55.57385074864487
908,277,24.150393369328363,55.64121979812253
493,314,24.130326783115105,55.734415718710196
7,1134,24.138913357822183,55.63703071594614
121,916,24.243720769987036,55.60429955710586
73,130,24.338180262433553,55.704706646710854
987,101,24.070936954333778,55.86137978110772
948,374,24.274366326298452,55.770409682933376
231,1131,24.202754537374815,55.60719129520903
498,295,24.274491897893128,55.831689995243515
964,411,24.102770822503743,55.82419318904705
145,538,24.236583234108625,55.86881207372047
585,37,24.35,55.62770619553081
797,1278,24.221650806690135,55.70318705860726
322,602,24.19902249064726,55.55
688,817,24.130999931202012,55.8968916882903
788,1260,24.24624824121858,55.827829157332005
644,471,24.168136200891794,55.6515729595188
570,1270,24.35,55.79765944903954
678,1130,24.213988408775865,55.63352872132337
777,826,24.161763733269403,55.654270563172055
238,737,24.28596886529139,55.721269762072815
27,1004,24.275980668049826,55.74074099132433
860,242,24.294647818116257,55.89488420124634
278,1119,24.156917395771806,55.69327265925218
391,792,24.084895172745362,55.9
533,1158,24.348372878284966,55.78834974059567
860,528,24.298640946540036,55.9
318,1372,24.165978750444335,55.838810962581434
645,107,24.14879997357653,55.78715332333683
709,1402,24.261467279460327,55.89691393549372
10,529,24.24482951291082,55.5504715944241
904,542,24.07,55.625912445493775
668,1399,24.19847089562477,55.87394782787898
752,879,24.241471790753035,55.64318572589529
602,1187,24.195387351827296,55.714694381291956
414,789,24.35,55.723732199222134
626,1368,24.096471123984614,55.618953421457846
276,1497,24.264299854848772,55.603125753006026
54,711,24.146520276436117,55.64682718622668
687,409,24.188444592776957,55.88362277259665
796,1027,24.237624315985457,55.752911078709815
31,1316,24.292576832731744,55.715164728999575
548,850,24.28006786737452,55.57127320814413
34,609,24.17059373977857,55.796294717693684
836,1167,24.150264169015234,55.73617622395498
91,1084,24.26423977677795,55.722812909048
745,908,24.316256290811094,55.67575877366549
645,1339,24.129429182827906,55.74885062000023
766,592,24.178962320865914,55.88170952148305
391,742,24.07,55.89360662812753
859,341,24.24159291754803,55.9
565,539,24.07,55.59074240707822
208,1485,24.35,55.68123819575752
127,1019,24.151794658172186,55.82428776359979
968,257,24.3304341468986,55.62187518026055
156,232,24.07302611605211,55.752272611390445
590,3,24.28248765074151,55.601979011685245
712,1316,24.293293826428677,55.7657729194191
383,1425,24.33191486689951,55.75836127303165
882,498,24.287781144688267,55.57322449317802
155,1057,24.109774138147106,55.55
464,118,24.117158624117806,55.70119987544525
676,38,24.289215620135607,55.69641877953823
669,1007,24.30290587710983,55.55356118717213
191,837,24.072551900292304,55.7071990613038
192,1321,24.09125896504468,55.67806522221029
730,866,24.154010849805577,55.754596030308726
346,916,24.2414452603388,55.592204531433026
600,387,24.115510696369604,55.5824600711694
102,1139,24.282837062743262,55.7351520306143
973,1216,24.142976267934547,55.77850006686967
517,1045,24.13192485211842,55.78868820794898
24,1010,24.117530068182965,55.66005176567406
192,1389,24.081633573690933,55.63735241790129
659,893,24.261880119475187,55.55
234,1083,24.18967337520077,55.778769368469774
861,860,24.187814642814352,55.6288117114334
583,257,24.29612474778421,55.58657243298149
743,506,24.142904935657473,55.846068097005755
240,946,24.15532537478404,55.796739928193524
767,1063,24.302326211640686,55.587687897214664
293,610,24.092580454553644,55.88065055499315
8,284,24.181161832860806,55.740136781431026
681,732,24.35,55.62429799507567
192,129,24.089772402913717,55.650521770517216
768,434,24.176227492205953,55.55
416,1184,24.1122108256735,55.66517813950112
322,986,24.208233817917304,55.58653392047067
568,735,24.303536452588467,55.6057737148985
322,900,24.201312799302624,55.59445769422602
364,1165,24.180515166378186,55.760651275847984
98,29,24.139090409460877,55.625743241329516
729,1077,24.246959143508118,55.78640987718712
631,856,24.241638407542563,55.690183484735904
312,602,24.173144285666176,55.59128476535386
457,525,24.159948822829715,55.551804462418886
505,1150,24.132925190735588,55.9
755,1227,24.13395606174126,55.65847863565924
768,348,24.171426243451045,55.55
563,836,24.132454660882882,55.60702097779795
597,213,24.312007823678638,55.71594576885118
744,1487,24.08582625402463,55.61672230433705
597,1417,24.34261390716848,55.67178776138291
932,929,24.132559048756946,55.72264357840756
657,1131,24.233465545431596,55.5928053563583
211,435,24.153327383836004,55.791674160888
128,36,24.301143195849463,55.6929121498233
977,1298,24.288717085809655,55.78372958006497
215,323,24.28977794619077,55.786511255977906
362,765,24.221235432884644,55.840047606795736
444,72,24.323406799730872,55.9
974,1479,24.339217444401882,55.87984733682202
190,1194,24.19230590462376,55.85778658009817
51,724,24.170694680576442,55.766285945828194
40,1029,24.125559591883533,55.781121064469104
745,993,24.33570825346071,55.649771434489445
818,449,24.261348021732605,55.65304590961594
330,964,24.19525480131185,55.861451453987556
327,1402,24.324023334356816,55.852296423531214
813,1069,24.35,55.64828371318622
180,784,24.325834890162717,55.74150265112809
889,1491,24.3429640876857,55.571082223161326
886,823,24.212561743499432,55.87977065884175
8,58,24.137699689224004,55.74059708278203
598,116,24.18898940843997,55.55
342,384,24.159925584744407,55.7544034298327
889,416,24.35,55.576133129616075
456,210,24.35,55.75838604342124
27,288,24.30605450313219,55.69698454495645
635,89,24.30526545555794,55.77263840149746
488,1129,24.100607019822267,55.66514656782567
231,114,24.222179350087178,55.59228199072081
842,586,24.259823106164824,55.82974170509509
674,518,24.175527431794244,55.8854374352025
586,137,24.242297157967588,55.9
113,187,24.15027639380903,55.70305078933184
8,1294,24.097187940888457,55.78168414985985
866,1078,24.15563620397592,55.644782560037534
928,624,24.35,55.657985780500596
7,965,24.140006567185846,55.6000318088354
505,100,24.143451826523158,55.891072630035104
496,512,24.180228090392532,55.728681324076
200,91,24.306745601246664,55.5580062265154
737,866,24.14898411765691,55.83622860402241
416,1387,24.1181705248287,55.69083162351271
794,30,24.090927176762232,55.81474608259049
443,12,24.118036022880688,55.69983132355632
626,247,24.14386035900501,55.60037607852347
386,852,24.184972099626304,55.601822879619505
892,773,24.07,55.67927520682935
757,687,24.185074808998728,55.78377197369189
809,53,24.245107613286553,55.61668094427543
73,653,24.34358080726445,55.74888591848535
225,486,24.35,55.857840700922246
979,1454,24.15869933698119,55.65177660224633
964,622,24.118664659700112,55.86745021823093
312,1420,24.220904505867807,55.59390544734324
726,970,24.283546080328282,55.84441982430538
643,1444,24.127337136742817,55.61618307045053
596,603,24.321186678208214,55.72217576777184
330,763,24.160967371123274,55.857847004950656
397,749,24.35,55.551697042808236
436,465,24.161714700565756,55.83308257841394
964,461,24.163929182191758,55.821407282466986
689,1305,24.188611446277534,55.73896908679212
493,1393,24.1524153107118,55.75785628974384
220,132,24.07,55.86056256714393
292,924,24.07260619325556,55.57702510123471
133,829,24.175291271995857,55.78404252302251
461,924,24.07,55.63897797872422
721,641,24.11714901203079,55.59235099333161
347,1205,24.09330724623165,55.78155280807372
412,1107,24.215983577908446,55.641637231727536
951,294,24.29278360531019,55.75687333226002
324,1379,24.079516633092524,55.798312967571675
181,81,24.152543122504188,55.9
321,722,24.35,55.58194804755581
472,1253,24.148719362267787,55.75875941956742
514,811,24.30348268578038,55.745611748053335
53,1481,24.13669308590167,55.55030523288279
593,250,24.291562380057858,55.75089972373804
974,206,24.35,55.83891390492273
100,457,24.14495073818961,55.65501728275101
55,1393,24.109389180561454,55.723418309901014
103,1174,24.19311816601141,55.720936034387556
666,615,24.269581964823526,55.61055812407231
831,544,24.098925918660086,55.9
798,1462,24.179022200343898,55.613561322642326
313,1201,24.2633385757619,55.656820528459555
625,358,24.277736265128325,55.871183505474505
121,363,24.22798782925502,55.56697863869632
686,819,24.15798695035192,55.68137906904165
312,760,24.261988624106618,55.619180733030205
580,123,24.14917553949942,55.79825606567568
49,1111,24.258648405815105,55.81978810560655
82,70,24.07,55.9
576,1393,24.125038559506894,55.75310072507501
989,1411,24.09211890292399,55.642398383933
987,1124,24.07,55.868587114074415
908,614,24.18790244137063,55.64421926132613
129,1267,24.17904257277324,55.7895242317946
464,707,24.15324943999645,55.726559716608215
674,100,24.20120650463355,55.9
139,912,24.35,55.9
809,980,24.2366176075914,55.595440879592076
583,1088,24.263858138297095,55.55948526950712
181,310,24.133130168262255,55.9
886,948,24.165663894687356,55.9
166,33,24.26843947093082,55.612367941565395
528,143,24.22311476849112,55.701939519947146
986,170,24.295035993658022,55.61332750929672
652,518,24.17112708525091,55.86354739352016
108,163,24.192939593317796,55.864051023997455
510,238,24.228932592872457,55.73969568103003
579,487,24.239757144309603,55.57585356691598
414,1499,24.35,55.67936621160313
210,666,24.35,55.661728105126095
674,677,24.181495150550045,55.9
909,991,24.297905654279635,55.666910299608915
372,457,24.10883609355049,55.63641768275447
115,652,24.07,55.55
57,1212,24.12574279107575,55.89436225587015
464,819,24.172726188764855,55.70407372358474
656,556,24.097602963053557,55.630912706002384
316,121,24.224341052904716,55.9
554,1175,24.093443066473206,55.83270989036053
97,497,24.303213025762616,55.64700377995421
373,1064,24.335273375482053,55.63126341405956
108,1290,24.167404067967368,55.87361955444309
908,1187,24.177173156333595,55.68729465583162
27,145,24.30559113545512,55.714918010944615
677,20,24.35,55.86352803151067
374,415,24.157027284669365,55.869556170471505
608,134,24.277904107292553,55.76797528301476
240,1085,24.164118994621198,55.81051765606561
13,148,24.35,55.79867098979167
368,1038,24.207102734189426,55.85447745517596
601,662,24.314608232297086,55.84900149272457
28,569,24.183235124418115,55.692144130909824
889,706,24.34494262706257,55.5775349214522
494,157,24.30061683726989,55.8565170415564
441,1238,24.154966625282455,55.61916953947961
82,452,24.07,55.895109454109814
608,55,24.30671681064577,55.72232902597665
678,611,24.211578941638827,55.65094365450604
3,771,24.07,55.55
98,256,24.141861787797747,55.606130548519985
74,743,24.188612367247377,55.66585360450061
409,491,24.14724641962333,55.9
531,57,24.212398730786564,55.76666155188627
53,779,24.129378495271183,55.55
541,133,24.072941169228613,55.83686912804156
397,554,24.35,55.550986361959644
321,574,24.35,55.58124502214293
433,757,24.14765979083053,55.68053220169054
726,31,24.298772062233056,55.81721940189017
656,924,24.08912233274445,55.62968837890219
929,896,24.216827044387923,55.644838639296005
67,594,24.236925291358148,55.55
829,551,24.311302531917047,55.69692741524173
290,897,24.11614031077078,55.57984535844323
24,576,24.11182561609026,55.654233796779366
737,1123,24.171339494931104,55.84450791694409
336,1353,24.281622139872816,55.78344032345934
688,967,24.174892284153593,55.888535397492795
904,781,24.07,55.610002882575785
299,1301,24.35,55.57622071658255
866,2,24.169607545653943,55.65389328438094
357,45,24.169829075907867,55.653595042391565
324,244,24.12114848176588,55.755659758417345
712,230,24.31991569690978,55.76047752079567
366,852,24.21347008383066,55.55
119,675,24.228336598008724,55.9
267,214,24.110590001243832,55.67888195528969
548,3,24.311303409508437,55.58377760864278
789,1148,24.27983647157393,55.799779867486315
213,1382,24.07,55.70628397100403
181,252,24.166678799437054,55.884427034367526
749,615,24.281807196007072,55.5907545681582
904,1468,24.07,55.590305278606266
386,1427,24.166937202684664,55.61921998871577
31,1417,24.31701806263022,55.68240133496504
72,1316,24.23562882450587,55.769493061884845
796,1022,24.242716327898805,55.77203376326769
349,765,24.23755478184125,55.803036967914096
635,485,24.333022315231933,55.75222257241343
779,838,24.269920959675886,55.586728339461835
540,865,24.099177887597072,55.56470880808577
100,1350,24.147557799144007,55.70365371387722
448,1106,24.10702933020306,55.66429264494524
831,132,24.07,55.9
129,405,24.14460420273998,55.773539238630036
518,1050,24.09440570395158,55.9
572,989,24.223434213076327,55.55
12,1491,24.320159510986347,55.55
65,901,24.15109443235689,55.9
961,1119,24.155994455035703,55.70134718349603
626,965,24.147171638085247,55.64697463211821
813,535,24.35,55.63855666007299
657,1206,24.2830926432043,55.556979176504534
316,721,24.2116438042781,55.9
620,1058,24.12555113788585,55.77506123400612
533,950,24.35,55.813745393546476
794,821,24.07,55.82522888126218
991,979,24.07,55.70365713258239
655,523,24.107019039159685,55.75868778352284
84,1194,24.181872835280654,55.83902875524972
766,1030,24.15308868035389,55.873951760904674
259,1466,24.17161927665956,55.81350631031383
517,1116,24.09526573178419,55.81269379736368
892,542,24.07,55.63704259893329
337,430,24.11009240442923,55.57765524666121
169,1474,24.346860894311444,55.55070184089057
231,1258,24.233167040763085,55.63185312049137
800,784,24.31612487213348,55.76437992957138
543,1489,24.172313620184358,55.716495060736996
543,939,24.173813859235675,55.74514951891327
145,617,24.275099282988247,55.888649513332716
279,664,24.16536173907604,55.6708695994456
108,144,24.197848744326034,55.82585830864619
237,572,24.10763904963251,55.73552980289977
190,1005,24.197273216557495,55.85728897019869
796,1490,24.258117607179905,55.773250008751624
415,261,24.12359649329679,55.68075803899779
127,540,24.116664522965827,55.86312231120055
480,19,24.35,55.67834695445127
39,988,24.19995763279599,55.84524630250212
825,532,24.35,55.8349591035398
312,3,24.27442801599521,55.64138947402294
403,1430,24.14757949217688,55.56028610820099
607,1460,24.271903827828435,55.83484460169964
267,169,24.12561552678967,55.65570746658578
878,282,24.187943617535897,55.9
600,827,24.13042143852342,55.562352101280624
441,1447,24.145496511349535,55.57701316216759
258,451,24.1095624363128,55.7603888702186
835,1099,24.164591457101405,55.618166139912
482,536,24.35,55.666857180963106
13,399,24.35,55.756069551834536
267,1369,24.090863425488845,55.63962186847648
166,559,24.242615024472055,55.59273931808048
344,1218,24.11274345549319,55.686789866218454
674,592,24.17421395534658,55.86335116540275
9,1120,24.165258096975897,55.72713159755448
181,282,24.14946197437878,55.9
602,1357,24.165487019586152,55.7408179610077
229,273,24.28875349538615,55.817055061592086
984,641,24.07,55.612728714158166
631,635,24.24866467355922,55.69530491053903
314,187,24.187842670510932,55.72153219123735
980,1454,24.16589384927904,55.712842282621004
607,1118,24.28201888145638,55.80507489097382
825,1463,24.333877479290038,55.79390700111995
385,125,24.15627836278969,55.9
419,888,24.26529459097692,55.719324353780195
310,891,24.173367452850602,55.66943494344425
593,604,24.31506918513309,55.72914621725959
762,804,24.199036936766237,55.83467776974032
224,1265,24.244626689372787,55.675462283506675
798,155,24.13409700796576,55.589934977207804
630,638,24.07,55.57833294578852
675,990,24.294796334799006,55.55
805,1396,24.308932587862635,55.89170109962861
953,1139,24.35,55.757903179047744
433,444,24.15395045184839,55.702736679337
501,1364,24.21925950025145,55.76455118354695
220,1330,24.09574081209076,55.889682145426384
493,951,24.121392034999477,55.80501090341034
224,279,24.208037271094422,55.63913540001562
309,1034,24.07,55.60579605293168
7,183,24.127227960935873,55.56767018923021
498,1345,24.25208939470875,55.794632542619894
973,444,24.192185782595175,55.74369384831978
928,130,24.35,55.700663523395356
334,567,24.073013763998297,55.6637893891002
482,1287,24.35,55.681250171099336
358,432,24.08562027712353,55.9
994,94,24.291670379187813,55.80312720334017
823,1032,24.345496599215217,55.78683226129283
606,41,24.262946537699072,55.76589531571921
951,950,24.294249866861684,55.75531373074258
166,1127,24.28332472234877,55.63222971628613
321,1322,24.334038292429643,55.59186734249851
987,70,24.07,55.9
948,950,24.28890898364849,55.79440076914727
880,274,24.185645321027117,55.83940133741036
129,546,24.13626502099315,55.805740768439
129,618,24.11537309327964,55.798738555068105
187,822,24.230669466158762,55.61757210884603
122,1365,24.092014096003968,55.71349435506186
403,1094,24.172869608919697,55.59380506581733
527,228,24.102420132397867,55.65754166052767
412,800,24.2458218894529,55.6752972339185
57,467,24.149477037498915,55.84544520667663
860,849,24.271372428807386,55.9
384,1151,24.207534502625723,55.75558359409519
548,629,24.325249205430744,55.55
680,823,24.22101643084663,55.86504331976473
24,1431,24.075080861027285,55.65342859467788
106,1386,24.16329446188869,55.80625390236399
689,1161,24.200685200227152,55.70028107697141
291,743,24.20198064599541,55.66292919489033
649,944,24.170197691813453,55.82232276683011
548,838,24.285741393523633,55.56661340545339
961,1237,24.19374229793672,55.68711700703505
457,1333,24.1675782209796,55.59346511150636
205,69,24.120836436509478,55.55
626,655,24.11706285164976,55.69309735577173
349,1278,24.208150545981862,55.76675034557931
315,819,24.175955953182,55.73498957818279
598,779,24.204141987737838,55.57226185694067
566,326,24.27956052421346,55.72849808991642
115,165,24.078906831439724,55.55
391,440,24.105105318067857,55.9
136,1216,24.14637671448717,55.74666170091948
322,615,24.248853343744067,55.636298854296044
100,99,24.119290672145475,55.72597366572317
403,162,24.16375590747642,55.55869544953179
885,911,24.28679522365024,55.75151428176516
156,275,24.07,55.798533834388714
398,1433,24.07,55.67719934010379
121,177,24.214219003028987,55.61196524432221
65,371,24.190781167506884,55.9
231,190,24.204945982899165,55.632133101361
726,912,24.34836411034893,55.86392972412695
373,1154,24.30240136764521,55.61642554499888
57,1458,24.131005862449662,55.7968376454485
394,711,24.076590518077793,55.64707148732009
268,476,24.228107609309383,55.615375414610085
268,880,24.213842748380177,55.63184732792136
790,1312,24.187075327833604,55.9
34,95,24.151438576261253,55.74712252230811
815,56,24.21736744375228,55.72381557570548
663,734,24.176872694213323,55.658780133369056
41,326,24.22222868791462,55.763879360877006
739,72,24.32656947122181,55.83184364519635
220,160,24.13305663973865,55.87267729711439
364,1023,24.14736044921186,55.74537400273148
586,252,24.22095474443562,55.9
607,1244,24.32062769508113,55.79927589507542
35,724,24.20521080524393,55.82816127528874
750,405,24.143329930783118,55.78657043133877
779,796,24.24513156141818,55.61964796856918
828,1167,24.093354056311096,55.66833211319729
137,1060,24.228648773413898,55.67763183804112
857,318,24.07,55.55
505,491,24.16683549602247,55.9
639,819,24.202176403274848,55.70801328924806
119,710,24.266395828407173,55.9
426,51,24.093900219770713,55.665354075146766
198,606,24.07,55.64102541420989
510,229,24.208417655494415,55.71004766790845
292,366,24.119719689395026,55.60427751568171
950,1005,24.18657282551771,55.859871471675675
616,900,24.22109317324566,55.584519080730566
428,963,24.302456436542194,55.69794634800487
392,435,24.10098595938642,55.8044895330658
721,864,24.107859355028463,55.58775867882166
823,1484,24.349873812461944,55.76529674288375
191,597,24.086415724415318,55.69170832356375
652,80,24.188167752296945,55.888770965541376
972,1499,24.35,55.71044796701475
511,166,24.08730644546331,55.794817945411154
264,994,24.2210698872176,55.899871992880904
511,142,24.07494784721786,55.780665898525505
309,1218,24.107031773300594,55.6014602532669
338,817,24.125050048389827,55.86152172200936
861,425,24.19811340780908,55.64620327140216
957,1409,24.332507800579066,55.87453561413805
429,881,24.077058238422538,55.78238629894828
248,1121,24.168741652901172,55.64411864399394
163,702,24.302608880550345,55.67406899060912
882,1061,24.27840181502416,55.616023534913026
490,384,24.20229168942054,55.79915495496466
27,1405,24.25968816547718,55.72533014324258
645,79,24.081389300858067,55.71198420077024
310,1432,24.15939990505198,55.70506396277806
993,775,24.292230865447785,55.63742935677726
788,157,24.248004236870663,55.83449462160902
757,1410,24.22416327057456,55.8034039558817
166,1076,24.23968037559156,55.63917020593135
745,438,24.32374699235441,55.66342429727369
686,1282,24.190755639743156,55.714133544376025
579,1333,24.228499165696196,55.55
27,1102,24.211765909646612,55.696425918848284
921,284,24.154738509708487,55.705179289080604
374,823,24.163905346991175,55.87757848871946
764,854,24.124719574456694,55.628808769097965
1,1302,24.231104143501693,55.627220818927434
633,1384,24.22997150634778,55.67059107655426
187,1451,24.220619244465865,55.622948821233976
155,453,24.10752997409344,55.5846932814832
397,669,24.33542987552111,55.57094258190416
846,208,24.07,55.808231859619895
598,317,24.233035317100743,55.59465236437422
264,341,24.26219695547345,55.9
65,763,24.174019162955982,55.9
79,1217,24.08730740065237,55.63402761089206
708,1135,24.098511758621843,55.679152138862385
743,1164,24.17979225343656,55.80759451149319
805,692,24.3238809481923,55.846620288019196
552,130,24.35,55.742214006058916
127,117,24.096313509360304,55.81755941550329
28,1010,24.142354969483264,55.66332124829826
692,20,24.35,55.87441806934969
223,1430,24.147587529407822,55.57411708937016
150,978,24.10699640747522,55.804320689188735
215,198,24.254908891745785,55.795298702116526
770,997,24.071808098310328,55.5512234029715
731,45,24.142956412888278,55.703426212977185
768,280,24.14230168262855,55.56352306687843
999,616,24.15474805389422,55.820510228117676
763,1226,24.261209380702283,55.59958544265955
886,282,24.195100660272857,55.880738500093074
928,1328,24.336141773635255,55.74476407820853
119,930,24.274955521697947,55.880944047702826
234,1391,24.238642007527567,55.77771561255202
288,1085,24.161764547262262,55.799579512961806
825,657,24.323259280853726,55.761868413941976
984,864,24.07548796763124,55.58115102391477
974,1115,24.318688845298972,55.85861528546682
39,203,24.201260239944595,55.806841584376144
192,1369,24.07,55.61407313172828
593,344,24.294037013131316,55.72109005574995
653,242,24.263730259970842,55.87530964772104
190,1125,24.18939842840821,55.818430528454314
457,1289,24.160232969879043,55.5536832042914
27,495,24.22419312088323,55.659524028027484
977,172,24.315251574666405,55.760195861545185
334,606,24.07,55.67200106590591
999,259,24.107358603697083,55.821379890954596
412,425,24.195999614306285,55.65325498437646
35,1246,24.228741518171255,55.87756114963558
150,1058,24.152658444234742,55.7778728987235
115,1057,24.07,55.55
480,1419,24.301602738088533,55.64243468213577
75,959,24.308643018774713,55.681865396797654
364,428,24.112057390445084,55.7760292927753
319,823,24.243642697674904,55.86693784545114
878,1455,24.205508191953605,55.89549802959612
89,743,24.211780519118452,55.70570473919175
63,312,24.23690993065109,55.63037704347085
310,548,24.12661792680787,55.720907368487005
957,712,24.284432839505275,55.83593053138486
349,221,24.24039135978383,55.72188191879373
336,1249,24.31141706558339,55.76726805883902
666,890,24.24732365322937,55.65436406104154
156,417,24.07,55.832679065066976
554,400,24.089529499008822,55.81258961211371
210,725,24.35,55.63999762642531
304,191,24.348514989414554,55.724766757536095
259,215,24.181597229474185,55.76968539524885
433,1387,24.108965400566102,55.708125967542
364,799,24.12210976753952,55.747672109871154
337,492,24.10912292830154,55.5704143902739
993,635,24.26013276059273,55.66084457967813
150,931,24.1686797312107,55.792484353524536
875,1109,24.257088822487287,55.670798451659046
144,680,24.315037078358504,55.71217384145536
1,587,24.25573415761222,55.65586166012365
385,1312,24.147720209037264,55.884556085320405
146,488,24.198859817383532,55.69087698792025
376,355,24.143901752934852,55.62446416528395
119,483,24.27883906530828,55.9
347,1043,24.07123924866541,55.7684271930734
688,90,24.182492120004,55.9
324,1180,24.105520012681698,55.79336952051533
382,797,24.219036102145413,55.86311023152292
51,951,24.14958495025774,55.74277442125364
441,1335,24.10317075895825,55.561447485153494
750,340,24.162161533382747,55.78762897132149
689,981,24.231641843512023,55.655106450110665
689,535,24.269414199585846,55.63357770285736
551,102,24.286291272295994,55.72454665232202
113,898,24.118088288344783,55.741920787827524
412,880,24.165557523447966,55.64823032505152
586,970,24.24153922136951,55.9
879,977,24.181379774352425,55.76668734718049
501,203,24.212383273492396,55.81084855072104
625,528,24.265111925485638,55.88329069492139
46,715,24.247064750667658,55.67432314258627
708,655,24.07,55.72706430857251
278,296,24.174886549872816,55.74067698861253
767,723,24.348838907591045,55.606310870503954
717,1354,24.07,55.89023312909797
205,1014,24.09385781803027,55.55947936296611
590,862,24.269198611428447,55.59550214002164
310,895,24.136248611981163,55.69112657916173
10,594,24.233877936689787,55.5926373166552
54,1414,24.118856447137453,55.67445567757166
974,379,24.2931577201414,55.845784097638244
917,1418,24.17485053092715,55.6143327638353
144,1255,24.349083526166634,55.751043974846745
620,1216,24.120230347112283,55.73615906200643
859,767,24.26860131066058,55.8869608903835
873,1499,24.35,55.71960154937562
106,10,24.113489380000868,55.79010796636558
161,629,24.269608619345757,55.56802653104816
386,1107,24.192423264326468,55.62283144258189
496,296,24.188309582700928,55.70461574251837
611,1435,24.320397012641703,55.77978843804459
993,19,24.279363428800895,55.642123718613675
678,495,24.182132083567378,55.609740632911375
668,1464,24.187347792176762,55.9
