Account ID,Task ID,Latitude,Longitude
183,630,24.25979599976684,55.866620533786566
967,411,24.14798548251438,55.77868200519163
499,149,24.09723711086818,55.580033589527254
522,1143,24.306837295777264,55.777746070915526
618,1159,24.347701430547232,55.7388403043424
963,439,24.290355891189456,55.68062136445179
109,444,24.17799661734521,55.67592513205858
834,466,24.07934776186295,55.65873572166196
335,778,24.138516699571156,55.63723966510927
395,795,24.087706872795195,55.64997369232129
378,1353,24.279604700755932,55.77906829864222
814,1073,24.083720520273367,55.77820250597632
56,478,24.179292247728178,55.632479076885005
418,744,24.326495984470668,55.58057843290988
162,1332,24.16287768947282,55.677372820045264
486,892,24.106553996101496,55.601815384484695
20,754,24.250495155823845,55.8182788699718
640,358,24.225774045480787,55.88506794232476
244,223,24.074759321075064,55.8783905420307
614,379,24.316212179440694,55.88746972603926
233,861,24.176527861251223,55.67022759904422
618,605,24.07,55.672959003612746
824,493,24.32892603114827,55.60747631081241
170,832,24.208014775333424,55.56250498328906
165,784,24.339309212500467,55.70902091967481
519,870,24.113080595415322,55.5917948182839
380,1028,24.259665916561055,55.77008628298976
159,1259,24.22833655380138,55.627866554681965
379,1489,24.15841549886077,55.752017167467635
341,436,24.148381244273654,55.82714565448799
901,389,24.198705773222393,55.63613191397897
587,423,24.295228267007936,55.56878084209339
613,817,24.13493625245136,55.87128939610259
112,684,24.07256535088347,55.74219020729017
858,1041,24.117388558233497,55.77412399378722
795,1300,24.099496657077133,55.79622867171923
332,629,24.336175746559647,55.609250987162824
799,1404,24.276540615142398,55.64980764199484
252,1441,24.27959753527805,55.861091652152595
515,940,24.22562364574959,55.612859983880014
341,970,24.303392363768516,55.9
965,1181,24.340288828242887,55.87706946540883
848,585,24.283365190712626,55.75789404538475
422,397,24.156946056403367,55.66692111686728
287,1157,24.108946114593685,55.77404948637013
126,1289,24.163131274645867,55.566986430602476
16,129,24.148769643586505,55.62998648287527
992,627,24.298463282524754,55.88083677598886
673,159,24.0821698499281,55.84738943219228
300,672,24.243365082043937,55.835793126926795
891,854,24.135843891955812,55.56839211202759
42,326,24.21278055744887,55.76889453601618
956,98,24.32946744388309,55.898869393822764
544,427,24.30239726161148,55.79222570428968
70,121,24.19611126837017,55.8744709080588
475,383,24.321328985552512,55.83390840889619
787,655,24.103870693461314,55.67645571566557
447,54,24.27351670189185,55.553238270511436
66,1448,24.19417520122603,55.55370044343873
431,804,24.243257112955646,55.79525557275327
944,1088,24.262072208526625,55.568660948094546
756,1009,24.158815532071888,55.61884086470417
725,436,24.19134834678283,55.888408914494605
923,815,24.22002692103205,55.78698618762311
114,544,24.101435207646386,55.82101772810694
295,92,24.174594153725188,55.55424718384547
15,1177,24.344781683570677,55.79152321535847
863,902,24.1541186565382,55.80273976457596
275,741,24.2484996334526,55.768503191949016
236,1051,24.28319816477055,55.56721471036199
499,209,24.07,55.64380374312611
587,898,24.07,55.725621964581954
938,1306,24.30295040850668,55.66688878125164
214,925,24.15463602233753,55.65815824936881
865,1465,24.292620375724,55.71821213898616
300,1342,24.17893565170395,55.644975208650386
184,302,24.310042756171146,55.79008289612226
771,616,24.087690119824973,55.8225669958294
905,917,24.094585332455928,55.55850884472178
164,459,24.11009725988325,55.749815842388685
379,843,24.35,55.55
421,1413,24.07281754461566,55.62505638422679
874,197,24.332015254139176,55.67898781179687
417,1076,24.20338760004787,55.60354193723508
826,1465,24.26818655321891,55.66591763487111
624,1299,24.26423058081946,55.59420977221613
913,40,24.344467593982838,55.707634006735816
839,1429,24.29429839174713,55.71729639368493
940,1278,24.18984859732838,55.72433177517084
193,1213,24.10039278089929,55.663730252034036
787,716,24.321594760314994,55.693786806748015
126,1413,24.07,55.55
605,41,24.24512542901757,55.77737669099468
502,532,24.345341548179352,55.816003749301146
704,279,24.181667837556788,55.71309706552696
819,1465,24.292081325528315,55.67149204695464
648,1412,24.085448235984998,55.72809526187383
622,23,24.194912000166987,55.611662503008716
168,940,24.224321515253216,55.56859773742196
38,1149,24.225891609190242,55.64873189440104
884,26,24.23036040905815,55.84601378513869
212,1159,24.337422155069664,55.72161465812001
396,342,24.213447869645762,55.66398945760865
895,1336,24.28654507729808,55.67035900388011
701,352,24.195612255754913,55.675058600461206
283,558,24.249230699788257,55.5882210971819
807,399,24.325088246748503,55.7799583345616
447,481,24.35,55.55
519,909,24.317139234784882,55.55
306,283,24.22012709372461,55.71067191433557
228,355,24.111872608277736,55.66533029714801
123,524,24.228187530333443,55.70183699080713
109,843,24.35,55.55
780,290,24.30981313561554,55.67337639319522
943,568,24.210689193834963,55.55990822764733
872,125,24.16443125275355,55.857063132366825
262,79,24.102904729366323,55.68952155384176
242,904,24.17925223178561,55.73179304848431
821,487,24.259009501030942,55.57762280150351
971,864,24.116292027006942,55.577816949873586
507,1216,24.14385014068496,55.72212962266715
609,1325,24.28206218580078,55.855887646238564
504,1274,24.20873882231426,55.65031325555924
400,1261,24.17580208868012,55.61844177834066
363,273,24.323018487038475,55.77700124687445
935,593,24.177605021626906,55.80900929149525
500,1122,24.11132977385792,55.63631578642585
260,136,24.29962135872846,55.79470536467247
381,156,24.341371278645575,55.66886718664074
780,935,24.35,55.73143205355039
405,539,24.14945604165631,55.62135768193348
6,356,24.099180409119096,55.693518220717486
736,191,24.310491464202713,55.696437258732
193,1403,24.35,55.55
114,617,24.280359633541657,55.9
23,81,24.16107866885511,55.85622528211037
70,912,24.35,55.9
902,578,24.092360085648938,55.80657794523771
916,1482,24.184657642308295,55.661912984031645
306,881,24.07,55.75799356142576
404,638,24.077567235500226,55.58852053686027
341,462,24.19373346022667,55.9
502,1207,24.35,55.9
25,1478,24.31298788760358,55.853892674336265
725,132,24.07027569865819,55.9
622,1035,24.35,55.9
740,574,24.31579747190891,55.60179019194626
571,916,24.218655092333478,55.5544833182719
933,828,24.25981256707491,55.71672690600159
603,4,24.092318868017994,55.78138676687067
147,472,24.07952343685192,55.6590822037632
926,1372,24.2157196406353,55.81549863715186
871,654,24.251245014780366,55.62465001648882
249,967,24.163806852330644,55.87275219075815
380,885,24.35,55.67494345794056
126,771,24.07,55.55
503,693,24.139332486683124,55.76811866064455
140,1127,24.27077210245037,55.554463576316024
853,322,24.30223331224369,55.76843201812584
538,1101,24.31672613611591,55.896198341871475
851,859,24.32379883644117,55.74745268523496
628,849,24.321656979992458,55.892465000161025
872,201,24.07,55.80490114786785
483,1053,24.238301648182897,55.781383891231954
471,532,24.33973405749672,55.80111869922907
970,831,24.09521797593421,55.73123578417406
6,625,24.35,55.9
559,398,24.302239415382644,55.67006933722733
296,1245,24.223378726629203,55.71450489457551
664,241,24.287672516846822,55.574127216422006
158,705,24.094102269233968,55.84402844392307
996,854,24.125181634262926,55.58142912008981
452,708,24.120685390231728,55.74850234542386
193,513,24.07,55.71475845124783
740,717,24.35,55.55
742,1355,24.34236740180938,55.689224179598696
209,227,24.32157225121093,55.566868469807396
345,129,24.138285553135116,55.64726889731228
623,1388,24.321745376339194,55.78914824999194
843,1459,24.22540820925302,55.6192367755848
938,771,24.07,55.55
250,301,24.23573213247665,55.70738615724368
171,1157,24.121102811657725,55.73872388404951
217,922,24.215452764282073,55.7991524192237
559,536,24.35,55.656105737344134
445,514,24.324869820928164,55.71263695085449
168,38,24.35,55.698033543360395
713,29,24.10444263403659,55.5782588573334
45,432,24.131841171610198,55.892268070268074
852,1467,24.09111136628108,55.87721276814011
609,1378,24.35,55.652903308571645
733,803,24.250294280911607,55.753477064007555
704,183,24.07,55.55
250,16,24.07,55.55
609,1322,24.35,55.55
615,1469,24.1429761633866,55.65034818045127
725,1310,24.35,55.759558968349964
943,601,24.24760410739997,55.55
421,771,24.10158059777376,55.55
515,670,24.07,55.9
300,714,24.07,55.55
871,1403,24.35,55.55
715,1115,24.34553160492254,55.83864494298906
477,144,24.177532753280236,55.79902795594636
463,478,24.150147362177513,55.65976824604639
503,73,24.07,55.9
48,334,24.34213491869318,55.720725453653216
758,1495,24.34961525771781,55.78430920005731
785,1300,24.110135947975074,55.76259761058127
523,248,24.09624052663719,55.81004737441205
855,187,24.145134982441597,55.70045190426122
404,652,24.07,55.55
747,666,24.329628189901545,55.68765422637865
298,664,24.158800988442486,55.670435421392426
785,670,24.07,55.9
603,1096,24.35,55.9
94,62,24.18587577687119,55.62260344995613
670,201,24.11663306529126,55.776899899100066
795,223,24.07,55.9
171,903,24.130041054119534,55.55
434,46,24.161583611602108,55.853034791591455
83,537,24.172797063129735,55.71490814632953
445,554,24.35,55.55
76,1054,24.29274697948176,55.559295235806246
158,535,24.335384234910332,55.68443301962533
519,1062,24.148662737141255,55.55
691,8,24.245740817668523,55.73085345040426
938,1413,24.07,55.55
284,1431,24.143501452371176,55.659992272534744
728,1028,24.263358374757082,55.74421306137585
542,1014,24.115838153759984,55.58827020205219
924,801,24.27294828316318,55.89534316162005
62,1301,24.3439775607798,55.57478085552715
184,816,24.35,55.9
618,1124,24.07,55.9
922,545,24.221248147542617,55.74249900974983
667,621,24.22482290877807,55.727824241736656
70,88,24.35,55.839571725394656
463,1474,24.35,55.55
785,101,24.07,55.87229563042325
326,117,24.092502045140954,55.83124120377535
847,125,24.140522328780374,55.822098778526595
978,334,24.3142254465349,55.69975719418964
627,1150,24.11222002382127,55.88215000943594
895,1177,24.342334660747408,55.824778267468794
826,416,24.35,55.55
988,1375,24.316754413929676,55.640715443902096
132,471,24.144062513606222,55.649724699951435
325,1116,24.14848200127023,55.83137609646798
949,503,24.32023931850813,55.695940519183154
696,1165,24.169967345419153,55.82493318700137
609,1035,24.35,55.894599126743024
5,181,24.111074712023413,55.86028870607177
83,767,24.23324232722078,55.9
88,808,24.13929422096568,55.68804965740196
380,716,24.35,55.65116519549735
52,1122,24.09913394552072,55.59686992215176
923,649,24.35,55.88828653177318
710,1181,24.34615496998236,55.87356782505339
827,900,24.227887981737176,55.615967719852655
328,216,24.110181811146855,55.667998238977866
985,344,24.334155712690364,55.68743035311648
389,590,24.09771411652502,55.69379396227982
854,1467,24.091339170141378,55.86414687146478
170,570,24.35,55.650245289925756
920,617,24.32144206752676,55.889281443242346
435,729,24.18502710170547,55.70298013473658
966,1205,24.104303291451924,55.75817663975939
454,620,24.21060098068699,55.697696092835
547,114,24.187681618579138,55.58933673493058
90,40,24.300691865264824,55.70995100233344
758,680,24.35,55.74984584454694
849,433,24.195925406886897,55.77525648505566
792,1243,24.157849974769825,55.84898788043611
738,717,24.34572578466879,55.56649769652128
25,404,24.35,55.9
359,840,24.223169219646277,55.73815516046364
513,352,24.177079918856645,55.6926924662478
202,467,24.172613798313982,55.85291192491603
530,1173,24.2521242097671,55.5525788347326
995,995,24.24959687390648,55.68752721019623
435,814,24.35,55.71711258937328
679,435,24.17518978584912,55.7860336908605
247,537,24.177772576324074,55.666123904953686
696,381,24.07,55.55
301,1179,24.345448333923365,55.7331218423076
542,20,24.35,55.9
872,1057,24.07,55.55
387,286,24.253237303823795,55.60119222195371
266,1087,24.115476564096358,55.6118579721
47,1241,24.08837797588881,55.660239250139256
918,412,24.243173060075677,55.76653821430901
468,98,24.344717026540447,55.8752803256473
683,1386,24.16159824368837,55.78290119448951
80,1136,24.307503200867206,55.77327793763026
396,416,24.35,55.55
297,536,24.340519514123013,55.726425579743676
421,639,24.082612146028158,55.9
561,1034,24.074986249389223,55.6538844048257
475,912,24.35,55.876928417186264
667,1481,24.07,55.561558741070044
273,1319,24.33080753495153,55.66225125914823
325,1156,24.35,55.9
911,524,24.249700806921844,55.728115847329676
23,771,24.07,55.55
787,903,24.07,55.55
896,233,24.182303992098976,55.86242985348645
830,234,24.269992335196754,55.89468519027591
746,1418,24.172609927488296,55.60638519991045
938,1481,24.07,55.55
32,1102,24.17977434299412,55.74564426771338
575,654,24.236534476334512,55.5544236962484
424,399,24.346826448425364,55.80507049358388
355,67,24.195334201565124,55.58873571822499
648,714,24.07,55.55
209,311,24.17006988205366,55.9
452,7,24.35,55.9
195,1166,24.31482794633771,55.66793598984767
595,357,24.13147853954065,55.89069846717186
893,1438,24.232716813834255,55.745442380828095
936,1024,24.271041078284924,55.644324157387025
114,1063,24.277818737979874,55.55
430,54,24.2640475646093,55.5596360398329
332,452,24.07,55.9
193,317,24.20783748814509,55.55
325,1096,24.35,55.9
747,1311,24.35,55.9
361,663,24.30798687922904,55.7970846623967
83,544,24.07,55.86647180729839
214,1283,24.07,55.55
154,740,24.190180905746843,55.77831214554118
940,142,24.07,55.77743896973873
808,937,24.237342607556855,55.75210094091128
405,255,24.07,55.9
323,1063,24.31155901960354,55.61073114281299
489,842,24.159889240786196,55.868304528488686
389,73,24.07,55.868247461868876
64,1315,24.260435732305055,55.65413291547493
832,925,24.099813805159535,55.69707039841053
538,649,24.35,55.9
265,948,24.238926885368794,55.86815856032102
19,706,24.30352885110188,55.56277847821025
110,49,24.227047290869432,55.772568066294696
61,733,24.250912638505596,55.779564266092976
624,771,24.101207074483266,55.55
793,550,24.14947855557662,55.72255562330442
806,677,24.154112935373867,55.87826775673583
705,446,24.259545129662857,55.58809044291315
544,975,24.35,55.738850448737196
632,91,24.30004200452286,55.604627288649375
151,831,24.11976997420733,55.739630141064616
703,183,24.08180256572379,55.56471685484848
56,416,24.35,55.55
560,881,24.09462437895455,55.738199698583536
838,463,24.214647488884236,55.72614177584766
613,206,24.35,55.81767456939144
393,181,24.075141070145236,55.802955594424965
539,366,24.11382639158994,55.608364593883664
246,707,24.186364804434007,55.67587726787193
125,517,24.231691661135205,55.720639778864424
589,686,24.27378120174382,55.72072940260873
116,1338,24.17363477617265,55.81064877041842
799,714,24.091944345483114,55.55
992,132,24.07,55.9
173,1343,24.260503120860033,55.75260725810853
924,404,24.35,55.9
897,353,24.329850559527905,55.85386454389362
559,1036,24.182830636793625,55.715785847405996
956,500,24.16521160171952,55.55
462,690,24.3444294407277,55.57175206312656
101,41,24.239499125956254,55.7828417850957
112,920,24.07,55.84253511678383
838,165,24.07,55.55
462,843,24.35,55.55
838,928,24.07,55.793274447838364
2,1126,24.085452528465964,55.821032285794246
239,1299,24.31173979303808,55.5745358259549
302,769,24.14171157776616,55.6750173663085
814,717,24.322445227775834,55.55
701,1413,24.09570584088335,55.55
704,771,24.07,55.55
425,1426,24.335774767919283,55.63058215419264
532,547,24.26804263189862,55.74456629839367
323,917,24.11902244056907,55.55
955,1340,24.099481454206465,55.782058925563604
363,669,24.35,55.55
941,1010,24.171394596940022,55.66438392919258
489,442,24.35,55.64147665002973
863,280,24.07,55.55
906,928,24.086825779014404,55.82044499236912
247,1394,24.11582933353039,55.75602601931292
599,1216,24.121183331236846,55.76202316851044
843,1435,24.35,55.753953172767325
66,318,24.07,55.55
500,223,24.07,55.9
949,54,24.244724938348444,55.5873368659135
902,682,24.07,55.55
978,381,24.07,55.55
933,353,24.35,55.9
945,432,24.093495517340344,55.858523212712875
142,811,24.271289823070536,55.71984865578934
856,1416,24.339702860583802,55.701621903625316
207,1056,24.33888858252697,55.695709714110016
112,962,24.26512464614963,55.9
848,639,24.07,55.9
614,1294,24.07,55.793905709134734
216,843,24.34794801758858,55.60727295568453
537,1343,24.25368928629398,55.722753032042355
42,519,24.35,55.55
913,1193,24.35,55.55
228,1264,24.35,55.55
282,920,24.126107202999222,55.81410017699703
48,404,24.35,55.9
340,208,24.083955577964,55.82863416950207
864,30,24.07392621707419,55.8094731430122
81,898,24.081809640906084,55.73132535139815
617,732,24.313711604142256,55.63726214552552
361,652,24.07,55.55
263,761,24.31314601407782,55.61575655978972
140,1094,24.16457295512741,55.55
698,509,24.31310176601417,55.66085174677592
756,867,24.120880112256476,55.55
532,1181,24.35,55.9
153,1426,24.29861097764011,55.66599836786496
995,862,24.334371914141496,55.55
117,530,24.21814982020007,55.61102407819994
424,554,24.35,55.55
446,859,24.334177345263733,55.803625437468874
804,448,24.169769253379286,55.710689024646854
793,293,24.24348684795412,55.9
634,204,24.113808138960273,55.74093698976998
907,958,24.233747900436533,55.68632517176811
77,822,24.17338222732125,55.64184914560408
872,610,24.07,55.9
940,682,24.07,55.5928161006945
151,79,24.07,55.69493625241286
118,1323,24.19012535820321,55.59352195161112
516,432,24.096658346422444,55.8878616898032
523,280,24.07,55.5537351873762
691,197,24.334586523194904,55.69697817292545
844,762,24.329519285746994,55.85245855885808
307,671,24.272008078628268,55.61762202275215
793,72,24.35,55.9
814,1096,24.35,55.887535433074596
734,308,24.275121688354663,55.83571968814903
812,1105,24.162625154539086,55.69646882321102
203,494,24.134800162697154,55.81339625801662
171,967,24.11517626904655,55.9
760,348,24.156043025990392,55.58147735382428
522,646,24.07,55.9
21,543,24.15823541688027,55.61648770965252
742,983,24.232801472726102,55.55
738,1283,24.083426082461717,55.55
913,749,24.35,55.55
271,1081,24.25956228345012,55.775576557427065
654,213,24.307998274989004,55.68967860049047
125,142,24.07,55.73227640336243
253,186,24.321346695904165,55.639128868697654
77,481,24.35,55.55
435,1156,24.35,55.9
975,1466,24.168529089595257,55.77050478550571
647,335,24.08108125369223,55.879546577922355
138,1479,24.28099130374613,55.87627880450236
916,1467,24.07,55.9
232,1221,24.260883437722054,55.80145470699179
647,1067,24.114401642707076,55.9
587,298,24.30993700726333,55.55
411,783,24.14012652320412,55.89352282298173
793,486,24.35,55.85636499020872
118,1283,24.07,55.55
673,742,24.07,55.9
233,644,24.35,55.55
265,554,24.35,55.55
628,678,24.35,55.622729751817964
914,829,24.197216331658854,55.78585607546953
393,452,24.07,55.9
529,1122,24.08328676547733,55.64564833239562
723,936,24.239351136921375,55.75847367280043
853,1468,24.07,55.55
963,7,24.35,55.9
697,337,24.108681411696498,55.7907887482627
116,742,24.07,55.9
870,799,24.077891883744456,55.721915783833275
971,16,24.07,55.55
671,1454,24.156737757683636,55.64458244304835
820,1383,24.083169431927285,55.78831927394155
48,1159,24.35,55.76077149501896
670,491,24.12466564057898,55.9
178,1445,24.307309190609487,55.895981998579046
130,349,24.21642258439919,55.585674410165076
667,1423,24.35,55.833419174683605
254,1042,24.20080212299908,55.83657531652114
289,880,24.178181403169045,55.63067317130839
542,382,24.07,55.59600437159724
550,497,24.257790394695302,55.59236561248342
262,577,24.170423067849224,55.55646835615073
504,70,24.07,55.9
66,670,24.07,55.9
56,105,24.278489513957247,55.78348481645094
683,634,24.310001880852635,55.71067013833203
609,1056,24.35,55.62609517673732
17,1291,24.34066967664572,55.78791398245649
624,993,24.308846428754308,55.611457942413786
922,749,24.35,55.55
462,723,24.35,55.62500587922901
516,135,24.35,55.9
70,1441,24.266618726174663,55.888277897579535
201,81,24.16292334023283,55.84053781233439
239,867,24.107011123218122,55.55
550,254,24.337491576426427,55.81931409300555
68,1278,24.233330272886107,55.744673991782435
723,1291,24.35,55.74894245459396
856,801,24.27698765370356,55.9
252,416,24.35,55.55
740,771,24.07,55.55
462,28,24.35,55.57096775372811
52,1429,24.35,55.739883100284345
824,1075,24.35,55.9
486,280,24.07,55.55
353,1221,24.26595528923867,55.857226840622474
637,579,24.1839643313199,55.58801738363713
814,625,24.35,55.9
907,1448,24.220491624638935,55.55
587,886,24.35,55.80271564337838
76,850,24.35,55.55
728,313,24.35,55.55
945,1181,24.35,55.9
560,758,24.35,55.55
943,583,24.11022119719615,55.9
698,682,24.07,55.55
736,135,24.35,55.9
738,646,24.07,55.9
251,1438,24.204764378011518,55.709079778264915
795,670,24.07,55.9
273,632,24.07,55.9
287,318,24.07,55.55
874,997,24.07,55.55
816,1433,24.07107342531361,55.68371627928823
247,1481,24.07,55.56683553318182
735,489,24.194839162414695,55.81315996789837
255,1131,24.24726398730748,55.623373400932756
11,1146,24.332329281672695,55.87736368569864
32,583,24.119989753508655,55.9
863,251,24.07,55.70779899820627
52,122,24.35,55.55
32,917,24.07,55.55
94,7,24.35,55.9
42,1429,24.35,55.74548020253362
905,1297,24.07,55.7657451497988
683,594,24.223996151602925,55.58274435776769
300,568,24.20577141562957,55.57242867124989
849,1156,24.35,55.9
670,758,24.3212406810911,55.55
265,903,24.07,55.55
356,251,24.077961367759322,55.71136599161638
617,682,24.07,55.55
164,135,24.31096302441375,55.9
495,1231,24.18883893888799,55.7127214387676
650,1249,24.277125987426086,55.74187062297755
421,914,24.213463127414034,55.9
462,1057,24.07,55.55
486,838,24.303480499456676,55.55
733,997,24.07,55.55
20,717,24.35,55.55
287,54,24.288527367270564,55.55
76,912,24.35,55.9
834,519,24.35,55.55
978,255,24.07,55.9
262,313,24.35,55.55
218,989,24.246896379816924,55.58998788339018
99,948,24.20996259488094,55.84407904373254
943,519,24.35,55.55
906,318,24.07,55.61127438229216
780,481,24.35,55.55
628,1229,24.35,55.55
217,324,24.07,55.56250506283752
695,869,24.122326535995153,55.897135223525844
634,632,24.07,55.9
537,132,24.07,55.9
963,649,24.35,55.9
249,245,24.07654488093845,55.55
286,1264,24.348555820924204,55.58976030131731
771,935,24.35,55.685313516182106
431,132,24.07,55.9
104,1073,24.095939210132872,55.687506759226984
647,1034,24.07,55.63594610252644
938,714,24.07,55.55
281,500,24.196448064301823,55.57138218096008
21,1057,24.07,55.55
380,917,24.07,55.57145516218415
922,300,24.25236800096569,55.594353049569214
965,632,24.073075419814224,55.9
173,786,24.35,55.662484423719576
445,430,24.11232085741396,55.55
236,1403,24.35,55.55
833,393,24.272278599907114,55.878537033094155
723,1467,24.07,55.9
690,295,24.27019388769843,55.789692494335334
858,432,24.128232915913767,55.82617811632056
985,917,24.09722462913932,55.55
830,639,24.07,55.9
29,1414,24.158559359213143,55.70730938939407
356,200,24.07,55.88205942456457
450,378,24.278911452572295,55.74393247271343
353,574,24.35,55.62814667856177
513,70,24.07,55.9
68,1467,24.07,55.9
824,1096,24.35,55.9
782,185,24.213158334606728,55.707261502368866
423,1162,24.298113526757287,55.62738040952089
94,749,24.35,55.55
839,20,24.35,55.9
863,162,24.136072362766996,55.55
555,1401,24.307282332051116,55.667291977113884
650,259,24.07,55.83357226594255
935,473,24.07,55.70722670359442
728,868,24.35,55.55
116,639,24.07,55.9
956,834,24.217569666959914,55.55
289,706,24.343190851635196,55.55
742,1468,24.07,55.55
793,1096,24.35,55.9
112,664,24.197050027024126,55.59713804106256
120,313,24.32425219832532,55.59656349198255
212,240,24.35,55.9
251,511,24.35,55.79876343344371
715,670,24.074613012512124,55.9
715,245,24.07,55.55
207,88,24.35,55.9
431,101,24.07,55.9
567,1485,24.329494108304104,55.73478158650127
981,671,24.251677520518093,55.58122974918127
92,936,24.2277111458791,55.735579673240466
159,917,24.07,55.55
94,722,24.32750616791968,55.55
233,1087,24.07,55.60385379430531
249,381,24.07,55.55
458,3,24.277116284437906,55.656202394740184
740,1124,24.07,55.9
298,1021,24.12644111485262,55.77427123147224
705,742,24.07,55.9
893,519,24.35,55.55
905,152,24.244200837447266,55.9
32,1322,24.35,55.55
853,799,24.07,55.737541726901256
188,15,24.119252701453735,55.76182250721171
320,1492,24.090496440027447,55.8249367696655
335,868,24.35,55.55
833,503,24.35,55.72173308536293
956,688,24.35,55.55
452,639,24.07,55.9
173,1491,24.35,55.55
196,1146,24.29081197555374,55.865955214525044
184,610,24.07,55.9
486,1266,24.35,55.7470780243144
538,101,24.07,55.9
542,1314,24.35,55.86609667928447
555,682,24.07,55.55
650,1492,24.087121089238618,55.850922248839524
569,1387,24.16398571856556,55.670112061588256
159,652,24.07,55.55
642,854,24.12478114097609,55.595203874393064
88,353,24.35,55.9
693,851,24.152346138877114,55.820025136319
411,255,24.07,55.86561161602144
140,843,24.35,55.55
257,1198,24.092500592805873,55.769426209375276
486,1056,24.35,55.69711981343956
117,688,24.35,55.55
117,685,24.07,55.65428624153352
966,1106,24.07,55.62213458170745
130,518,24.190964785294675,55.9
996,447,24.19849218015605,55.55
306,1124,24.07,55.9
126,1283,24.07,55.55
38,717,24.35,55.55
893,644,24.35,55.55
816,554,24.35,55.55
218,487,24.283334411081785,55.55
343,969,24.218730023037025,55.72012192988233
671,240,24.35,55.89101667097373
23,682,24.08566996629851,55.55
138,674,24.15591758155478,55.9
736,599,24.35,55.70465195469155
592,1152,24.13893856669809,55.67883105360328
363,165,24.07,55.55
88,1491,24.35,55.55
603,1467,24.07,55.9
379,950,24.35,55.764731433041426
780,91,24.35,55.611707345759434
911,954,24.14570214217574,55.84790198070263
420,71,24.290903006893664,55.80691805289214
801,830,24.159644254504492,55.80377547464931
963,1031,24.35,55.59923458715449
956,1474,24.35,55.55
756,107,24.16973056896127,55.806088135436305
61,1220,24.07,55.77495522135504
375,412,24.31250438487928,55.76525583547129
617,749,24.35,55.55
507,381,24.07,55.55
801,70,24.07,55.9
705,1181,24.35,55.9
634,868,24.35,55.55
530,16,24.07,55.55
445,649,24.35,55.896998942855134
306,1054,24.317137833499643,55.55
283,771,24.07,55.55
542,924,24.07,55.65044021326397
650,1433,24.07,55.67540465601993
201,1230,24.15789230771857,55.55
420,445,24.35,55.9
277,599,24.33912481826157,55.65783179927261
311,868,24.33084096756703,55.56301966940618
793,1442,24.17848127636904,55.9
38,1420,24.218753263968654,55.55
865,1445,24.35,55.85537632052252
363,893,24.256766801419694,55.55
326,646,24.07,55.9
747,908,24.35,55.67331674846774
196,903,24.07,55.55
101,1181,24.35,55.9
158,917,24.088708126883784,55.55
36,1088,24.282340604525256,55.59375890157194
323,908,24.35,55.61331326008995
697,1389,24.084476160643323,55.58437537650211
512,436,24.15134830053336,55.88284165689192
277,239,24.117038044063868,55.61026095725811
575,70,24.07,55.9
592,228,24.07,55.69764671995111
275,240,24.35,55.9
130,1375,24.35,55.63814653663628
411,1057,24.07,55.55
906,688,24.35,55.56761746515796
236,1477,24.35,55.89984088170057
853,245,24.07,55.55
471,722,24.35,55.59901163606795
418,1319,24.35,55.68905570797183
944,771,24.07,55.55
925,655,24.08970547538553,55.737577506324016
36,1197,24.199313654139473,55.76391805777903
949,327,24.35,55.64882157752766
795,101,24.07,55.9
465,778,24.123426474377553,55.65168067774145
532,333,24.07,55.86270194003039
228,669,24.35,55.55
567,886,24.35,55.80742529814486
854,833,24.07,55.9
624,699,24.196672212437228,55.55
900,215,24.195970108334187,55.78032728260823
782,1094,24.120034849462463,55.55
703,165,24.07,55.55
673,30,24.07,55.806274644464764
463,481,24.35,55.55
468,1445,24.35,55.9
227,1081,24.264924984249895,55.774697572130755
431,571,24.07,55.743863678850346
343,714,24.07,55.55
952,1022,24.21784781846982,55.797783462777005
452,698,24.07,55.776577285691474
723,755,24.20199825391971,55.9
852,1075,24.35,55.9
914,132,24.07,55.9
147,1057,24.07,55.55
390,1458,24.07060674234729,55.78992284397439
864,682,24.07,55.55
888,832,24.179833116807103,55.552412936864556
232,755,24.19375382639838,55.9
188,1181,24.35,55.9
654,487,24.240668881482538,55.55
595,632,24.07,55.9
642,122,24.35,55.55
526,1114,24.071296219075137,55.80307027419832
173,1307,24.35,55.59675219108403
76,132,24.07,55.9
245,388,24.275161822182103,55.57576098440249
793,151,24.264904718087017,55.9
820,564,24.097336504648332,55.55
547,1445,24.35,55.9
235,1396,24.334932616099742,55.88011717627037
417,16,24.07,55.55
735,541,24.07,55.894053611803045
104,844,24.321640782795953,55.778840607571794
592,447,24.175489791996213,55.55
435,61,24.147639982385577,55.9
343,481,24.35,55.55
667,670,24.07,55.9
679,403,24.35,55.60264952222288
571,1279,24.168679339331202,55.61282481306049
856,1474,24.35,55.566884501807124
107,897,24.08360724581005,55.57282249826003
175,310,24.127821290289,55.89848391909427
390,670,24.07,55.9
76,1057,24.07,55.55
87,1044,24.24214750731047,55.56733926103343
48,445,24.35,55.9
706,901,24.16213707973125,55.899944021765165
123,1311,24.35,55.9
722,25,24.174510005764166,55.803925801751426
296,758,24.33896000478301,55.55
793,1279,24.13477826526534,55.56712404709758
68,255,24.07,55.9
844,758,24.35,55.55
544,868,24.35,55.55
838,70,24.07,55.9
230,1390,24.1374222516098,55.854964130417
253,27,24.07,55.78553759643142
47,255,24.07,55.9
922,1491,24.35,55.55
853,1486,24.174799471893564,55.55
173,669,24.35,55.55
16,990,24.29011695486565,55.55
561,1299,24.307518126646627,55.55
605,714,24.07,55.55
218,1413,24.07,55.55
132,646,24.07,55.9
746,1096,24.35,55.9
970,240,24.35,55.9
475,72,24.35,55.9
219,268,24.15157741881879,55.829769495975206
998,1200,24.28279425744109,55.80970017349719
933,404,24.35,55.9
81,542,24.07,55.57895481786011
201,1391,24.2866905098329,55.7888383464748
95,1137,24.276824883053255,55.61940134437837
273,1156,24.35,55.9
83,1225,24.07,55.64120298478023
47,200,24.07,55.9
183,88,24.35,55.9
901,1417,24.35,55.621500897403024
489,1096,24.35,55.9
758,675,24.188594891225293,55.9
379,1355,24.35,55.669606232548524
420,132,24.07,55.9
588,540,24.17246902192545,55.82675413120246
785,1442,24.21054788318121,55.9
219,101,24.07,55.9
61,736,24.07,55.705006429823996
952,72,24.325813773939995,55.9
925,1096,24.35,55.9
326,73,24.104122053418404,55.9
539,1474,24.35,55.55
222,333,24.100058784354975,55.88830932850304
475,632,24.07,55.9
856,318,24.07,55.55
193,165,24.07,55.55
843,1229,24.35,55.55
864,566,24.07,55.67725798173087
483,717,24.35,55.55
18,858,24.33178552075025,55.69999891559097
830,331,24.07,55.79811452815268
992,416,24.34176489063426,55.55
523,245,24.07,55.55
410,1222,24.121246674717046,55.84724117047328
471,872,24.35,55.63226471540627
90,1322,24.35,55.55
390,997,24.07,55.55
549,749,24.34680336349225,55.57161908345937
871,183,24.08858129543343,55.55
834,313,24.35,55.55
117,651,24.07,55.85350439069194
863,70,24.07,55.9
592,323,24.22145066828009,55.796045749364524
760,1129,24.07,55.60715912150794
83,771,24.07,55.55
756,766,24.07,55.9
884,1207,24.35,55.88106918814084
431,1413,24.07,55.55
907,771,24.07,55.55
162,1044,24.280272518579146,55.55
594,541,24.113875705431713,55.87136258562536
851,73,24.07,55.9
664,759,24.35,55.74017924710867
343,945,24.31718007557836,55.55
519,838,24.276652963266486,55.55
298,1449,24.07,55.67522150982574
477,1262,24.329127886559846,55.66737467691873
740,51,24.07,55.649317134402146
249,30,24.07,55.86230823399757
985,1324,24.35,55.607439896586556
945,135,24.35,55.9
567,1495,24.35,55.77640388242916
824,833,24.07,55.9
375,1474,24.35,55.55
719,379,24.302538964813483,55.88382086449594
354,813,24.12475944764636,55.80468755707375
594,1381,24.35,55.765191603246635
404,35,24.07,55.73896167079925
64,762,24.35,55.85788399274156
80,73,24.07,55.9
411,355,24.07,55.643755681769754
83,557,24.25813012945872,55.55
591,651,24.119827625837527,55.86023262860183
301,1003,24.07,55.876877981579554
942,773,24.094005660799724,55.71064148807214
841,327,24.32323308000034,55.65351515263462
671,426,24.271614198732195,55.9
296,1445,24.35,55.9
263,474,24.121395241405263,55.9
826,868,24.35,55.55
345,682,24.071982218798812,55.55
147,232,24.07,55.783849283455446
733,688,24.35,55.55
214,688,24.35,55.603681676771004
874,381,24.07,55.55
363,554,24.35,55.55
42,437,24.07,55.750571787221446
569,331,24.07,55.79212723473416
784,1243,24.1229676340837,55.86518813852151
462,120,24.16809988276484,55.55
841,1009,24.164556735391336,55.57771359396438
747,519,24.35,55.55
670,1421,24.11513374252316,55.55
153,875,24.222644348071785,55.593804462925846
924,722,24.35,55.55
33,475,24.24970309124313,55.82757522059062
118,1272,24.07,55.55
209,581,24.247068149709882,55.9
684,1224,24.32395484366292,55.65258794980368
109,1307,24.35,55.55
560,79,24.07757016883743,55.73441769310442
411,903,24.07,55.55
270,1172,24.132780814536748,55.8604901408029
542,682,24.07,55.55
793,416,24.316692391605393,55.55
341,984,24.35,55.77653580305455
359,445,24.35,55.9
710,525,24.146748109643237,55.55
985,773,24.07,55.66957210828755
463,1272,24.07,55.55
637,1477,24.35,55.9
340,165,24.07,55.55
80,646,24.07,55.9
793,94,24.35,55.811157312130206
343,897,24.09921280987035,55.55
871,1127,24.258048043222875,55.55
982,1070,24.239006489533164,55.701389036637295
549,838,24.250306422640993,55.55
735,1467,24.07,55.9
560,1193,24.35,55.55
38,43,24.07,55.73024040564738
5,88,24.35,55.9
526,1207,24.35,55.9
83,362,24.07,55.66680940658895
252,629,24.31895393872516,55.55
526,991,24.280236580422905,55.71067620614125
715,1413,24.07,55.55
830,280,24.07,55.55
900,41,24.236830762590447,55.80678246501441
365,955,24.251796636908853,55.72309901823933
460,1010,24.156480648556975,55.64767662922236
425,1069,24.35,55.690784995675756
821,582,24.31726222381603,55.699750259476424
381,331,24.07,55.73807909544045
542,16,24.07,55.55
632,536,24.35,55.65866676180052
88,519,24.35,55.55
162,1474,24.329669313429456,55.55
5,1297,24.07,55.773864841172134
90,1403,24.323308065584335,55.55
615,1181,24.33603838281333,55.9
733,248,24.116253759378633,55.80879281316483
935,644,24.35,55.55
48,893,24.220849330712024,55.55
955,1242,24.35,55.68632724819616
196,1344,24.325314496772798,55.6578459341575
526,404,24.35,55.9
844,1264,24.35,55.55
6,485,24.35,55.70557056858271
48,722,24.35,55.55
847,625,24.35,55.9
905,825,24.2969813078584,55.9
15,649,24.35,55.9
241,348,24.172224760985785,55.59882310507382
863,649,24.35,55.9
773,479,24.223442543584724,55.79850511303505
58,1038,24.188654963093754,55.84557167704698
848,764,24.199654960842917,55.63465416552179
824,912,24.334625335850994,55.848428989907525
864,1234,24.29791083547734,55.81763239538071
32,1291,24.35,55.819174298833545
387,716,24.35,55.681018755377224
778,1483,24.283781907149073,55.80510920660551
544,481,24.320813975667345,55.55
567,88,24.35,55.86937692048018
413,1315,24.249765085569344,55.61557236770962
345,1020,24.285994262263895,55.55
282,558,24.26583724309364,55.55
243,399,24.346937826442584,55.75396843541607
400,140,24.07,55.81279840378182
812,644,24.35,55.56546557027077
80,833,24.07,55.9
478,864,24.143920217539378,55.56321263105245
634,298,24.267605575532755,55.55
345,749,24.35,55.55
2,255,24.07,55.9
969,268,24.156432171336412,55.81257316811142
452,165,24.07,55.55
618,674,24.177326871166752,55.9
530,307,24.254879787577927,55.572594832613774
158,380,24.35,55.6978881146175
710,997,24.07,55.55
61,824,24.07,55.72789848855633
938,917,24.07,55.55
581,373,24.176974112056485,55.623172201214885
756,1096,24.32499478260541,55.9
296,404,24.35,55.9
914,1050,24.07,55.9
500,452,24.07,55.9
704,313,24.35,55.55
138,1203,24.35,55.62969234433712
420,766,24.07,55.9
303,509,24.345746048174863,55.69216628335073
92,1075,24.295869564437318,55.9
219,70,24.07,55.9
696,1228,24.07,55.735771238946995
491,1488,24.333100854915312,55.60691396790646
158,403,24.35,55.60543059803701
922,554,24.35,55.55
32,1255,24.35,55.6867028659389
421,47,24.257572006453103,55.62585802353651
952,1445,24.35,55.87928053742619
542,574,24.35,55.64093453586782
647,975,24.35,55.73923092780979
18,474,24.160406142660634,55.9
19,40,24.35,55.74770574578492
575,646,24.07,55.9
201,414,24.07,55.85540638703671
683,1035,24.35,55.9
104,1211,24.35,55.9
47,542,24.07,55.566622340686905
613,1168,24.177691035319434,55.9
636,510,24.211180444427608,55.70015068705364
975,732,24.35,55.61272871155332
634,1272,24.07,55.55
863,1031,24.35,55.571868528584304
500,88,24.35,55.892284691699885
110,870,24.174789529322535,55.55
247,758,24.35,55.55
756,1193,24.35,55.55
179,763,24.124746227321573,55.89089062791621
832,1273,24.07,55.80415854943309
266,1053,24.298733522702445,55.75663344523845
542,659,24.240820480755104,55.835702175658184
911,223,24.07,55.9
244,1229,24.35,55.64092112427358
693,404,24.34968851162971,55.9
260,1477,24.35,55.9
642,669,24.35,55.55
64,786,24.35,55.63415983476649
265,1087,24.07,55.6384424242604
162,65,24.21118697743652,55.55
434,1252,24.07,55.68765989532446
896,171,24.156608775258935,55.55
981,299,24.124540860928832,55.84898574509615
216,786,24.35,55.6967421540237
990,1264,24.302497284846616,55.552248571731475
793,1468,24.07,55.59381960543452
162,1431,24.126248473455984,55.673741324662245
560,1474,24.35,55.55
710,771,24.07,55.55
856,783,24.160693649265898,55.9
270,610,24.07,55.9
47,410,24.31875207172263,55.74600941588296
411,827,24.137161328975576,55.55
748,1414,24.150178119609475,55.71454124118679
168,816,24.35,55.9
402,491,24.119928727910633,55.88917916981027
458,183,24.07,55.55
36,1174,24.23244919561226,55.73373554584843
814,833,24.07,55.9
126,20,24.35,55.9
858,38,24.35,55.71913213966515
605,917,24.07,55.55
955,1487,24.098983280271383,55.64307268283553
447,416,24.35,55.55
522,1124,24.07,55.9
468,560,24.28021781755481,55.88463984494997
178,710,24.25862645327286,55.8520567142786
872,1181,24.35,55.9
703,714,24.07,55.55
381,181,24.092557966375264,55.79416803691309
481,601,24.283953265059672,55.55937079172368
650,245,24.07,55.55
785,183,24.07,55.55
854,183,24.07,55.566563710158285
16,688,24.35,55.55
760,1272,24.07,55.55
175,1392,24.07,55.68218432486875
228,1270,24.35,55.84761971210877
178,912,24.35,55.9
18,367,24.07,55.9
515,610,24.07,55.9
244,1062,24.087085866204752,55.55
120,1193,24.35,55.55
754,1241,24.091617761652497,55.652710003600134
624,551,24.35,55.68223510874564
422,165,24.07,55.55
20,236,24.35,55.79033150475002
523,775,24.315404248047045,55.66058575840065
274,547,24.30629007857454,55.7721361922661
851,992,24.07,55.760056722108644
340,1468,24.07,55.55
6,1388,24.35,55.829449187301705
923,1403,24.35,55.611656461984076
20,165,24.07,55.55
36,1477,24.35,55.9
746,1311,24.35,55.9
806,242,24.273056682283986,55.9
101,379,24.286295059160985,55.9
849,101,24.07,55.9
595,367,24.07,55.87048242233641
104,246,24.287360090464805,55.9
36,1181,24.35,55.9
858,1499,24.35,55.72477436780673
151,641,24.07,55.660549782232096
569,1283,24.07,55.55
101,766,24.07,55.9
465,155,24.166389686133456,55.58442906988924
95,209,24.07084659452536,55.695150328056414
222,349,24.19478673453735,55.60862365165951
2,73,24.07,55.9
588,1156,24.29134269679768,55.9
719,816,24.35,55.9
203,606,24.07,55.63100044031833
806,353,24.35,55.9
147,7,24.35,55.9
326,165,24.07,55.55
253,1047,24.07,55.713664627026475
281,742,24.07,55.9
320,1124,24.07,55.9
955,1283,24.128832009846576,55.55
158,731,24.268468055326302,55.55
621,242,24.305900943957475,55.89746986584021
863,1239,24.35,55.791934574604696
332,1050,24.07,55.9
61,7,24.35,55.9
902,843,24.35,55.55
738,165,24.07,55.55
902,903,24.108788353967178,55.55
627,404,24.35,55.9
485,1443,24.184624196064224,55.84272819763192
94,313,24.35,55.584911007421496
832,98,24.35,55.87932463522916
684,210,24.35,55.82393832664186
690,1264,24.335236956262914,55.55
827,1264,24.35,55.55
454,48,24.25919657310025,55.9
393,70,24.07,55.9
306,574,24.35,55.62568604156723
738,404,24.34129520020687,55.9
897,610,24.07,55.9
847,7,24.35,55.9
642,554,24.35,55.55
913,16,24.08487317645101,55.55
609,500,24.13347644567906,55.55
807,1317,24.35,55.781251912673646
896,652,24.07,55.57276366053706
499,684,24.07,55.7951385896647
623,101,24.07,55.9
509,444,24.14368568047959,55.758816689628304
77,73,24.07,55.9
32,462,24.187697308891376,55.9
564,284,24.19896479231079,55.73310997044725
691,681,24.26371005857009,55.72571064415203
814,1189,24.07,55.69757869960475
447,16,24.07,55.55
165,240,24.35,55.9
754,1181,24.35,55.8958113867975
785,843,24.35,55.55
450,474,24.14204373723653,55.9
851,48,24.283018326004626,55.9
801,137,24.24310379799943,55.9
269,14,24.29302201790324,55.677810220076495
11,7,24.35,55.9
306,1207,24.35,55.9
734,1353,24.35,55.74993310524316
907,280,24.07,55.55
916,245,24.07,55.55
913,1283,24.07,55.55
617,539,24.07,55.63604787686356
497,1082,24.210432475637013,55.7863214669397
499,16,24.07,55.55
806,357,24.146405027142357,55.9
959,599,24.311954850979653,55.662913700528506
959,598,24.35,55.87875681571191
246,313,24.35,55.55
613,773,24.07,55.67930576369175
219,1283,24.07,55.55
871,1264,24.35,55.55
978,245,24.11139346948082,55.55
233,749,24.342333328219887,55.557670665377316
621,1481,24.07,55.57474129951608
747,749,24.35,55.55
988,346,24.07,55.79104971045089
5,682,24.07,55.55
447,605,24.07,55.678050139991235
981,927,24.249057706033497,55.9
311,814,24.35,55.706415281061844
500,1310,24.35,55.77989697215012
42,1389,24.07,55.607441518768866
826,1114,24.07,55.79465174978744
286,722,24.35,55.55
627,318,24.07,55.55
471,381,24.083819047841715,55.55
725,1270,24.35,55.80411428440085
581,632,24.07,55.9
6,644,24.35,55.55
379,625,24.35,55.9
523,868,24.35,55.55
94,195,24.085966920150437,55.55
184,223,24.07,55.9
271,1075,24.35,55.9
413,145,24.35,55.719124983941605
539,541,24.07,55.81017748850094
808,1445,24.35,55.9
417,42,24.183224974708203,55.55
18,923,24.231081579224224,55.9
758,16,24.07,55.56469453512735
172,1462,24.145929946916482,55.65813359689697
715,388,24.274489764982533,55.5599822291328
422,289,24.07,55.5746269850561
990,850,24.35,55.55
610,863,24.291228906437443,55.755160136723035
271,816,24.35,55.9
260,96,24.35,55.72895687459948
587,481,24.35,55.55
266,255,24.07201055414908,55.9
300,1307,24.35,55.55
634,381,24.07,55.55
627,16,24.07,55.55
61,985,24.35,55.7826258645281
275,1115,24.35,55.81292814103936
959,1468,24.07,55.55
587,1229,24.35,55.55
627,675,24.23843976549692,55.9
500,1156,24.35,55.9
925,1368,24.07,55.64633962202114
437,118,24.087606855327763,55.75709732492468
569,598,24.35,55.809892813225126
618,101,24.07,55.9
99,1219,24.186816655573377,55.55
222,850,24.35,55.55
171,1264,24.35,55.55
925,464,24.07,55.65259288771296
421,1313,24.35,55.69623267319685
901,885,24.35,55.719146523095674
209,50,24.35,55.587522902744276
827,850,24.35,55.55
615,89,24.35,55.78310124791074
603,200,24.07,55.9
107,117,24.07,55.76509349333651
938,897,24.10442597444686,55.55
648,381,24.07,55.55
251,682,24.07,55.55
152,133,24.084474158621216,55.83135986960154
705,452,24.07,55.9
981,1481,24.07,55.55
532,869,24.136634950798026,55.9
165,649,24.35,55.9
253,1283,24.07,55.55
628,481,24.35,55.55
47,1467,24.07,55.9
735,646,24.07,55.9
300,985,24.35,55.79074022151748
966,159,24.129196336446103,55.9
988,747,24.157109018225082,55.712518550085136
981,881,24.07,55.737340311813746
756,498,24.23050647892913,55.55
207,567,24.07,55.635707478584614
116,766,24.07,55.9
422,250,24.309328237208256,55.70685239270043
70,20,24.35,55.9
202,859,24.348110130047356,55.73300172630311
255,132,24.07,55.9
413,1057,24.07,55.55
740,417,24.07,55.891391458395205
202,542,24.07,55.633546133358145
241,1217,24.07,55.6639535721431
916,121,24.21532504203957,55.9
393,917,24.07,55.55
265,101,24.07,55.9
719,1096,24.35,55.9
872,1322,24.35,55.55
502,816,24.345988431564173,55.9
893,1057,24.074799633811185,55.55
975,749,24.35,55.55
503,1409,24.33016595956668,55.9
76,1094,24.15297285734582,55.55
77,200,24.07,55.9
516,771,24.07,55.55
901,1307,24.35,55.60575626799546
610,1075,24.35,55.9
151,1175,24.07,55.84914429256242
289,625,24.35,55.9
125,1075,24.35,55.891514368942815
424,380,24.35,55.70378161720158
189,1269,24.326934047427628,55.76552430339308
902,649,24.35,55.9
331,795,24.102061992732114,55.69222040616435
591,518,24.174727150076006,55.9
301,903,24.07,55.55
506,1197,24.169621917895743,55.787860386569626
87,752,24.25254893757018,55.9
728,554,24.35,55.55
722,1243,24.12536247624355,55.9
481,1305,24.18681205121354,55.7988862031223
500,816,24.35,55.9
801,1136,24.290611658779778,55.77183100941106
556,513,24.08167283168242,55.65336668781046
871,151,24.274227750305492,55.9
834,1437,24.317257795882565,55.9
62,73,24.07,55.852696760488406
454,404,24.33989241873445,55.9
648,850,24.35,55.55
735,1330,24.07,55.847626477703855
715,554,24.35,55.55
896,1273,24.07,55.7949354982623
455,433,24.226716668946864,55.772939136247984
844,89,24.35,55.80428655787502
356,714,24.070638749382134,55.55
817,895,24.157328481424873,55.661128866850895
497,313,24.35,55.55133737181971
834,639,24.07,55.86355172150091
287,183,24.07,55.55
733,1481,24.07,55.55
157,97,24.252692440367458,55.74117549648305
854,858,24.35,55.7096992544902
260,223,24.07,55.9
311,903,24.07,55.55
955,318,24.07,55.55
454,1032,24.35,55.82575729001241
18,1417,24.35,55.62038717645416
311,1307,24.35,55.55
387,519,24.35,55.55
936,88,24.35,55.9
899,27,24.135927575782933,55.78087398046594
780,688,24.317608798264942,55.55
719,1156,24.35,55.9
905,1311,24.35,55.9
940,1491,24.35,55.55
481,684,24.082301396732902,55.73300335977844
172,33,24.256882915381546,55.658947134671344
94,381,24.07,55.55
306,445,24.35,55.89764628849004
483,1096,24.35,55.8270168443442
955,70,24.07,55.9
29,639,24.07,55.9
430,717,24.35,55.55
20,183,24.07,55.55788322630952
48,1131,24.238650882051715,55.55
924,625,24.35,55.9
592,1211,24.35,55.9
939,765,24.257246851070075,55.853543111870955
865,100,24.153331077538336,55.9
483,1381,24.35,55.78061070200594
88,1403,24.35,55.55
5,561,24.07421851312911,55.67015801526387
52,850,24.35,55.55
417,612,24.18682188770633,55.640892125037254
378,903,24.07,55.56397976565366
522,670,24.07,55.9
992,903,24.07,55.55
784,16,24.07,55.55
404,1075,24.35,55.9
872,1331,24.285588827631027,55.559872088949724
340,381,24.07,55.55
975,722,24.35,55.55
843,133,24.07,55.825067849045645
360,642,24.177520187372682,55.79497251126571
783,1161,24.211909588553407,55.724103395162686
138,652,24.07,55.55
949,688,24.35,55.55
719,1374,24.09594719874229,55.9
895,1478,24.286309928527118,55.9
969,1035,24.35,55.82204949329128
758,429,24.251305278830642,55.55
515,801,24.226490679144234,55.9
969,644,24.35,55.55
361,1229,24.35,55.55
486,670,24.09616751613508,55.9
296,769,24.07,55.722791351692976
252,1294,24.07,55.7725363459195
355,73,24.07,55.9
893,868,24.35,55.55
594,1415,24.35,55.75346826055967
138,165,24.07,55.55
94,1319,24.311162156178998,55.66503199912959
955,322,24.35,55.72235579081378
95,742,24.07,55.9
458,1057,24.085605780329367,55.55
941,652,24.07,55.55
849,140,24.114934510970915,55.7751056869658
847,1056,24.35,55.684251405169036
799,219,24.35,55.62015849446616
944,903,24.07,55.55
66,1075,24.35,55.9
21,827,24.15561611128679,55.55
300,644,24.35,55.55
819,223,24.07,55.9
219,665,24.07,55.845741986845
118,69,24.121224536595427,55.55
965,255,24.07,55.9
604,796,24.28298438097595,55.56557043579545
209,561,24.07,55.70692731020434
610,1423,24.35,55.8376283940605
462,1413,24.08591659670325,55.55
690,313,24.35,55.55
350,574,24.344249273993988,55.569674164150776
955,950,24.35,55.8224895475271
236,445,24.35,55.9
176,504,24.15355100611127,55.89161412378132
217,1499,24.35,55.74280771846032
353,1252,24.07,55.6993703504244
270,255,24.07,55.9
613,605,24.07,55.73293567065303
827,1308,24.35,55.64409296620264
705,1477,24.35,55.9
281,223,24.07,55.9
193,1307,24.348112233149422,55.55
478,948,24.209502711414604,55.9
893,749,24.35,55.55
77,682,24.07,55.5644771178572
722,70,24.07,55.9
581,1426,24.35,55.69109502231453
690,1495,24.35,55.809626819383034
300,605,24.09576751926759,55.66663519963067
242,1075,24.35,55.9
849,833,24.07,55.9
255,867,24.142478067498253,55.55
244,554,24.35,55.55
250,665,24.07,55.82465692129046
571,682,24.07,55.55
66,1129,24.07,55.620386909090726
783,714,24.07,55.55
838,558,24.312487867594875,55.55
538,135,24.35,55.9
214,556,24.138206228565863,55.63007809045735
152,869,24.163909565036743,55.9
684,771,24.07,55.55
683,329,24.097668103979768,55.82797472343943
746,1207,24.35,55.9
42,1368,24.07,55.59568864787507
530,579,24.126285822285254,55.55
542,817,24.123004685126357,55.87544065399701
555,1050,24.07,55.9
173,1034,24.0840602789916,55.66053896126557
88,1224,24.35,55.684957350310135
569,759,24.35,55.72853467389484
332,1096,24.35,55.9
216,644,24.35,55.55
185,804,24.201734670916135,55.84600410502022
955,415,24.120360628084686,55.9
561,1388,24.35,55.81774228475535
868,909,24.33823119259868,55.56735744161121
62,1287,24.35,55.63298759738532
217,1408,24.07,55.77952362903462
959,381,24.07,55.55
500,639,24.07,55.9
615,1445,24.35,55.9
297,779,24.138070065780706,55.55
895,916,24.203045922995926,55.58386660524292
988,1311,24.35,55.9
117,1181,24.35,55.9
683,652,24.07,55.55
521,841,24.11802972728026,55.84981054157496
172,917,24.07,55.55
219,1307,24.35,55.55
117,532,24.35,55.85529093585812
445,88,24.35,55.9
613,625,24.35,55.9
834,1032,24.349953243711067,55.79656136078304
569,509,24.35,55.729149895884774
176,404,24.35,55.9
340,669,24.35,55.55
609,1413,24.07,55.559230618732244
671,367,24.07,55.9
942,613,24.30291081107787,55.55
905,265,24.35,55.809640922109395
841,369,24.07,55.76348912242487
701,843,24.347598998783912,55.55
239,752,24.198087126210126,55.9
992,1162,24.285524522440728,55.56965409727054
581,132,24.07,55.89546448517308
891,997,24.07,55.55
723,617,24.320137551508484,55.9
193,1322,24.35,55.55
170,1211,24.35,55.9
723,72,24.35,55.9
302,1025,24.241117030647064,55.9
269,1481,24.07,55.55
595,556,24.168364501788467,55.658625467672245
963,1322,24.35,55.57038403234234
36,589,24.292776562808882,55.651234002723555
297,183,24.07,55.55
396,858,24.35,55.762283401302355
827,945,24.35,55.57315765752514
390,206,24.35,55.837448713118874
83,280,24.07,55.55
62,1459,24.20686104415409,55.55
38,684,24.07,55.796703594564164
252,766,24.07,55.9
930,1388,24.338652961088226,55.75601098344072
23,165,24.07,55.55
239,646,24.07,55.9
282,688,24.35,55.580313456517274
118,255,24.14876336242234,55.9
33,652,24.07,55.57752771263211
262,1481,24.07,55.55
269,771,24.07,55.55
746,93,24.129742154239676,55.55262062685867
530,682,24.07,55.562915216521844
595,749,24.35,55.55
628,868,24.35,55.55
667,195,24.140320860414857,55.55
893,318,24.07,55.55
693,1229,24.35,55.55
575,714,24.07,55.55
6,132,24.07,55.9
944,997,24.07,55.55
126,1156,24.35,55.9
848,135,24.35,55.9
80,1472,24.07,55.89109682268012
235,912,24.35,55.9
824,7,24.35,55.9
458,670,24.07,55.9
257,1306,24.35,55.67264939320634
202,16,24.07,55.55
978,30,24.07,55.78449951440937
15,519,24.35,55.55
854,1380,24.282783016775245,55.722632898878075
938,610,24.07,55.9
614,7,24.35,55.9
939,1463,24.35,55.75416111560478
544,93,24.130820225585424,55.55
615,591,24.29436857821997,55.861801999444296
967,771,24.07,55.55
897,583,24.080593554472905,55.9
359,156,24.35,55.624375543817
476,79,24.127148631585182,55.67771636709405
610,1207,24.35,55.9
117,1173,24.26354278339142,55.55
963,644,24.35,55.55
888,644,24.35,55.55
396,1229,24.35,55.55
634,652,24.07,55.55
507,1331,24.35,55.619991741215046
827,44,24.35,55.8264268605007
352,775,24.289840622883258,55.67064241786921
521,1491,24.35,55.55
838,1283,24.07,55.55
969,1468,24.07,55.55
567,516,24.35,55.764912265651056
348,1370,24.321502508388345,55.86691332473269
365,646,24.07,55.9
481,739,24.236036765332425,55.55
188,538,24.233035002389737,55.9
435,1481,24.07,55.55863141365682
345,1124,24.07,55.9
378,821,24.07,55.833680261745194
219,906,24.35,55.812707904664045
746,953,24.187530772131876,55.55
500,669,24.33724768174708,55.55
733,597,24.07,55.70444147398387
715,997,24.07,55.55
670,1043,24.07,55.843980777724234
816,850,24.35,55.55
212,938,24.35,55.6008175094621
447,1057,24.07,55.55
872,293,24.230300589285516,55.81902525225767
262,1044,24.285724168743027,55.55
481,1413,24.07,55.55
207,223,24.07,55.9
949,1189,24.07,55.66527211888362
841,1230,24.101044710290264,55.55
306,1050,24.07,55.9
936,160,24.082249578130185,55.884438243373474
742,1481,24.07,55.55
679,554,24.35,55.55
502,625,24.35,55.9
455,551,24.35,55.70824058709658
624,1468,24.07,55.55
996,765,24.22811609139452,55.84663215438975
483,1491,24.35,55.55818758468516
647,255,24.07,55.9
795,646,24.07,55.9
64,932,24.07,55.603718161953346
792,833,24.07,55.9
262,885,24.35,55.65804961878397
297,917,24.07,55.55
760,466,24.07,55.67547297716891
266,1467,24.07,55.9
564,1491,24.35,55.55
300,695,24.137325669145326,55.64128618391124
195,1322,24.35,55.55
387,864,24.07,55.565045559508086
851,16,24.07,55.55
306,20,24.35,55.9
627,1096,24.35,55.9
695,135,24.35,55.9
305,1259,24.281401898232293,55.65606906177687
780,122,24.35,55.55
45,710,24.25770244775256,55.9
323,722,24.35,55.55
581,639,24.07,55.9
175,78,24.35,55.699827539822046
430,657,24.27300367812014,55.7355308981002
943,1375,24.35,55.683854936661135
555,1034,24.07,55.603417872395354
945,1207,24.35,55.863864965130055
32,632,24.07,55.9
926,122,24.35,55.55
495,532,24.35,55.83435783934386
617,108,24.35,55.70803211750775
207,1413,24.07,55.56665393928688
393,652,24.07,55.55
542,402,24.180626000684278,55.55
214,669,24.35,55.55
617,468,24.35,55.64758969395449
650,597,24.07,55.75792305372578
431,646,24.087986051856486,55.9
413,318,24.07,55.55
201,255,24.07,55.87164161163168
130,682,24.09019302951841,55.55
513,135,24.35,55.9
252,269,24.180639530883838,55.80617935735897
785,1375,24.35,55.64732774058455
814,1184,24.07,55.729858498760386
561,20,24.35,55.9
107,1467,24.07,55.9
109,850,24.35,55.55
914,912,24.35,55.9
81,445,24.35,55.9
710,639,24.07,55.88852661200238
863,72,24.35,55.9
698,749,24.29731287873961,55.55
154,22,24.204721747101857,55.9
265,674,24.14689203581665,55.9
690,1075,24.35,55.9
471,1428,24.22576074739965,55.6336316624226
734,7,24.35,55.9
740,1035,24.35,55.9
70,1035,24.35,55.9
485,1140,24.07,55.776989595820666
411,749,24.35,55.55
588,1477,24.35,55.9
559,714,24.07,55.55
782,1057,24.07,55.55
832,481,24.35,55.55
695,1371,24.32556622278584,55.9
23,1207,24.35,55.9
715,381,24.07,55.55
701,462,24.215289318372477,55.9
71,1247,24.163080388065552,55.74849008751802
477,962,24.21708788731965,55.9
227,1255,24.35,55.687265560209944
95,80,24.245832379601158,55.9
125,659,24.23455432648486,55.839316754238666
301,245,24.07,55.55
949,353,24.35,55.9
331,421,24.117817754733895,55.88876623268515
742,70,24.07,55.9
107,183,24.07,55.55
38,1413,24.07,55.55
462,758,24.35,55.55
454,141,24.35,55.66721750354052
303,452,24.07,55.9
36,48,24.277931418205906,55.9
856,77,24.35,55.76136968365184
468,1479,24.34380357386652,55.9
942,688,24.35,55.55
2,1184,24.07,55.72489967503806
863,1035,24.35,55.9
787,624,24.32246952811124,55.62382188736537
296,206,24.35,55.850695708351545
664,909,24.283003211155496,55.55
430,1400,24.159895771379478,55.55
792,1379,24.07,55.8035788608185
112,709,24.252185615085807,55.63369960623134
735,1050,24.07,55.9
897,88,24.35,55.9
188,632,24.07,55.9
827,1181,24.35,55.9
325,610,24.07,55.9
201,174,24.28074353828293,55.55
245,722,24.35,55.55
654,16,24.104814602805497,55.55
959,416,24.321086241031466,55.55
94,912,24.35,55.9
81,324,24.07,55.64125304988345
476,1139,24.35,55.761696935517044
610,1270,24.35,55.82689213535737
447,165,24.07,55.55
990,528,24.327358322117462,55.9
891,767,24.2352016044273,55.9
130,644,24.35,55.55
734,404,24.35,55.9
435,769,24.07,55.67018008784896
944,1271,24.113405069736913,55.734757626627854
623,1087,24.07,55.616985387991534
671,1101,24.336911092852265,55.9
502,1142,24.081277833273376,55.697520141734145
990,1491,24.35,55.55
918,280,24.07,55.55
277,70,24.07,55.9
911,452,24.07,55.9
592,20,24.35,55.9
722,1403,24.35,55.55930358861795
642,616,24.114786723988257,55.84249492445178
387,1365,24.07,55.7362184583326
634,313,24.35,55.55
348,1211,24.35,55.9
556,630,24.21236699427999,55.83225515461502
787,1451,24.236816205935874,55.62644578548043
452,771,24.07,55.55
522,578,24.113000094150745,55.739349114566764
222,1120,24.146894085109434,55.719705299350665
740,403,24.35,55.569742971383036
926,210,24.35,55.80904917442605
988,694,24.35,55.79287228370567
393,1467,24.07,55.9
92,1181,24.35,55.9
940,165,24.121936313478656,55.55
126,1158,24.35,55.7185461008359
15,380,24.35,55.71582697273864
670,1050,24.07,55.9
153,416,24.338214064775336,55.55
262,1417,24.35,55.62196146228141
728,1445,24.35,55.9
353,825,24.267689375103075,55.9
48,1491,24.35,55.55
320,353,24.35,55.9
834,1492,24.07,55.860405786295516
981,691,24.183348617617664,55.7728547083632
622,833,24.07,55.9
151,1184,24.07,55.70416588385617
547,1248,24.07,55.70795646641146
455,717,24.35,55.55
714,955,24.30378229580053,55.68385051355488
787,88,24.35,55.87046899480685
899,70,24.07,55.88937644957009
956,535,24.35,55.63896673493263
760,1196,24.269085228631095,55.77720852995006
841,362,24.07,55.61542237614816
88,326,24.281489762635434,55.7652801036221
506,1359,24.278968706977725,55.86424390225595
173,903,24.07,55.55
476,850,24.35,55.55
905,903,24.07,55.55
159,1403,24.35,55.55
834,742,24.07,55.9
683,1472,24.071329249213267,55.88587837687124
42,714,24.07,55.55
178,1435,24.35,55.794903770817776
723,94,24.328596044959767,55.841897633463816
560,1477,24.35,55.9
599,1212,24.14899657175423,55.9
949,1224,24.32522956250992,55.654647328926444
838,903,24.07,55.55
365,1072,24.29711344268519,55.9
542,723,24.35,55.65267975643501
171,1307,24.35,55.55
848,1389,24.09698455760914,55.55
355,426,24.25932014287245,55.9
32,1225,24.07,55.63647182353928
331,200,24.07,55.9
864,670,24.07,55.9
194,968,24.188841671190353,55.8044587528043
5,892,24.07,55.61929427977336
588,1307,24.333099620467397,55.55
853,1420,24.23483462465884,55.558744926450736
696,885,24.35,55.71144480831529
463,728,24.171784034857712,55.55
243,416,24.35,55.55
966,165,24.07,55.55
667,1474,24.35,55.55
893,122,24.35,55.55
614,1420,24.260712554423357,55.57600525729641
899,941,24.07,55.58077389130914
782,717,24.35,55.55
773,1468,24.07,55.55
725,159,24.110417010671352,55.9
203,1057,24.07,55.55
165,48,24.292562079495028,55.9
640,1310,24.33441265458046,55.7732219405572
609,1117,24.35,55.82791215709994
216,629,24.273211095581097,55.59722741643408
747,758,24.35,55.55
806,1487,24.15388193678142,55.59916064487131
787,1201,24.276864461697897,55.64465656252338
713,723,24.35,55.651234774649495
849,766,24.07,55.9
985,432,24.148616991570815,55.9
475,132,24.07,55.9
363,1034,24.07,55.58973119577901
495,669,24.35,55.55
509,625,24.307483805844583,55.9
609,445,24.35,55.9
924,20,24.35,55.9
483,1311,24.303363354727434,55.9
920,1035,24.32644798662332,55.9
723,1487,24.115164345366686,55.60135450819221
323,903,24.08175556429167,55.55113945838969
341,1477,24.35,55.9
858,1468,24.07,55.55
64,917,24.07,55.55
188,135,24.35,55.9
343,689,24.288676344994556,55.76762278702431
33,868,24.35,55.55
938,73,24.07,55.9
283,997,24.091808932857145,55.55
42,183,24.07,55.55
331,208,24.07,55.84959490080672
311,1039,24.337791891681267,55.55
465,1481,24.115228372805863,55.55
848,1193,24.35,55.55
719,658,24.203832824447474,55.9
936,682,24.07,55.55
491,72,24.35,55.9
820,519,24.35,55.55
782,379,24.259785045010915,55.9
21,1445,24.35,55.9
581,1407,24.193713514758898,55.9
465,903,24.07,55.55
918,1322,24.35,55.59184757439244
933,1108,24.233068572985385,55.9
244,1311,24.35,55.9
632,1057,24.07,55.55
323,500,24.187135324289454,55.555208270719596
819,783,24.185794139483495,55.9
297,1299,24.246356464340757,55.55
460,722,24.35,55.55
847,210,24.35,55.786611630157644
296,1181,24.35,55.9
92,487,24.207464455672653,55.55
780,1445,24.35,55.85042513459915
389,1211,24.35,55.9
485,953,24.234249793550106,55.55
244,16,24.07,55.61103720513148
88,722,24.35,55.55
235,769,24.07,55.67675517447058
164,1207,24.35,55.9
17,554,24.35,55.55
126,572,24.07023299489595,55.74259333547445
214,416,24.35,55.55
142,544,24.10662768998367,55.9
301,1181,24.35,55.86335621811803
839,135,24.35,55.9
363,632,24.07,55.8867119919392
421,1229,24.35,55.55
787,183,24.07,55.55
286,577,24.232222072721346,55.55
738,816,24.35,55.9
814,459,24.07,55.707313755354356
465,846,24.346352384094946,55.82045863667544
242,1115,24.35,55.78349933910273
529,64,24.114329569983827,55.55
422,846,24.35,55.83124757359663
381,1272,24.07,55.55
874,690,24.2803754720025,55.55
595,813,24.108299695564117,55.788777665505066
529,764,24.17019673145735,55.62624635864144
588,141,24.35,55.64577057151378
201,867,24.160063406363793,55.55
982,652,24.07,55.55
673,111,24.132517635894594,55.9
232,250,24.35,55.76407777257129
588,625,24.35,55.9
36,1481,24.07,55.55
476,1193,24.35,55.55
632,280,24.07,55.55
978,917,24.081784379312555,55.55
491,929,24.15358149451435,55.76035002690627
112,1272,24.07,55.55
297,1032,24.35,55.8363215529766
263,997,24.07,55.55
463,554,24.35,55.55
849,1057,24.07,55.55
780,646,24.07,55.9
985,1476,24.30773006721685,55.74574332127658
604,1193,24.35,55.55
164,1229,24.35,55.56981417274502
911,280,24.07,55.55
529,329,24.07,55.843521772453556
814,742,24.07,55.9
567,1402,24.29728066857718,55.9
697,20,24.35,55.9
367,575,24.26882379314275,55.85450519207111
23,240,24.35,55.9
830,122,24.35,55.55
217,333,24.078143254369177,55.89394287627871
617,111,24.120885238246125,55.9
959,917,24.07,55.55
217,367,24.07,55.9
864,101,24.07,55.9
696,1481,24.07,55.55
507,88,24.35,55.9
195,165,24.121594632675997,55.55
512,1250,24.196631548242475,55.78947154927093
714,1035,24.35,55.9
923,127,24.195102665224308,55.80757421085055
87,452,24.07,55.9
575,464,24.07,55.65883541478658
400,742,24.07,55.9
284,1127,24.258874344794616,55.55
742,208,24.07,55.875163998047874
282,1322,24.35,55.56799643761607
175,223,24.07,55.9
990,1229,24.35,55.55
233,1276,24.206508179035765,55.577355648227545
20,639,24.07,55.9
95,938,24.320853168295383,55.68606895593756
387,301,24.234558315855914,55.7480989448378
380,1101,24.322514532098815,55.84893854800555
325,1272,24.07,55.55
335,652,24.07,55.55
693,1474,24.35,55.55
556,404,24.35,55.896000978028965
284,695,24.154384393729632,55.625369608185615
918,625,24.35,55.9
232,646,24.07,55.9
219,266,24.220414746200476,55.9
509,1322,24.322558555054545,55.55
990,205,24.25906514676814,55.55
142,200,24.07,55.9
152,88,24.35,55.9
806,183,24.07,55.55
196,1263,24.323319987565007,55.681708006048815
509,7,24.35,55.9
613,670,24.07,55.9
713,1075,24.35,55.9
728,544,24.07,55.83210702506102
201,1264,24.35,55.59534576400113
152,410,24.35,55.74820220288931
123,1046,24.257907986565307,55.86183763868224
628,200,24.07,55.86400659477161
963,749,24.35,55.55
955,914,24.189336969184303,55.9
298,1283,24.07,55.55
512,204,24.07,55.716095020609096
61,1468,24.077724322695456,55.55
896,771,24.07,55.55
588,404,24.35,55.9
888,1323,24.173856718326416,55.55
88,141,24.35,55.676068968979706
555,728,24.126822896965987,55.55
661,1419,24.311221359649764,55.6438925040303
23,137,24.224448827657305,55.9
632,652,24.07,55.55
783,1481,24.07,55.55
178,503,24.35,55.69280269877585
856,716,24.35,55.6747337454882
500,758,24.35,55.60908668287016
821,1234,24.329100592220126,55.85139967661061
491,833,24.07,55.898939040711475
142,223,24.07,55.9
587,554,24.342850023852357,55.55
277,209,24.07,55.65198233779748
274,688,24.35,55.55
25,135,24.35,55.9
42,132,24.07,55.9
906,1193,24.35,55.55
936,687,24.20004198188055,55.71422804533584
715,736,24.134530447530828,55.72054772491422
250,542,24.07,55.58807926557989
679,73,24.131447599039447,55.85150866849616
352,519,24.35,55.55
684,15,24.142631488723694,55.73172941868129
705,592,24.155970337909803,55.9
233,404,24.35,55.9
847,1003,24.07,55.85499747631177
785,406,24.07,55.83050671104966
746,381,24.07,55.577566248323045
588,418,24.173084088759204,55.9
275,1291,24.35,55.7644761714729
199,593,24.145663329691377,55.79258959309479
430,606,24.07,55.65883536366822
871,1035,24.35,55.9
92,280,24.07,55.55
328,1355,24.35,55.66719871740513
502,485,24.35,55.720531679150625
595,1054,24.26817069048008,55.55
173,1294,24.07,55.74572575096163
778,1403,24.35,55.55
2,625,24.35,55.9
486,646,24.07,55.9
969,223,24.07,55.9
247,1096,24.35,55.9
807,536,24.333439592140603,55.671458594147445
938,903,24.08924538952732,55.55
348,1208,24.160612984178915,55.55
170,404,24.35,55.9
945,1479,24.263660229876503,55.9
812,141,24.35,55.64386052102144
615,694,24.33981703935581,55.784706260532175
863,574,24.35,55.62820678329288
497,554,24.35,55.55
109,648,24.233539435815803,55.55
47,1057,24.07,55.55
151,1057,24.07,55.55
890,39,24.308438049075274,55.87533225074904
864,358,24.27452824869431,55.9
703,903,24.07,55.55
277,1041,24.07,55.81126690249041
801,771,24.07,55.55
778,1264,24.35,55.55
56,328,24.251954684975058,55.55
679,770,24.35,55.82942006770224
613,1445,24.35,55.9
345,331,24.07,55.80611116431057
896,165,24.07,55.55
695,1140,24.07,55.82714549653549
423,16,24.091091218714364,55.55
307,717,24.35,55.55
424,985,24.35,55.845424146763804
664,1491,24.35,55.55
173,95,24.102819090411714,55.745473913384416
516,1039,24.308812285697954,55.55
595,416,24.35,55.55
447,1369,24.07,55.64122523313323
222,161,24.19625734550294,55.55
323,402,24.23139781619414,55.55
87,639,24.07,55.9
262,1272,24.07715986820947,55.55
697,529,24.223648298065918,55.55
561,295,24.31121994770393,55.83672745372354
826,153,24.07,55.86397665300832
305,1031,24.35,55.55693018912944
281,646,24.07,55.9
847,892,24.07,55.61525075791951
230,492,24.07,55.61485840444046
485,542,24.07,55.639986733590604
701,903,24.139002797112205,55.55928463483103
891,706,24.29482289334058,55.55
939,1467,24.07,55.9
363,132,24.08035565341581,55.9
489,72,24.35,55.9
547,1468,24.077416969633575,55.55
827,566,24.07,55.62953622865158
944,1467,24.07,55.9
834,73,24.07,55.9
233,742,24.07,55.9
410,966,24.18404094889241,55.9
352,50,24.35,55.65504023721808
855,280,24.07,55.55
250,997,24.07,55.55
71,183,24.07,55.55
141,1020,24.23592953177153,55.55290140098111
936,73,24.07,55.9
603,246,24.28389278602158,55.9
495,318,24.07,55.55
806,73,24.11832388236809,55.87387575228433
996,300,24.220906712444002,55.55
698,722,24.35,55.55
735,81,24.1469310704579,55.9
132,415,24.1507777417793,55.9
486,255,24.07,55.9
783,481,24.35,55.55
982,1286,24.07,55.72948427894216
390,912,24.35,55.9
799,1035,24.35,55.9
891,1440,24.285183842512428,55.9
627,20,24.35,55.9
615,1474,24.35,55.55
703,1020,24.3066282655151,55.55
906,722,24.35,55.55
421,381,24.07,55.55
624,1272,24.07,55.55
697,544,24.07,55.857305616368286
471,1054,24.31064778202584,55.55
705,762,24.35,55.82446973021965
824,280,24.11000451940053,55.55
363,117,24.07,55.78771693638504
926,37,24.35,55.61096387483881
435,646,24.07,55.861505074216275
497,867,24.099474301913492,55.55
618,652,24.07,55.55
175,632,24.07,55.9
940,916,24.203238947508446,55.55
425,1132,24.278806729973606,55.9
114,749,24.35,55.55
851,422,24.239984402794853,55.861292270496385
478,772,24.116188211412815,55.9
404,670,24.07,55.9
21,1179,24.35,55.81865476959622
147,1382,24.07,55.753333244248
5,1272,24.07,55.55
966,88,24.35,55.9
77,644,24.35,55.55
799,486,24.35,55.86761484228884
858,850,24.35,55.55
516,165,24.07,55.55
400,255,24.07,55.9
871,356,24.081770082174096,55.68432352127522
544,308,24.35,55.833503078415546
168,1372,24.209422796085757,55.82406643302791
99,1307,24.35,55.55
500,165,24.07,55.55
87,771,24.07,55.55
719,298,24.267391307486523,55.55
21,682,24.07,55.56923352267337
748,356,24.07,55.700703140333175
468,1156,24.35,55.9
756,682,24.07,55.55
826,578,24.13069478994236,55.79104254284356
58,833,24.07,55.9
933,452,24.07,55.9
33,742,24.07,55.9
826,912,24.35,55.9
233,452,24.07,55.9
471,749,24.35,55.55
114,516,24.35,55.73314677555706
104,197,24.35,55.671069520742236
901,714,24.07,55.55
530,670,24.07,55.9
446,1100,24.35,55.87316893587238
542,1307,24.35,55.55
172,1467,24.07,55.9
591,610,24.07,55.9
221,1049,24.25984072930774,55.60319996879476
287,465,24.150342668429072,55.83359683840517
481,1382,24.07,55.75347121316181
963,1319,24.35,55.662086517709035
287,1272,24.07,55.55
422,183,24.07,55.55
446,766,24.07,55.9
218,652,24.07,55.55
250,1050,24.09214879946341,55.9
738,617,24.266353588439678,55.9
609,1169,24.35,55.67292408788709
421,625,24.35,55.9
242,1423,24.35,55.819246581154474
588,381,24.07,55.55
481,441,24.1645590739485,55.9
154,452,24.07,55.9
216,722,24.35,55.55
92,903,24.07,55.55
784,771,24.07,55.55
207,864,24.086813765332032,55.6157412883207
284,132,24.07,55.9
895,732,24.326459080387703,55.55
629,921,24.196061989833467,55.6556631527042
896,267,24.17317314405604,55.73192582557484
303,1158,24.35,55.78137090914862
622,445,24.35,55.9
623,816,24.35,55.9
363,665,24.07,55.758109219542014
363,9,24.296466615400117,55.63148087892026
529,1067,24.07,55.85632468931954
45,416,24.35,55.570094623216164
452,163,24.217381575657715,55.9
90,749,24.35,55.55
728,381,24.07,55.55
363,1124,24.07,55.9
605,72,24.35,55.9
404,742,24.07,55.9
348,1499,24.35,55.71868141276877
725,1025,24.222295005532686,55.9
320,1211,24.35,55.9
212,632,24.07,55.9
801,1468,24.07,55.55
591,204,24.07,55.742483448670676
975,1229,24.35,55.55
151,1413,24.07,55.55
848,404,24.35,55.9
736,367,24.090830078712237,55.9
959,318,24.07,55.55
872,1380,24.309657034330836,55.69487237839054
395,280,24.07,55.55
287,476,24.229115598128114,55.55
532,1037,24.35,55.736315705162724
282,280,24.07,55.55
985,1075,24.35,55.9
571,1146,24.278735541680366,55.9
792,1096,24.35,55.9
756,318,24.11829844326832,55.55
555,714,24.07,55.55275163555544
847,771,24.07,55.55
705,1050,24.07,55.89469762514455
296,1303,24.202085696135796,55.9
667,763,24.14454076550435,55.9
556,709,24.316460936898892,55.6355314449222
920,255,24.07,55.9
900,485,24.35,55.694664355377334
902,1299,24.29381850677349,55.55
874,1473,24.323098985160332,55.76982379890379
477,632,24.07,55.9
936,596,24.11909718796448,55.83853653581426
377,1322,24.3377416013311,55.55691301150448
298,1163,24.22906787474193,55.55
42,1283,24.07,55.55
266,101,24.07,55.9
295,232,24.07,55.75152967288948
341,445,24.339383012300154,55.9
179,1156,24.35,55.83779039774572
355,1124,24.07,55.9
158,313,24.35,55.55
345,554,24.35,55.55
542,859,24.35,55.82857004739575
844,916,24.215091170041024,55.55
905,848,24.07,55.85674431139312
865,200,24.07,55.9
695,1408,24.07,55.836181453593746
966,135,24.35,55.9
695,1449,24.07,55.67302613323775
504,1264,24.35,55.55
995,481,24.35,55.55
307,648,24.228267116198385,55.55
413,619,24.07,55.791319950437035
634,1032,24.35,55.85435961930043
356,447,24.13809563660908,55.55
209,1322,24.289872959099018,55.55
854,652,24.07,55.55
179,1181,24.35,55.9
235,1481,24.07,55.55
353,331,24.07,55.75939934331287
252,1229,24.35,55.5586971312615
564,717,24.35,55.57279952570115
255,318,24.07,55.55
359,682,24.07,55.55
499,1403,24.35,55.55
68,1150,24.171461261176823,55.86019435338331
793,549,24.265423267397118,55.55
670,753,24.122815958567646,55.9
195,639,24.07,55.9
20,98,24.335909282913637,55.9
36,327,24.32643180301509,55.734486665203605
547,632,24.07,55.9
255,916,24.205507154235416,55.55
521,1156,24.35,55.88145176132945
938,318,24.07,55.55
411,519,24.35,55.55
214,868,24.35,55.55
852,1322,24.35,55.58922430410064
21,423,24.294644895075876,55.55
884,189,24.35,55.673684788617855
87,641,24.07,55.6245027554551
348,73,24.07,55.9
468,157,24.293258609533204,55.9
111,84,24.222085822094893,55.85195903358544
396,868,24.35,55.55
817,165,24.07,55.55
537,1477,24.35,55.9
379,690,24.262981383695326,55.559006325518986
637,821,24.07,55.81334122939841
289,639,24.07,55.888237379263735
512,779,24.165610954668995,55.55
799,766,24.07,55.9
853,771,24.07,55.55
940,1307,24.35,55.55
636,639,24.07,55.9
21,122,24.32665244502483,55.55
916,318,24.07,55.55
513,491,24.13874270585252,55.9
6,606,24.07,55.65187347757499
491,1050,24.07,55.9
865,101,24.07,55.9
189,1056,24.35,55.688183419439646
216,688,24.35,55.55
963,924,24.122885805878393,55.63338958149129
942,1229,24.35,55.55
874,7,24.35,55.9
956,690,24.32588863934095,55.55
830,688,24.35,55.55
390,1482,24.175890835796014,55.67194679287958
697,1307,24.315789536870348,55.579028463706756
697,610,24.07,55.9
888,1150,24.131489872110418,55.9
323,1335,24.12001624211449,55.5734657651741
684,1283,24.07,55.55
48,758,24.35,55.55
588,223,24.07,55.9
512,122,24.35,55.55
673,70,24.07,55.9
275,852,24.183236614883064,55.55
820,758,24.35,55.55
996,984,24.35,55.85011581755211
395,178,24.28229413231304,55.83661608624613
235,1322,24.35,55.55
670,223,24.07,55.9
673,1467,24.07,55.9
795,516,24.35,55.78632210993305
241,1114,24.07,55.79789322441551
381,245,24.07,55.55
746,1481,24.07,55.55
804,617,24.273527364461245,55.9
864,240,24.35,55.9
157,159,24.110964001570117,55.9
109,313,24.310560033863688,55.55
423,1474,24.35,55.55
302,852,24.244986118034642,55.55
216,554,24.35,55.55
132,452,24.07,55.9
742,367,24.07,55.9
703,381,24.07,55.55
884,101,24.107375150157903,55.9
485,798,24.336065917754826,55.640151955242686
589,834,24.24695528474089,55.55087480506602
864,850,24.35,55.55
222,122,24.35,55.55
664,452,24.078878191857417,55.9
405,1025,24.177997127680968,55.9
348,632,24.07,55.9
289,742,24.07,55.9
848,855,24.269934521096644,55.9
814,816,24.35,55.9
452,223,24.07,55.9
561,570,24.35,55.67401332344398
756,73,24.07,55.89972380833797
262,739,24.247905011522494,55.55
94,418,24.138668490219953,55.9
594,539,24.07,55.620297074010786
295,1189,24.07,55.701387814160086
874,519,24.35,55.55
955,132,24.07,55.9
506,265,24.35,55.83842998368223
497,1032,24.35,55.822580611493635
913,387,24.156382284586442,55.55
648,1010,24.15316954120079,55.66177948949063
295,271,24.25808109063406,55.9
311,1272,24.07,55.55
95,1272,24.09690331492672,55.55
352,423,24.35,55.603370798376595
853,688,24.35,55.55
719,554,24.35,55.55
77,716,24.35,55.70957765146577
615,503,24.35,55.76975048702633
495,639,24.07,55.87762382669736
491,223,24.07,55.9
784,682,24.07,55.55
218,69,24.093844321210764,55.55
247,610,24.07,55.9
302,766,24.07,55.9
350,1468,24.07,55.55
632,1368,24.07,55.654802650168605
424,646,24.07,55.9
38,280,24.07,55.55
851,1017,24.14195472967584,55.64858841634118
507,445,24.35,55.9
489,35,24.07,55.731581655600245
431,1037,24.35,55.74242229747548
935,200,24.07,55.9
112,766,24.07,55.9
905,452,24.07,55.9
684,298,24.260633237214755,55.55
379,1477,24.35,55.9
390,543,24.16804887543891,55.61532065909439
890,804,24.252725970024454,55.80561950804168
18,103,24.102902513310358,55.734389034851574
48,903,24.07,55.55
87,552,24.228938121124163,55.55
679,1096,24.35,55.9
907,652,24.07,55.55
434,1285,24.07,55.7147043764048
340,19,24.320655617208033,55.66312015573634
592,308,24.312966440884576,55.9
114,883,24.35,55.655347601502804
345,717,24.35,55.55
995,779,24.190293910319937,55.55741159851361
176,1029,24.07,55.80292322953358
509,20,24.35,55.9
109,76,24.143102920798025,55.55
345,1264,24.35,55.55
303,7,24.35,55.9
832,843,24.35,55.550969614017035
588,245,24.07,55.55
888,646,24.07,55.9
839,1403,24.35,55.55
151,1272,24.07,55.58077215676479
458,377,24.25193824512844,55.84888398024853
52,165,24.07,55.55
339,496,24.140934779779073,55.64739714871191
413,328,24.21602707354441,55.55
742,766,24.086853060951537,55.9
158,1272,24.07,55.55
301,193,24.35,55.60533693713899
19,1156,24.35,55.9
821,1007,24.241215002077396,55.55
899,38,24.35,55.654749015944965
189,487,24.23243731848633,55.55
495,169,24.07,55.65156660375388
792,51,24.07,55.65241229422711
824,367,24.07,55.9
995,200,24.07,55.9
194,1354,24.07,55.89161290109296
539,714,24.07,55.55
242,434,24.161929583483083,55.55
509,1381,24.35,55.784531755397495
242,100,24.16087541956603,55.9
864,749,24.35,55.55
617,833,24.07,55.9
509,639,24.07,55.9
228,1322,24.35,55.55
868,688,24.35,55.55
901,473,24.07,55.68264845739988
703,843,24.30956616567716,55.55
343,1329,24.15189322216457,55.68802176565701
735,255,24.07,55.890984912172215
773,16,24.07,55.55
38,1173,24.277302628810226,55.55
515,649,24.35,55.9
19,1159,24.35,55.79334957106401
332,111,24.128864344852712,55.844868004762404
274,108,24.35,55.69107779787204
671,649,24.35,55.9
271,1101,24.35,55.88615949890177
218,722,24.35,55.55
298,7,24.35,55.9
203,1184,24.07,55.670829790639445
513,125,24.15085376402052,55.9
58,430,24.134656576205277,55.55
785,452,24.07,55.9
353,1273,24.07,55.76520060062918
537,722,24.35,55.55
782,132,24.07,55.9
995,73,24.07,55.9
387,1307,24.35,55.55
722,1208,24.091124124323052,55.55
445,988,24.22155499781505,55.9
142,673,24.07,55.71924486396338
516,669,24.35,55.55719090664428
431,1307,24.35,55.55
381,280,24.07,55.55
650,1283,24.07,55.55
922,445,24.342914233673092,55.9
375,1283,24.07,55.55
497,16,24.07,55.55
485,1054,24.263068210401332,55.55
125,183,24.07,55.58714988270923
90,833,24.07,55.9
193,240,24.35,55.9
978,1481,24.07,55.55
481,255,24.07,55.88968514174342
826,1075,24.35,55.9
537,1468,24.08022637105389,55.55
48,1415,24.35,55.78156194919501
906,165,24.07,55.55
114,670,24.07,55.9
589,416,24.35,55.55
648,669,24.35,55.55
400,1467,24.07,55.9
64,484,24.07,55.68558883595
564,1403,24.35,55.55
754,20,24.35,55.88651994803921
300,688,24.35,55.55
888,688,24.35,55.55
629,101,24.07,55.9
281,1075,24.35,55.9
244,452,24.07,55.9
302,833,24.07,55.9
193,1211,24.35,55.9
664,1096,24.35,55.9
17,669,24.35,55.55
454,706,24.33026813725027,55.55
434,1158,24.32832342745649,55.74392074932192
325,224,24.07,55.73547224637304
679,310,24.190859432868226,55.9
900,219,24.35,55.61220344699118
634,1442,24.14947214767137,55.9
250,1314,24.35,55.82303628389776
728,877,24.085292686797807,55.7800378790487
970,1369,24.07,55.60790618353788
227,292,24.237079699168127,55.81267994958098
733,717,24.35,55.55
95,1120,24.159801076780298,55.71540886922856
361,699,24.228154005860038,55.55
604,815,24.19395209695773,55.74509897103838
998,318,24.07,55.55
648,1283,24.07,55.56603380363882
375,682,24.07,55.55
486,865,24.107226945243273,55.55
393,223,24.07,55.9
942,1283,24.07,55.55
673,1003,24.085491038634096,55.85249573718185
985,1322,24.35,55.55
435,678,24.35,55.6189316853677
273,72,24.35,55.9
853,1203,24.35,55.6066268131114
222,649,24.35,55.9
671,1232,24.155481127221332,55.791389659921784
99,997,24.07,55.55
503,1338,24.198544208426952,55.77183168655452
423,318,24.07,55.60985546875444
969,367,24.07,55.9
722,1239,24.35,55.7664938615935
339,749,24.35,55.55
400,132,24.07,55.9
367,1264,24.35,55.55
515,415,24.109500737877386,55.9
297,1417,24.35,55.6706831500845
747,1035,24.35,55.9
455,1322,24.35,55.55
872,1273,24.07,55.73524238916747
252,1477,24.35,55.88012131584669
284,578,24.104228241403778,55.745474589387044
377,210,24.35,55.82584971883327
995,166,24.07,55.83238980463055
23,452,24.07,55.84761760692934
32,245,24.07,55.55
251,1307,24.35,55.55
244,653,24.35,55.666039717731216
532,1293,24.152880136848548,55.9
341,1096,24.35,55.9
618,877,24.07,55.846824137365
523,669,24.35,55.55
782,1169,24.343377914088478,55.67296836665257
963,1272,24.07,55.55
142,1096,24.35,55.9
704,1471,24.171425739527173,55.655453971762896
23,135,24.35,55.9
930,1139,24.35,55.699103658839356
178,1075,24.35,55.9
265,122,24.35,55.55
943,833,24.07,55.86239775820304
434,639,24.07,55.9
771,199,24.228598929171497,55.55
257,994,24.269168413589526,55.9
843,641,24.07,55.597147217657295
64,1455,24.237115374660547,55.9
696,1035,24.35,55.84123001897711
164,1335,24.130750065489643,55.55
66,1481,24.076736805454907,55.55
332,72,24.35,55.9
806,223,24.07,55.9
423,132,24.07,55.822497811356335
872,926,24.35,55.614132502026
521,135,24.35,55.9
519,209,24.075553515595068,55.60875162736572
820,1307,24.35,55.55
940,416,24.35,55.55
111,649,24.35,55.9
671,1292,24.07,55.577404930059394
982,183,24.07,55.55
287,1299,24.255403428532503,55.55
307,771,24.07,55.55
16,1264,24.35,55.55
421,1272,24.07,55.55
605,912,24.35,55.9
841,610,24.07,55.9
756,1491,24.35,55.55
613,1481,24.1387698779231,55.55
203,70,24.07,55.9
854,990,24.295149600310253,55.55
162,1307,24.349527831907896,55.55
247,148,24.35,55.77841754560833
42,868,24.35,55.55
196,717,24.35,55.55
251,1322,24.29884689407681,55.55
855,318,24.07,55.559136520611744
650,1379,24.07,55.83945917458426
339,1211,24.35,55.9
715,452,24.07,55.9
270,688,24.35,55.55
94,197,24.35,55.73569325892696
378,484,24.07,55.68195950855593
963,564,24.142082777837537,55.55
849,330,24.17822104375125,55.55
922,742,24.07,55.9
792,1050,24.07,55.9
421,644,24.32741600562428,55.55
899,1124,24.078676696568575,55.9
998,677,24.130877002670395,55.9
521,1477,24.35,55.9
425,625,24.35,55.9
478,1272,24.07,55.55205005791359
422,832,24.184654031043795,55.55323434731808
341,632,24.07,55.9
393,610,24.07,55.9
47,557,24.300214410762504,55.55
246,1456,24.286843825978412,55.6227160482681
742,224,24.07,55.743088991895846
393,7,24.35,55.9
715,318,24.07,55.55
982,646,24.07,55.9
853,441,24.189507568560735,55.9
820,1181,24.35,55.9
891,1150,24.116176748549893,55.9
623,1355,24.35,55.68730465962935
71,625,24.35,55.9
848,755,24.198918057343693,55.9
848,1300,24.07,55.77796645535966
924,929,24.13955937983645,55.73674547780842
83,70,24.07,55.9
33,1369,24.07,55.6281750800327
47,722,24.35,55.55
901,322,24.35,55.692128761849965
437,962,24.25609861537709,55.9
618,1232,24.156883541482596,55.80442679789403
489,1286,24.07,55.688497165515734
70,1224,24.35,55.682143925288464
985,1307,24.35,55.55
843,519,24.35,55.55
787,629,24.288449129449468,55.56324433378319
982,714,24.086790465919346,55.555645851565735
526,353,24.35,55.9
849,423,24.35,55.60701932734236
422,534,24.26378921145533,55.55
632,1311,24.35,55.9
68,88,24.35,55.9
360,165,24.07,55.55
515,1443,24.15336945747217,55.82454265680661
340,1423,24.35,55.82048629021493
698,1308,24.35,55.68212586792783
15,749,24.35,55.55
623,313,24.332114249917066,55.55
816,1273,24.07,55.733017509399424
691,329,24.08871293916626,55.77553159138237
311,165,24.07,55.594988387668515
168,1307,24.35,55.55
118,101,24.07,55.9
792,1330,24.07,55.838192729498246
944,367,24.07,55.9
843,523,24.07,55.73728784096051
175,848,24.07,55.803239512855946
902,1156,24.35,55.87790448391401
275,739,24.236717203837614,55.55
594,833,24.07,55.9
328,722,24.35,55.55
914,51,24.085930102589973,55.690978169810755
193,381,24.07,55.55
821,669,24.35,55.55
295,832,24.19500504652454,55.55
703,318,24.07,55.55
306,70,24.07,55.9
532,868,24.35,55.55
920,30,24.07,55.86279302599133
567,200,24.07,55.9
109,1359,24.35,55.84858216892167
356,749,24.34810283781981,55.55
938,646,24.07,55.9
969,914,24.21456888006822,55.9
101,646,24.07,55.9
844,698,24.07,55.776288767139086
982,16,24.07,55.55
173,652,24.07,55.55
260,1128,24.31929177821906,55.9
924,347,24.318122629952548,55.84010624511926
142,45,24.18424056734038,55.66713233140658
263,903,24.07,55.55
173,840,24.254218803627058,55.71577774486731
458,598,24.35,55.880908611040915
719,817,24.139025019408052,55.87837217639978
942,165,24.07,55.55
147,625,24.35,55.9
246,624,24.35,55.63723979091585
939,742,24.07,55.9
355,1093,24.17412870608412,55.66340495784232
516,843,24.35,55.55
926,1445,24.35,55.9
475,1477,24.35,55.9
462,1301,24.35,55.555534715808605
925,816,24.35,55.9
728,1124,24.07,55.9
5,49,24.290371023646316,55.79307407214526
485,1331,24.35,55.601461217628234
275,758,24.35,55.55
281,1191,24.122005780972273,55.61193706152626
430,551,24.35,55.67257997540489
621,404,24.35,55.9
193,990,24.28032598970173,55.55
335,613,24.299067710047215,55.55
588,897,24.07,55.57524779172393
906,1468,24.07,55.58453225019554
246,699,24.232224569341067,55.55
870,20,24.35,55.9
227,436,24.19651928048027,55.9
348,1168,24.195478498719236,55.86920498011326
320,752,24.200334722264245,55.9
679,68,24.232901016463416,55.9
735,833,24.0779105938385,55.9
460,427,24.28383004370649,55.78915211749898
826,1207,24.35,55.8957935614857
323,1481,24.07,55.55
87,381,24.07,55.55
996,313,24.35,55.55
356,416,24.35,55.55
123,39,24.295815242021177,55.9
592,416,24.35,55.55
465,369,24.07,55.75303178675316
523,183,24.07440952761868,55.55742640118498
233,997,24.07,55.57886482341711
503,1477,24.35,55.9
874,868,24.35,55.55
571,7,24.35,55.9
773,381,24.07,55.55
865,73,24.07,55.9
561,343,24.20861318201948,55.55
814,1035,24.35,55.9
569,625,24.33569096194097,55.9
463,399,24.320829908191588,55.779292206216994
571,1062,24.115188912342106,55.55
61,1256,24.146552473788702,55.55
595,534,24.286270558100824,55.55
722,313,24.35,55.55
227,686,24.230345593234837,55.6856772276377
969,445,24.35,55.9
445,1445,24.35,55.9
926,1211,24.35,55.9
970,917,24.07,55.55
424,1223,24.07,55.7771225474152
595,1229,24.35,55.55
719,766,24.07,55.9
693,1070,24.28138866524153,55.70577190194923
549,843,24.35,55.55
865,644,24.345304265771247,55.55
698,1229,24.35,55.55
949,1211,24.35,55.9
431,827,24.157554273976448,55.55
760,20,24.35,55.9
673,77,24.35,55.80606676561088
654,843,24.35,55.55
988,240,24.35,55.9
799,153,24.07,55.7888721279057
450,967,24.128821354941177,55.85560873870013
523,1264,24.35,55.55
591,690,24.307924185344422,55.55
175,70,24.07,55.9
799,838,24.27644054892335,55.55
891,458,24.271963456047313,55.862478024999135
58,500,24.18309071098041,55.55
924,850,24.35,55.55
758,843,24.35,55.55
847,1154,24.325581632761423,55.64717751977123
219,43,24.07,55.77225214100733
808,519,24.35,55.55
350,416,24.35,55.55
902,1311,24.35,55.9
245,1181,24.35,55.9
955,742,24.07,55.9
864,1152,24.07,55.662627871009406
943,1467,24.07,55.9
458,649,24.35,55.9
830,867,24.164838088204043,55.55
77,717,24.35,55.55
340,646,24.07,55.9
218,481,24.35,55.55
266,223,24.07,55.9
269,492,24.07,55.61455697638453
783,519,24.35,55.55
916,652,24.07,55.55
549,1156,24.293407636304863,55.9
648,1063,24.257727809094767,55.55
874,1277,24.1377024243485,55.79089584148655
816,1408,24.07,55.769979028092386
876,960,24.33171754492837,55.6622986044516
328,73,24.07,55.9
217,1035,24.326571844612527,55.9
298,770,24.35,55.85921441581157
476,280,24.07,55.572090516562284
817,1481,24.07,55.55
485,416,24.35,55.55
495,280,24.07,55.55
239,318,24.07,55.55
609,644,24.35,55.55
944,1445,24.35,55.862077946175866
64,240,24.35,55.837455604423646
70,1075,24.35,55.9
938,367,24.07,55.9
66,731,24.23292946310679,55.55
821,1032,24.35,55.8810926754056
971,749,24.35,55.55
780,101,24.07,55.9
447,1355,24.35,55.685178781984526
532,1307,24.35,55.55
109,710,24.25000736269321,55.9
906,714,24.146961026611695,55.55
736,639,24.07,55.9
939,79,24.07,55.72146641479892
244,1,24.35,55.7958117057197
203,1264,24.35,55.55
512,839,24.273493843985644,55.9
2,1374,24.13105629822739,55.9
589,1375,24.35,55.65504638780515
458,147,24.282853950680863,55.9
748,1204,24.152282631224793,55.9
610,325,24.120872861317604,55.76857436695286
891,777,24.238817041890908,55.73692664988212
853,700,24.255108702156974,55.77163358510765
193,1275,24.173524943674423,55.55
679,742,24.07,55.9
254,691,24.24266982407773,55.7907444390865
995,254,24.35,55.81108572446393
179,1115,24.340816555940794,55.842501382130045
265,706,24.35,55.57465767333773
804,655,24.07,55.742569635649296
547,251,24.07,55.71052321257269
395,648,24.21443631713989,55.55
848,752,24.23788458275216,55.9
667,1272,24.07,55.55
704,682,24.07,55.55
865,1468,24.116526761676578,55.55
738,1388,24.35,55.80086619468592
116,1289,24.160290943495216,55.55
286,43,24.07,55.74738947415355
400,625,24.35,55.862869547769485
634,766,24.07,55.9
896,464,24.07,55.58772038044873
871,288,24.335767643667037,55.659650479206434
445,424,24.07,55.77942806697437
88,1211,24.35,55.9
807,825,24.31217772397902,55.9
853,452,24.07,55.9
965,101,24.07,55.9
274,583,24.106531148391767,55.87586171019292
159,6,24.330485497411793,55.65000038577279
483,1129,24.07,55.629781333303235
848,445,24.35,55.87427965104966
354,1264,24.35,55.55
592,721,24.241565762229765,55.8910788047006
62,917,24.07,55.55
569,310,24.176141641793496,55.9
564,1484,24.35,55.73993816795467
594,597,24.07,55.67127213050551
320,1481,24.07,55.55
733,766,24.077714040045382,55.9
922,899,24.248485480732185,55.63885854885622
614,223,24.07,55.9
521,649,24.35,55.9
110,682,24.07,55.55
778,648,24.211334703705788,55.55
852,1101,24.308098622662193,55.9
195,1263,24.35,55.741540244854484
481,728,24.162414279894936,55.55
463,1322,24.35,55.55
841,892,24.07,55.61278766193636
499,1211,24.35,55.9
468,661,24.209819489058827,55.714696017614685
417,632,24.07,55.9
325,132,24.07,55.9
760,88,24.35,55.9
265,1477,24.35,55.9
157,610,24.07,55.89101154386406
500,132,24.07,55.9
856,117,24.07,55.82059501487541
698,516,24.35,55.7755168537715
326,1124,24.07,55.9
967,1468,24.07,55.58419583926875
855,381,24.07,55.55
111,474,24.11865446216615,55.9
513,106,24.35,55.804799274443546
595,670,24.07,55.880082758087454
393,633,24.12819196024831,55.833537373673884
196,464,24.07,55.64068515304583
853,646,24.07,55.9
147,820,24.319192460019828,55.9
990,549,24.254719293315187,55.55
617,1396,24.32980354415344,55.864782109056314
298,1229,24.35,55.5670651407734
504,939,24.14338788041899,55.785912319714996
164,157,24.295917232064607,55.83067210606489
196,942,24.329689557334422,55.9
870,135,24.35,55.9
170,1255,24.35,55.6931858715127
832,520,24.32218856531073,55.742710788424006
326,1433,24.07,55.69951012533349
710,1467,24.07,55.9
941,999,24.166861900799763,55.68150968224866
306,367,24.07,55.9
302,243,24.22360807951277,55.55
503,20,24.35,55.9
985,843,24.35,55.55
839,766,24.07,55.847893962526605
353,452,24.07,55.9
920,1311,24.35,55.9
966,1075,24.35,55.9
693,833,24.07,55.9
888,749,24.35,55.55
88,1035,24.35,55.9
400,816,24.35,55.9
604,1365,24.07,55.75224924439034
500,1403,24.35,55.55
735,742,24.07,55.9
244,938,24.35,55.60566029413669
838,280,24.07,55.55
522,42,24.120081305652825,55.55
328,632,24.07,55.9
94,682,24.07,55.55
378,1481,24.07,55.55
725,7,24.35,55.9
21,567,24.074019876973544,55.674791409533626
260,711,24.07,55.68893121899477
738,1156,24.35,55.9
756,1477,24.35,55.9
853,742,24.07,55.9
785,917,24.07,55.55306211271919
52,1413,24.07,55.55
64,1181,24.35,55.9
538,1263,24.35,55.74717630002586
820,1280,24.35,55.622103531239674
257,1193,24.35,55.55
360,541,24.07,55.847448132250115
400,263,24.21868155246117,55.77496674775726
502,445,24.35,55.9
216,423,24.30882655361922,55.55
834,422,24.27905916659575,55.9
275,191,24.33264510018939,55.67181203590173
671,165,24.07,55.55
104,523,24.07,55.764328353933415
185,892,24.07,55.59198178514628
549,1193,24.35,55.55
117,407,24.07,55.67253799399177
632,1016,24.35,55.631757385977764
47,653,24.35,55.7178416969821
821,646,24.07,55.9
610,1223,24.07,55.79671363094501
255,1449,24.07,55.671522106130666
916,246,24.276676653860697,55.9
654,1468,24.07,55.55
890,280,24.147697699251623,55.55
219,868,24.35,55.577000569160965
610,1124,24.07,55.9
260,646,24.07,55.9
814,445,24.35,55.9
425,816,24.35,55.9
819,1464,24.22005429741708,55.9
723,903,24.142238162779076,55.55
19,1323,24.141636755037123,55.55
6,1230,24.165090015881827,55.55
481,1403,24.35,55.55
821,1003,24.07,55.89025725809037
378,529,24.23428070242086,55.55
691,101,24.07,55.9
615,864,24.090460205755694,55.55
345,404,24.35,55.9
944,985,24.35,55.85038425967977
255,1228,24.07,55.7879038485331
654,24,24.188453285482048,55.55
581,426,24.241546047208445,55.9
244,1131,24.217100475086582,55.55
194,452,24.07,55.9
287,945,24.35,55.5575249665821
112,714,24.07,55.55
895,205,24.26923241095277,55.55
152,68,24.166883304241534,55.9
62,554,24.35,55.55
468,1075,24.35,55.9
263,1297,24.07,55.763594542607265
833,1075,24.35,55.899944312090355
945,1101,24.329770460175457,55.9
56,699,24.234501263555746,55.55
581,649,24.35,55.9
301,825,24.25991940906018,55.9
269,402,24.217409486968677,55.55
848,1159,24.35,55.776593329334
564,44,24.35,55.82495699384572
550,88,24.35,55.9
547,245,24.07,55.55
522,432,24.091536172183524,55.9
331,1050,24.07,55.9
622,1291,24.35,55.819534986528765
425,313,24.35,55.55
175,1057,24.07,55.55
262,1235,24.183049124166228,55.9
486,318,24.07,55.55
723,771,24.07,55.55
246,245,24.07,55.55
853,632,24.072517865206642,55.9
530,481,24.298924367030846,55.567174245370126
902,1477,24.35,55.9
706,132,24.07,55.9
217,850,24.35,55.55
263,924,24.07,55.642868284627305
784,163,24.21256692095152,55.9
748,682,24.07,55.55
58,1283,24.07,55.55
853,151,24.222393599296755,55.87850571517914
851,1283,24.07,55.55
152,771,24.07,55.58820310660597
532,749,24.35,55.55
255,766,24.07,55.9
179,767,24.25048939436863,55.9
848,357,24.17847681152455,55.9
555,917,24.077683110011762,55.55
217,669,24.35,55.55
273,1474,24.35,55.55
609,1403,24.35,55.55
132,362,24.07,55.64499693130565
339,1096,24.35,55.86560886580199
907,1457,24.07,55.74715518442593
913,671,24.249273304092632,55.55
978,1283,24.07,55.55
175,572,24.07,55.68337210169672
911,1272,24.07,55.55
521,717,24.35,55.56319707851151
648,671,24.2544772223404,55.55
965,367,24.07,55.9
814,758,24.35,55.55
454,1075,24.35,55.9
193,1421,24.142676314638674,55.55
80,610,24.07,55.9
746,135,24.35,55.9
642,1211,24.35,55.9
250,255,24.07,55.87528721514491
171,122,24.35,55.55
365,437,24.07,55.72102849000502
826,577,24.20912243938285,55.570940078873576
623,417,24.07,55.892481774167315
395,1389,24.115514335905104,55.55
33,7,24.35,55.9
817,1403,24.35,55.55
325,962,24.228352728377438,55.9
377,1423,24.35,55.86032039453728
722,88,24.35,55.9
152,381,24.07,55.55
982,1057,24.07,55.55
642,1322,24.35,55.55
849,1037,24.35,55.75105236451298
899,534,24.231973446556268,55.55
982,322,24.35,55.69321005137313
522,73,24.07,55.9
175,846,24.35,55.81413591154371
747,368,24.07,55.74102888546752
6,1481,24.07,55.55
594,1335,24.12453380927044,55.55
154,245,24.07,55.55
628,1474,24.35,55.55
230,850,24.35,55.55
6,758,24.35,55.55
95,766,24.07,55.9
485,481,24.35,55.59415303671121
967,42,24.131867328413797,55.55
378,554,24.35,55.55
523,1413,24.07,55.55
263,639,24.11298742063231,55.9
165,245,24.07,55.55
843,1368,24.07,55.597839701710704
359,1468,24.07,55.55
967,135,24.33497815100253,55.9
817,1272,24.07,55.55
29,73,24.07,55.9
354,1481,24.07,55.55
564,789,24.34292917504115,55.7837806565938
787,20,24.35,55.88439642846109
217,313,24.35,55.55212167592072
483,200,24.07,55.9
735,639,24.07,55.9
355,749,24.35,55.55
621,1477,24.35,55.9
906,1392,24.07,55.6904354752558
589,749,24.35,55.55
435,850,24.35,55.55
277,400,24.07,55.85534052430159
381,632,24.07,55.9
20,1495,24.35,55.75161224329803
249,1127,24.28130321986435,55.55
610,255,24.120149921840568,55.9
112,682,24.101928859125753,55.55
249,644,24.35,55.55
571,917,24.07,55.55
212,1128,24.26262142893874,55.9
422,29,24.156111084004202,55.55
483,51,24.07,55.649341311160335
320,742,24.07,55.9
107,1322,24.289491978922065,55.55
714,122,24.35,55.55
513,817,24.175519418222336,55.9
112,1263,24.349527309163555,55.69544809105465
193,35,24.101503141203708,55.74467962586547
515,920,24.07,55.848842460115584
289,610,24.07,55.9
77,206,24.35,55.83902044595608
173,1098,24.241709533599046,55.55
896,644,24.35,55.55
486,43,24.07,55.767791664244825
402,255,24.07,55.9
284,519,24.35,55.55
20,223,24.11330426160343,55.9
874,670,24.106639277830997,55.9
418,1477,24.35,55.9
242,1467,24.071900928780096,55.9
335,280,24.07,55.55
266,1211,24.35,55.9
742,917,24.07,55.55
284,903,24.07,55.55
896,649,24.324203474733327,55.9
804,666,24.35,55.662432159783805
217,427,24.35,55.7809070400288
80,875,24.287910610125245,55.55
693,132,24.07,55.9
690,722,24.35,55.55
784,271,24.27871411511676,55.9
61,1355,24.35,55.70577254422683
87,271,24.243111482370324,55.85487696934285
227,625,24.35,55.9
227,7,24.35,55.9
246,1050,24.07,55.9
773,356,24.07,55.72011327662092
792,646,24.07,55.9
402,1124,24.07,55.9
914,535,24.35,55.640075234452404
252,337,24.07,55.720740031600336
194,538,24.227907631468042,55.9
80,38,24.35,55.71385142468547
263,632,24.07,55.9
254,1271,24.07,55.76390354461896
905,610,24.07,55.9
379,320,24.07,55.7270945859176
549,519,24.35,55.55
389,240,24.35,55.9
523,670,24.07,55.9
843,1264,24.35,55.55
38,532,24.35,55.866560536520275
905,458,24.31631941221714,55.9
404,1374,24.089402135780897,55.9
2,313,24.35,55.55
704,721,24.247209118455416,55.9
405,536,24.35,55.69729216568557
2,682,24.07,55.55
302,1435,24.35,55.82164693570844
345,135,24.35,55.9
245,1311,24.31584387698465,55.9
307,1094,24.13493799452602,55.55
581,1075,24.35,55.9
567,206,24.35,55.818769810753196
48,484,24.07,55.6869492650221
296,541,24.084960811976774,55.9
152,682,24.07,55.55
475,445,24.329184395757927,55.9
179,850,24.323497510630606,55.55
341,528,24.298181595000273,55.9
23,1211,24.35,55.89996043738877
559,434,24.161734736889674,55.606174804676954
945,240,24.35,55.9
617,1043,24.07,55.827053947767055
222,688,24.35,55.573224859000305
733,240,24.35,55.9
854,937,24.208439552317575,55.71483226953552
538,313,24.35,55.55
216,771,24.07,55.55589205607501
281,1368,24.07,55.601130572424005
841,1219,24.187732326424157,55.55
808,191,24.35,55.75464877646491
269,938,24.35,55.639112707644564
561,1067,24.07,55.864258449409604
265,868,24.35,55.55
266,1035,24.35,55.9
15,1468,24.07,55.55
447,424,24.13551294600594,55.739894313152945
477,957,24.24203319086161,55.818397470280296
592,1264,24.35,55.55
784,322,24.35,55.70039202971153
812,1322,24.35,55.55
636,981,24.28326529390548,55.667924280513226
295,404,24.35,55.9
952,575,24.35,55.83012689236374
782,1322,24.35,55.56745252472861
460,646,24.07,55.9
404,605,24.07,55.68094289979574
45,1175,24.07,55.85475000414172
992,1311,24.35,55.9
36,170,24.35,55.655338350382436
420,223,24.07,55.9
99,908,24.35,55.61604631332042
90,1035,24.35,55.9
90,119,24.125407199893147,55.78952614340755
760,661,24.194160125518827,55.72355435954602
801,462,24.19063688499103,55.9
559,912,24.35,55.890956924307055
157,625,24.35,55.9
738,453,24.088872838439773,55.55
821,234,24.292812449264318,55.847627667932336
463,162,24.123779598620946,55.55
990,1322,24.35,55.55
64,717,24.35,55.55
307,903,24.07,55.55
618,1220,24.07,55.814652038552815
66,481,24.35,55.55
302,1382,24.07,55.70805887286794
497,1481,24.07,55.55
621,236,24.35,55.84154221349195
196,1445,24.345453439454783,55.9
610,1050,24.07,55.9
504,625,24.35,55.9
893,423,24.35,55.56487755680329
844,1150,24.12096172423497,55.9
249,1050,24.07,55.9
817,309,24.167327949477112,55.62895121754818
703,417,24.07,55.8039425132651
587,498,24.250096188709286,55.55
944,1087,24.07,55.61893868551966
410,1096,24.35,55.9
782,183,24.07,55.55
497,280,24.07,55.55
465,570,24.35,55.649884230980966
359,251,24.07,55.72336719226074
684,797,24.265639739810656,55.82604726653465
352,416,24.35,55.55
942,367,24.07,55.9
512,500,24.19036426834502,55.55
555,1301,24.35,55.627007273868934
99,885,24.35,55.67828813901254
352,453,24.09632906593869,55.55
683,353,24.35,55.9
68,1096,24.35,55.9
696,473,24.07,55.75019807529116
550,1000,24.35,55.78591377279421
843,1054,24.282440556788718,55.55
184,1477,24.35,55.9
808,1319,24.35,55.663918805311646
378,714,24.07,55.55
227,367,24.07,55.9
784,649,24.35,55.9
95,20,24.35,55.9
782,644,24.35,55.55
152,1445,24.318488694553576,55.9
610,289,24.07,55.58037545238029
844,367,24.110772986361862,55.9
254,639,24.093054712701843,55.9
723,850,24.291170443699126,55.55
650,783,24.16411035528341,55.9
158,385,24.188653599901873,55.71616120654175
952,1188,24.35,55.82822421615981
529,367,24.07,55.9
320,4,24.07,55.714670689446706
834,1159,24.35,55.80199020065414
581,1367,24.239220830037894,55.66841571529092
320,329,24.07,55.834117957104084
447,1124,24.07,55.9
194,56,24.184214806531415,55.713356034345004
246,154,24.23410802513418,55.59224124075065
899,757,24.16551143922182,55.624106992373804
901,111,24.150256722540913,55.9
865,415,24.09697031786271,55.9
120,1207,24.35,55.9
691,495,24.199519717777903,55.645931371924796
942,975,24.35,55.67792302211813
254,353,24.35,55.9
247,1359,24.35,55.87920764038451
154,1322,24.35,55.55
778,1086,24.07,55.7143962371624
801,885,24.35,55.71400865535492
664,1322,24.35,55.55
922,1413,24.07,55.55
265,318,24.07,55.55
504,80,24.19721073459085,55.9
992,1032,24.35,55.88173875653462
142,903,24.07,55.556062113481254
870,639,24.071445675295934,55.9
704,1445,24.35,55.9
232,1124,24.07,55.9
445,1467,24.07,55.9
820,865,24.104017131009865,55.55
575,73,24.07,55.9
435,639,24.110383597633703,55.9
530,917,24.07,55.55
110,837,24.07,55.66277110589838
838,706,24.3134649845012,55.55
830,423,24.35,55.579926800747096
465,1226,24.264036724030255,55.60314347246786
723,602,24.130524628354266,55.55
235,1319,24.35,55.68702476732375
47,731,24.221865151853727,55.62237761012421
495,1117,24.35,55.82642162477635
257,1408,24.07,55.81518503099221
230,183,24.096381213814723,55.55
199,646,24.07,55.9
833,625,24.29188332526874,55.9
735,1124,24.07,55.9
58,576,24.07,55.60962049914821
123,768,24.29939029303637,55.61771317603126
478,770,24.35,55.78718234034738
740,1322,24.34760834865943,55.55
564,1370,24.35,55.84796126764322
431,844,24.298819558070946,55.84574156745609
783,617,24.271910503036636,55.9
499,688,24.35,55.55
410,166,24.07,55.849945686992996
157,920,24.07,55.83057901668518
715,903,24.07,55.55
642,749,24.35,55.55
787,70,24.07,55.9
476,132,24.07,55.9
360,1101,24.308161914953608,55.9
405,753,24.175002702070863,55.9
787,783,24.124257814016676,55.9
738,847,24.17589615348933,55.83459791983322
475,1193,24.32141295056684,55.55
365,255,24.12217486357909,55.9
71,186,24.35,55.62461091148121
5,1181,24.35,55.9
738,174,24.26413332573589,55.55
332,632,24.07,55.9
48,832,24.180461783549795,55.55
107,1080,24.18808409776046,55.9
246,1044,24.259107053367245,55.567622365674985
966,72,24.35,55.9
832,316,24.159952645622106,55.66710528420428
214,266,24.18396256828592,55.9
202,862,24.33632402144767,55.55
952,255,24.07,55.9
778,90,24.1566400049109,55.86850915009316
895,1413,24.07,55.55
771,72,24.35,55.9
112,771,24.07,55.55
295,24,24.216694461866286,55.55
48,732,24.35,55.61232774589146
896,91,24.35,55.56467917112491
254,86,24.249809279953332,55.9
513,122,24.35,55.6052188091728
622,1056,24.35,55.63850562615907
70,1351,24.172992894373753,55.9
827,106,24.35,55.811850815020684
19,639,24.07,55.9
38,652,24.07,55.55
462,318,24.07,55.55
270,897,24.136435624161283,55.618208936011406
320,1031,24.35,55.557355040389204
795,644,24.35,55.55
360,183,24.071905458023338,55.55
486,914,24.21032920504675,55.9
564,722,24.35,55.5623493717681
922,280,24.07,55.55
11,1418,24.148314491961045,55.58824636114101
107,383,24.334237986670583,55.79730135674823
393,843,24.35,55.55
604,163,24.241467907598125,55.83450182669102
202,885,24.35,55.72160061334368
296,766,24.07,55.9
356,240,24.35,55.89100983124525
335,70,24.07,55.9
380,679,24.2632922885111,55.72021947521281
118,833,24.07,55.9
56,1229,24.35,55.55
120,48,24.277702202813092,55.9
194,1477,24.35,55.9
559,262,24.224598360226803,55.9
262,200,24.07,55.9
507,501,24.161285080343294,55.880381300249994
126,183,24.11832553975249,55.55
332,223,24.07,55.9
254,1051,24.248609031558583,55.55
111,1311,24.35,55.9
833,1305,24.147696111912353,55.73117264791273
228,1193,24.35,55.55
747,236,24.35,55.80505297514739
594,1474,24.35,55.55
683,240,24.35,55.9
679,223,24.07,55.9
306,1035,24.35,55.9
241,142,24.07,55.813787306525334
955,1181,24.35,55.9
250,935,24.35,55.75350730769889
381,415,24.11351403423032,55.9
246,1075,24.35,55.9
232,802,24.257996397501927,55.61438920236983
661,16,24.07,55.55
196,249,24.254758200466,55.572128733642316
640,945,24.35,55.592741065546186
360,625,24.35,55.9
107,850,24.35,55.55
460,941,24.07,55.56546235021527
503,1075,24.35,55.9
64,341,24.253258360857927,55.875207918504636
985,416,24.35,55.55
856,540,24.121860110728786,55.808032559324474
591,790,24.16888007498051,55.81863909995757
297,44,24.35,55.84524933933871
506,997,24.140814612951957,55.55
175,884,24.1954735170833,55.9
486,380,24.35,55.68453081203421
671,917,24.07,55.55
116,669,24.35,55.55
199,1272,24.07,55.55
175,1377,24.076809849338364,55.63100635757449
506,534,24.24957186906135,55.55
18,1225,24.07,55.663876818128195
281,20,24.35,55.85445399118815
111,1211,24.35,55.9
610,411,24.107499863464515,55.831073279883704
483,583,24.10586850806809,55.9
58,185,24.20323082576571,55.70693668984974
201,519,24.297034375857674,55.55
153,542,24.074942468134775,55.639769797363805
273,1376,24.305246083710838,55.637563152412184
591,166,24.07,55.865633816853645
865,567,24.07,55.61612448622295
771,122,24.35,55.59811110180679
152,404,24.35,55.9
424,1455,24.24828346481439,55.9
610,670,24.07,55.9
833,245,24.07,55.55
478,1322,24.35,55.55
547,1448,24.212348824443936,55.55
38,771,24.07,55.55
604,1442,24.214695507839856,55.9
377,830,24.191937782270553,55.84161382837112
905,404,24.35,55.9
462,1193,24.35,55.55
235,1229,24.35,55.55
640,682,24.07,55.55
110,288,24.35,55.68898670410199
844,452,24.07,55.9
884,863,24.35,55.747818734502545
423,1283,24.07,55.55
990,313,24.35,55.55
603,1156,24.35,55.9
273,766,24.07,55.9
325,625,24.35,55.9
855,542,24.07,55.55259262109272
212,816,24.35,55.9
671,1472,24.07,55.836523993942215
450,552,24.24036791209715,55.55
916,352,24.202318119028146,55.680865393991255
255,954,24.14480620814234,55.9
221,500,24.146436705767865,55.55
587,1283,24.07,55.55
632,1428,24.208309303958856,55.62025864441488
605,236,24.35,55.8197091047078
975,481,24.35,55.55
735,1481,24.07,55.55
345,1229,24.35,55.55
71,442,24.343209998519338,55.65822471910861
379,850,24.35,55.55
417,917,24.074286141019556,55.55
25,1211,24.35,55.9
301,639,24.07,55.9
311,1429,24.35,55.70993024238315
359,1354,24.100461798818134,55.9
339,1181,24.35,55.9
29,494,24.07,55.82066989412737
900,1173,24.258878969308284,55.56142978244543
888,1378,24.35,55.65228390132974
418,1491,24.35,55.55
165,665,24.07,55.77976782707292
387,554,24.32598337750668,55.55
806,1283,24.07,55.55
530,1322,24.35,55.55
799,519,24.35,55.55
164,1491,24.35,55.55
538,644,24.35,55.55
560,1052,24.309522179785866,55.9
323,771,24.07,55.55
20,7,24.35,55.86783627842378
130,210,24.33681670126481,55.849655873633935
713,240,24.35,55.84848847538283
907,923,24.25172625483186,55.9
734,1096,24.35,55.9
151,280,24.07,55.55
101,639,24.07,55.9
194,818,24.250329644893622,55.81944881220896
817,54,24.289082476127994,55.55
66,669,24.320344258109206,55.55
589,1479,24.33956940969861,55.9
509,1468,24.07,55.55
387,990,24.26619392489422,55.59273916181381
483,101,24.07,55.88742150605898
650,877,24.07,55.83958324177273
833,669,24.35,55.55
120,1403,24.35,55.55
159,1385,24.20379403161259,55.69347378148328
36,632,24.07,55.84879683960732
11,1283,24.07,55.55
114,823,24.241795100168545,55.9
637,250,24.3036453668844,55.71160674500672
547,90,24.175129255121604,55.9
343,101,24.07,55.9
939,16,24.07,55.55
263,749,24.35,55.55
485,1395,24.133955641618062,55.585168956799734
199,722,24.35,55.55
164,1132,24.270502369678468,55.880318774950965
571,101,24.07,55.9
434,632,24.07,55.9
83,130,24.35,55.694701737895564
895,1431,24.07,55.67197047347601
599,816,24.35,55.9
623,766,24.07,55.9
202,850,24.35,55.55
667,1057,24.07,55.55
513,148,24.35,55.77813153897728
515,685,24.07,55.65320966114221
162,1421,24.135381077188086,55.55
512,1207,24.35,55.9
154,554,24.35,55.55
858,1072,24.29317260550735,55.9
523,200,24.07,55.9
952,821,24.07,55.84688868346418
410,452,24.07,55.9
116,833,24.07,55.9
695,417,24.07,55.85737497883647
587,1491,24.35,55.55
29,1328,24.334629864642785,55.80178659513912
952,217,24.25138219101437,55.9
519,646,24.07,55.9
460,1073,24.07,55.71814770682152
924,564,24.109888983805632,55.55
483,766,24.07,55.9
173,1280,24.302990059767694,55.681845686786794
522,610,24.07,55.9
820,1264,24.35,55.55
592,1050,24.07,55.9
99,688,24.35,55.55760898973719
899,348,24.18205974560458,55.55
172,674,24.150877099972348,55.9
806,850,24.35,55.55
212,1181,24.35,55.9
246,993,24.300242710542044,55.607326858018446
83,1177,24.35,55.76946958601794
581,433,24.219275985063383,55.79511865213362
88,1264,24.35,55.55
270,1229,24.35,55.55
705,599,24.35,55.6556234656694
297,1494,24.25512577059471,55.83584516250795
483,1445,24.35,55.9
941,73,24.07,55.9
71,669,24.35,55.55
830,722,24.35,55.55
393,122,24.35,55.55
624,417,24.07,55.82088164376683
199,266,24.223790932568765,55.9
967,111,24.141919694120638,55.9
244,665,24.07,55.77512806947442
746,186,24.35,55.6011829554903
405,1311,24.35,55.9
926,84,24.218581526585318,55.9
341,1101,24.300979161361013,55.9
564,779,24.173933265339944,55.55132618200103
465,1146,24.297421136716906,55.87956495199066
521,903,24.07,55.55
178,678,24.35,55.567760329513945
725,72,24.349361183082394,55.9
263,1159,24.35,55.753980450358966
995,7,24.35,55.86788533384936
107,223,24.07,55.9
671,742,24.07,55.9
6,1323,24.126103544349267,55.55
355,265,24.35,55.78298270236498
76,481,24.35,55.55
306,88,24.35,55.9
154,1487,24.161954376306127,55.61231698225406
287,165,24.07,55.55
233,833,24.07,55.9
363,651,24.07,55.85800646010991
219,714,24.07,55.55
650,790,24.112717658460916,55.8255573749809
826,1335,24.10418707709263,55.56325475357298
332,20,24.35,55.9
328,333,24.097124981536176,55.9
996,723,24.35,55.59309793231668
713,310,24.111767947974243,55.897497019788815
257,519,24.35,55.55
713,132,24.07,55.9
425,1142,24.07,55.68386064336503
927,153,24.10665089445012,55.81005776706453
852,135,24.35,55.9
249,200,24.07,55.9
447,282,24.17328056047453,55.9
381,1389,24.07,55.603833046546185
812,1307,24.35,55.55
812,1491,24.35,55.55
799,245,24.07,55.55
742,1283,24.07,55.55
549,688,24.35,55.55
704,582,24.33577252064074,55.693431727539085
71,1256,24.181304906172947,55.55
142,1156,24.35,55.9
827,1096,24.35,55.9
532,1433,24.07,55.69775632732185
567,407,24.07,55.639396541081226
927,51,24.07,55.62822035545179
870,367,24.075484232592178,55.9
90,1415,24.35,55.798024627252545
935,606,24.07,55.63927194710516
378,381,24.07,55.55
117,749,24.324887226151723,55.55
907,582,24.35,55.66684751618693
138,714,24.07,55.55
594,1229,24.35,55.55
561,644,24.349342859380652,55.55
603,1057,24.07,55.55
704,371,24.193683796206233,55.9
621,275,24.07,55.79930022634711
418,959,24.35,55.667893788316874
311,639,24.07,55.9
77,1477,24.288314085317428,55.9
697,1272,24.07,55.55
420,1034,24.07,55.648379895138255
621,646,24.07,55.9
634,22,24.197312237385066,55.9
893,1474,24.35,55.55
899,903,24.07,55.55
521,481,24.35,55.55
219,1413,24.07,55.55
900,1096,24.35,55.9
390,108,24.35,55.67565855717822
251,416,24.35,55.55
175,1224,24.35,55.684376798367445
911,286,24.20507182156063,55.603740913975464
575,367,24.07,55.9
19,1124,24.07,55.9
112,1478,24.242538953519805,55.9
405,153,24.07,55.81480511037937
495,1306,24.35,55.63727587439259
863,677,24.174766303674538,55.9
393,1474,24.35,55.55
913,318,24.07,55.55
569,318,24.07,55.57081503627564
819,232,24.07,55.787228363371085
691,186,24.35,55.63336560599573
435,881,24.07,55.8015809218715
377,1394,24.07,55.75913936301319
747,353,24.35,55.9
120,72,24.35,55.9
283,624,24.35,55.63395151896498
573,582,24.280634114908388,55.67459007984833
171,917,24.07,55.55
212,544,24.07,55.849935312576015
289,1057,24.07,55.55
975,1144,24.15662733488801,55.55
281,408,24.237242197557293,55.9
629,766,24.07,55.9
623,485,24.341416090771485,55.74109243796602
352,396,24.248984790350157,55.64411096588448
228,1272,24.07,55.55
101,445,24.35,55.9
81,1014,24.07,55.64116720397255
90,639,24.07,55.84483939404407
738,682,24.07,55.55
502,1477,24.35,55.9
381,610,24.07,55.9
123,183,24.07,55.55
930,91,24.35,55.57770049398823
671,404,24.35,55.9
499,519,24.35,55.55
42,1158,24.35,55.7636130724393
512,659,24.25631456147299,55.790794091313394
219,416,24.35,55.55
247,816,24.35,55.9
906,1403,24.35,55.55
29,272,24.315283329460733,55.9
896,1322,24.35,55.55
506,1481,24.07,55.55
671,1307,24.35,55.55
94,293,24.240060706012194,55.9
896,932,24.07,55.619737492360336
360,758,24.35,55.55
232,25,24.207539737129373,55.86843741788796
483,73,24.07,55.9
355,481,24.35,55.55
130,511,24.35,55.8555043716642
219,971,24.22063668499738,55.710057532641194
634,644,24.35,55.55
11,1413,24.07,55.55
81,717,24.35,55.55
244,629,24.314023564001086,55.55
956,843,24.35,55.55
893,1146,24.2538752393641,55.9
924,1272,24.083466294567206,55.55
32,758,24.35,55.55
132,1150,24.147028849774607,55.9
18,1272,24.07,55.55
477,367,24.07,55.89716455946714
243,93,24.105996192220154,55.55
379,1098,24.244794126310335,55.55
628,122,24.35,55.55
332,1101,24.280651740221586,55.9
512,961,24.18245192533564,55.61454125600192
760,1193,24.35,55.55
544,367,24.07,55.9
47,519,24.35,55.55
355,240,24.35,55.87551669214061
971,224,24.113498849324483,55.77424690653443
971,1084,24.271891271458724,55.692326232921424
969,1411,24.095874406954568,55.59839812882064
519,1307,24.35,55.55
594,1007,24.24996181948671,55.55
523,742,24.07,55.9
413,16,24.07,55.55
485,1241,24.07,55.63858833296576
352,470,24.35,55.78554775027422
725,1409,24.28459433504231,55.9
715,714,24.07,55.55
996,280,24.07,55.55
286,483,24.300027992802534,55.9
868,652,24.07,55.55
138,1467,24.07,55.9
567,280,24.142986999391233,55.576264271997545
834,1189,24.07,55.61967477240834
838,641,24.07,55.64756227688378
25,1035,24.35,55.9
33,481,24.35,55.55
249,452,24.07,55.9
162,997,24.07,55.55
613,816,24.35,55.85288524176755
340,1085,24.157994554798893,55.80907330009884
624,1312,24.200934285397445,55.9
949,1319,24.35,55.63997875050858
924,160,24.07,55.87839169781955
287,487,24.24112252823273,55.55
690,481,24.35,55.55
664,130,24.298129353606335,55.70288438069524
379,132,24.07,55.80938210872164
241,868,24.35,55.55
714,1375,24.35,55.71542721531627
695,1075,24.35,55.9
890,445,24.35,55.9
895,1057,24.07,55.55
138,132,24.07,55.9
747,1037,24.35,55.7831745026305
820,717,24.35,55.55
454,1124,24.07,55.9
897,135,24.35,55.9
713,469,24.14070601283749,55.9
537,1481,24.07,55.571886056220414
471,255,24.07,55.9
164,1208,24.117246172837074,55.55
935,771,24.07,55.55
922,564,24.17391047111991,55.55
956,1272,24.07,55.55
740,554,24.35,55.55
916,367,24.07,55.9
683,335,24.07,55.87040145950529
410,372,24.288091530745962,55.9
485,245,24.136430854233637,55.55
478,1307,24.35,55.576225802471804
478,479,24.189064410064425,55.75132643275044
32,1156,24.35,55.9
48,232,24.07,55.792831191517635
905,1319,24.35,55.716298284904745
746,970,24.289236481471065,55.9
250,20,24.35,55.9
864,514,24.35,55.65321149994393
47,1307,24.35,55.55
356,1279,24.172421650353943,55.59338632798443
747,342,24.188203289617736,55.670164776066656
807,1477,24.35,55.9
395,200,24.07,55.9
286,1442,24.185892025545886,55.9
305,240,24.35,55.9
193,1000,24.35,55.78860808731207
858,816,24.35,55.9
178,519,24.35,55.55
153,72,24.35,55.9
95,1046,24.3251411535646,55.9
266,200,24.100960202876028,55.9
874,1175,24.07,55.85602952525416
325,1477,24.30749110539172,55.9
116,367,24.07,55.9
734,653,24.35,55.725191680407434
360,554,24.35,55.58432126464939
722,1301,24.35,55.556820321633154
425,223,24.07,55.9
654,758,24.35,55.55
900,755,24.22162410342195,55.9
575,452,24.07,55.9
502,763,24.181796626568236,55.9
116,1467,24.07,55.9
395,466,24.07,55.62784783645142
830,1163,24.211432177901848,55.55
497,183,24.07,55.55
389,135,24.35,55.9
465,88,24.35,55.9
684,1468,24.07,55.55
175,376,24.07,55.755571364971544
603,1264,24.35,55.55
906,1055,24.341658605083243,55.58655786548875
468,72,24.35,55.9
340,183,24.07,55.55
519,602,24.124828680342812,55.55
218,1264,24.35,55.55
19,1014,24.07,55.61073707563317
424,1283,24.07,55.55
502,73,24.07,55.9
170,714,24.07,55.55
431,816,24.35,55.9
271,1272,24.07,55.55
963,868,24.35,55.55
365,223,24.07,55.87108101312598
843,1009,24.191136349936006,55.55
104,484,24.07,55.639238582486826
538,367,24.07,55.9
502,7,24.35,55.9
353,646,24.07,55.9
901,72,24.35,55.9
76,758,24.35,55.55
623,984,24.35,55.86106970924634
405,1034,24.07,55.628268867878944
899,318,24.087759152736542,55.55
263,766,24.07,55.899500340267934
263,625,24.35,55.9
799,682,24.07,55.55
379,966,24.17102456351705,55.86645485413662
865,472,24.07,55.63150336973673
648,694,24.35,55.804140375833725
402,816,24.3159676465235,55.9
396,997,24.081472707755598,55.55
728,1236,24.245905371725943,55.73159182755595
222,1229,24.35,55.55
740,749,24.35,55.55
735,367,24.07,55.9
746,1125,24.17534239076894,55.752998207846076
354,91,24.33926770860842,55.64770649020456
245,1445,24.307219499565953,55.9
18,606,24.07,55.649438278430786
214,742,24.07,55.9
468,322,24.35,55.703150404838134
539,498,24.281806234917422,55.55
172,816,24.35,55.9
902,778,24.18009050273511,55.60408341671391
698,72,24.35,55.9
173,1468,24.07,55.55
907,1272,24.07,55.55
154,833,24.07,55.9
502,43,24.07,55.73838995464116
939,381,24.07,55.55
48,632,24.07,55.9
253,1248,24.07,55.717576220330315
270,1406,24.19191182989795,55.9
985,714,24.07,55.55
36,941,24.07,55.59094145169901
365,762,24.323258013485464,55.79029648041764
801,100,24.204338796643167,55.9
914,206,24.35,55.861758587129685
913,730,24.2620856688192,55.55
500,1269,24.35,55.73556398566181
348,147,24.30648727970557,55.9
868,417,24.07,55.89168246153066
15,1412,24.07,55.771721796894425
591,332,24.07,55.64374692218844
25,1311,24.35,55.9
245,912,24.35,55.9
123,892,24.07,55.605821690140914
465,240,24.35,55.9
424,183,24.07,55.55
125,816,24.35,55.9
209,322,24.35,55.713710560559626
819,639,24.07,55.9
175,1156,24.35,55.9
723,917,24.07,55.55
642,1230,24.094619893928126,55.55
748,366,24.07,55.62928163546586
289,714,24.07,55.55
513,200,24.07,55.9
235,1307,24.35,55.57363510597724
340,1403,24.35,55.55
995,1035,24.35,55.9
760,688,24.35,55.55
360,941,24.07,55.57383709182985
274,311,24.169236362055635,55.9
95,101,24.07,55.9
286,275,24.12209307979507,55.810565265911514
325,1075,24.35,55.9
491,355,24.07,55.6354285863883
298,1477,24.35,55.9
513,51,24.07,55.6264865916295
434,165,24.07,55.55
454,714,24.07,55.55
251,453,24.122054301100302,55.55
988,51,24.07,55.685389619966685
23,1035,24.35,55.9
151,770,24.35,55.8169494315807
232,670,24.106787381870944,55.8933430758987
725,88,24.35,55.9
780,1468,24.07,55.55637945976677
214,909,24.290376599135456,55.55
194,558,24.2328498688193,55.55
693,1211,24.35,55.9
943,1073,24.110609748858014,55.75472059856342
431,122,24.35,55.567579925911595
609,652,24.07,55.55
460,445,24.35,55.9
592,16,24.07,55.55456512452685
891,1194,24.162315298940367,55.88061255813068
23,850,24.35,55.55
132,315,24.173975362973586,55.9
446,1314,24.35,55.80971849679419
189,1207,24.35,55.9
969,682,24.07,55.55
725,1322,24.35,55.55
532,1327,24.11829924435361,55.9
589,670,24.092042154929857,55.9
485,739,24.217312618515482,55.55
698,132,24.07,55.9
617,421,24.132187788998465,55.9
838,345,24.172388741379514,55.55
281,1282,24.186207885307365,55.73991687013113
838,232,24.07,55.77048460607754
395,1486,24.118148471693736,55.55
235,165,24.115444165848096,55.55
695,742,24.07,55.9
452,753,24.127670636475813,55.9
287,997,24.07,55.55
249,1272,24.07,55.55
460,864,24.07,55.567682682563664
589,436,24.138514713289915,55.9
695,651,24.07,55.813215779362714
816,135,24.35,55.9
864,742,24.07,55.9
538,245,24.07,55.55
956,1043,24.07,55.800308168198654
512,280,24.14389925763009,55.55
634,1468,24.07,55.55
393,688,24.35,55.55
826,245,24.07,55.55
567,639,24.07,55.9
471,682,24.07,55.55
793,730,24.233216351801605,55.55
296,445,24.35,55.9
365,843,24.35,55.606263949857265
922,722,24.35,55.55
605,903,24.07,55.55
754,909,24.30905563217795,55.55
109,1445,24.35,55.9
516,749,24.35,55.55
339,984,24.35,55.788984740890136
902,766,24.07,55.9
147,1039,24.35,55.55449097265535
445,766,24.07,55.9
787,223,24.07,55.9
244,843,24.35,55.55
506,82,24.18378156588152,55.55
478,101,24.07,55.9
916,381,24.07,55.55
902,576,24.07,55.64710545036865
320,964,24.15606008716044,55.9
782,682,24.07,55.55
706,1067,24.091754042466924,55.9
306,770,24.35,55.788757865452304
157,132,24.07,55.9
895,1491,24.35,55.55
899,187,24.117013214467388,55.71522602120064
969,714,24.07,55.55
476,942,24.27923028699089,55.9
981,625,24.35,55.9
36,82,24.181886912751832,55.55
516,644,24.35,55.55
512,942,24.25833008398988,55.9
713,912,24.35,55.9
269,377,24.30058360384633,55.78771537902939
723,335,24.106247868951332,55.9
911,1400,24.1324638429537,55.55
387,1459,24.20104447481742,55.55
411,688,24.35,55.55
571,73,24.07,55.9
209,688,24.31920322673879,55.55
328,132,24.07,55.9
320,1474,24.35,55.609969793223975
902,245,24.07,55.55
589,781,24.07,55.601899693697106
927,1468,24.07,55.55
824,4,24.07,55.7251027960208
152,432,24.147005262986482,55.9
573,445,24.35,55.9
706,1431,24.09987081341439,55.678806921687965
320,78,24.35,55.66225321706172
922,912,24.35,55.9
998,1467,24.07,55.9
530,599,24.35,55.66206080154172
71,318,24.07,55.55159801016116
795,868,24.35,55.55
171,318,24.083884657741155,55.55
705,1491,24.35,55.55
816,1180,24.07,55.771649965267116
142,1317,24.35,55.72148612918316
701,1094,24.17571541088101,55.55
274,333,24.08699624628944,55.9
483,1124,24.07,55.9
969,1272,24.07,55.55
183,165,24.07,55.55
943,1445,24.35,55.9
526,837,24.07,55.69451534965851
241,1408,24.07,55.842674241357784
544,73,24.07,55.9
221,328,24.22952968013522,55.55
907,742,24.07,55.9
425,632,24.07,55.9
380,107,24.195986789601076,55.77734088205866
165,140,24.07,55.79676977819053
396,280,24.07,55.55
538,181,24.07,55.86497303570131
217,769,24.07,55.69210258146891
634,73,24.141697183710566,55.89459215986969
141,813,24.105057638786285,55.777455251220445
609,682,24.07,55.55
988,1272,24.07506299841886,55.55
270,101,24.07,55.9
109,260,24.15987662023176,55.567861344173856
863,959,24.35,55.724006637605996
683,625,24.35,55.9
715,917,24.07,55.55
848,1477,24.35,55.9
283,1163,24.20822725862187,55.58109382981444
715,1272,24.07,55.55
636,1491,24.35,55.55
671,307,24.222184087317,55.55
381,88,24.33140627656923,55.9
636,1481,24.071003473331995,55.55
421,255,24.083436648059692,55.9
331,1354,24.105881722037932,55.9
893,694,24.35,55.842036890314674
849,868,24.35,55.55
393,1193,24.35,55.55
970,245,24.07,55.55
300,73,24.07,55.883084631893404
343,223,24.07,55.9
142,1057,24.07,55.55
591,73,24.07,55.9
985,1491,24.35,55.55
222,195,24.083649778187315,55.55
45,714,24.07,55.55
218,70,24.07,55.9
365,1002,24.14815936418112,55.710344702733
435,132,24.07652302613706,55.9
396,795,24.07,55.69691430882446
992,1307,24.35,55.55
963,554,24.35,55.58833042972962
375,1310,24.34099426750129,55.77975688305486
381,682,24.07,55.55
219,639,24.07,55.9
11,848,24.07,55.77994261112378
455,575,24.35,55.83290308960457
698,816,24.35,55.9
734,1075,24.35,55.9
424,1468,24.07,55.55
844,1292,24.07,55.65954377301909
695,838,24.286974941403383,55.55
244,511,24.35,55.868072179474616
202,1484,24.35,55.77225793666487
274,1467,24.07,55.9
301,941,24.07,55.59947155921264
425,1477,24.35,55.9
178,1464,24.200645229003904,55.9
38,632,24.07,55.9
512,646,24.07,55.9
982,1322,24.35,55.55
736,917,24.07,55.55
260,1467,24.07,55.9
262,608,24.282230377783243,55.79262242728871
784,196,24.23662883319192,55.6762834283734
92,367,24.07,55.9
32,742,24.07,55.9
725,984,24.35,55.825985978367605
222,766,24.07,55.9
214,722,24.35,55.55
340,1035,24.35,55.9
808,72,24.35,55.9
130,367,24.07,55.9
696,317,24.227687058253682,55.57918764738103
241,484,24.07,55.65896870412306
284,690,24.29238932410898,55.55
640,1468,24.07,55.55
736,318,24.07,55.55
895,736,24.11343176058043,55.69427939139287
411,219,24.35,55.62426489370588
855,1328,24.35,55.78437142008996
390,16,24.07,55.59808981598529
481,678,24.35,55.592351948556214
76,92,24.164199460616747,55.55
539,652,24.07,55.55
430,1211,24.35,55.87131028889327
706,1372,24.160644514942472,55.79590266863503
734,1445,24.35,55.9
748,165,24.07,55.55
592,199,24.277174702487134,55.55
491,717,24.35,55.55
379,16,24.104653304913885,55.55
588,699,24.23680653703633,55.573965222527654
413,176,24.267346554017575,55.55
104,1279,24.172582815572696,55.55
359,353,24.35,55.9
348,1115,24.35,55.80871855635239
542,200,24.07,55.9
515,1450,24.212702320846272,55.713701196369286
933,542,24.07,55.59996982276222
199,632,24.07,55.9
865,98,24.29270354480465,55.9
58,682,24.07,55.55
249,393,24.276331178281275,55.87376837246288
629,1124,24.07,55.86812812868999
424,1230,24.166347426781602,55.55
632,1395,24.139726198787532,55.55
614,318,24.07,55.55
623,519,24.35,55.55
671,912,24.35,55.9
521,669,24.35,55.55
311,682,24.07,55.55836728655633
995,1080,24.228295515481573,55.9
495,688,24.35,55.55
851,79,24.07,55.68584156301079
848,20,24.3239908335315,55.9
542,445,24.35,55.9
179,602,24.134101043057676,55.5507090100217
827,1307,24.35,55.55
52,554,24.35,55.55
173,850,24.35,55.55
233,223,24.07,55.84953199033335
632,79,24.07,55.703843166710946
609,657,24.319527914737424,55.70186852281187
959,1213,24.12699919310882,55.723445055581614
359,632,24.07,55.9
222,452,24.07,55.9
555,367,24.07,55.87228837791107
783,816,24.35,55.9
232,372,24.26724970540935,55.892768672867675
158,954,24.14008291372074,55.9
522,529,24.243359960679467,55.58123733827578
87,1313,24.35,55.69111619225423
18,903,24.07,55.55
550,1124,24.095318861028982,55.9
147,868,24.35,55.55
251,1047,24.07,55.65308125922258
547,652,24.07,55.55
353,223,24.07332075779011,55.9
895,519,24.35,55.55
507,1403,24.35,55.58138578760154
728,766,24.07,55.9
5,1117,24.35,55.855710102182144
965,1287,24.35,55.68010538729656
235,1413,24.07,55.55
560,1124,24.07645932576809,55.9
18,456,24.07,55.792803625502586
420,1124,24.07,55.87373438680864
567,442,24.35,55.629137876048425
355,568,24.192884484201052,55.55
581,1293,24.125125720689898,55.9
868,452,24.07,55.9
123,204,24.07,55.75115540484119
33,1229,24.35,55.55
221,1368,24.07,55.64144518946356
16,771,24.07,55.55
733,1280,24.35,55.66177165791238
896,909,24.26807689871481,55.55
335,1024,24.236391121954664,55.651848960811996
722,193,24.35,55.61501589213074
933,101,24.07,55.886525781054715
992,975,24.306301135034527,55.72907201686842
269,353,24.35,55.9
500,1193,24.35,55.55
812,1468,24.07,55.55
377,1219,24.186543772541818,55.574490271856185
341,160,24.07,55.84374463666594
283,1264,24.35,55.55
529,917,24.07,55.55
170,122,24.34128606848845,55.62353844775212
477,682,24.07,55.62086076474314
435,70,24.07,55.9
940,973,24.12042085024485,55.55
437,1207,24.35,55.9
603,749,24.35,55.55
816,362,24.07,55.5967742916601
542,633,24.102682694039405,55.9
920,814,24.35,55.75245726580944
363,858,24.35,55.759932392409056
199,966,24.110452283227144,55.85255607730316
870,245,24.084201202683406,55.55
257,868,24.35,55.55
395,766,24.07,55.9
864,688,24.35,55.55
352,422,24.230093608527064,55.875829053217764
981,452,24.07,55.9
895,682,24.07,55.55
605,1071,24.07,55.84681045504056
648,135,24.35,55.9
116,1411,24.13908550618898,55.62548499138145
567,139,24.329339401639075,55.77973803202408
76,1474,24.35,55.55
68,758,24.35,55.60211688476924
784,81,24.194996588934107,55.9
556,72,24.35,55.9
339,96,24.35,55.736837005252504
807,1080,24.249894734171423,55.9
930,1433,24.07,55.64036515441292
664,255,24.07,55.9
455,912,24.35,55.9
350,564,24.097122725437814,55.55
561,742,24.07,55.9
350,833,24.07,55.87629303233038
361,1143,24.35,55.79637394809205
530,147,24.296610930653614,55.9
243,245,24.07,55.55
116,381,24.07,55.55
609,1409,24.269222170992492,55.9
273,86,24.217504064561954,55.9
843,1481,24.07,55.58144575350031
895,1314,24.337893145023884,55.836017017649674
571,833,24.07,55.9
489,1283,24.07,55.55
705,445,24.35,55.9
975,418,24.150065062471807,55.9
556,1445,24.35,55.9
142,447,24.211934459308953,55.55
760,758,24.35,55.59536841875478
354,636,24.230423799395602,55.71522624435005
434,1264,24.35,55.55
913,917,24.07,55.55
876,554,24.35,55.55
297,801,24.23863924827909,55.9
377,1312,24.143905709993366,55.89625495271661
615,498,24.303819364531154,55.55
282,16,24.07,55.554738819357105
80,445,24.35,55.9
239,504,24.121849860037425,55.866378863411725
506,183,24.07,55.55
693,1477,24.35,55.9
963,1279,24.196409697702613,55.55
437,1479,24.311947711373183,55.9
938,1229,24.35,55.55
354,1057,24.07,55.55
924,855,24.264878273662276,55.9
424,657,24.35,55.740087477153416
614,649,24.35,55.87463955393567
853,367,24.07,55.9
615,1311,24.35,55.9
176,1477,24.35,55.9
547,1189,24.07,55.64565041655804
95,1283,24.07,55.55
624,153,24.07,55.843666206947425
808,404,24.35,55.9
227,324,24.07,55.64648343426316
736,456,24.07,55.78102223881029
736,632,24.07,55.9
901,1445,24.35,55.9
201,899,24.269671625965543,55.63203623004707
922,1207,24.35,55.9
502,333,24.07,55.82888037883768
277,251,24.07,55.67778259035281
736,816,24.35,55.9
298,256,24.18159389755494,55.55
83,868,24.35,55.55
491,481,24.35,55.55
154,1184,24.07,55.704860561883955
303,1320,24.178439517873525,55.769671485732424
311,984,24.35,55.86156294919846
556,1280,24.35,55.632550383854586
126,1468,24.07,55.55
874,70,24.07,55.9
542,70,24.07,55.9
780,766,24.07,55.9
219,1050,24.07,55.9
87,1113,24.22040194338305,55.9
387,903,24.071633981406727,55.55
193,473,24.07,55.73386970868144
969,375,24.108571687717827,55.74563051910069
559,445,24.35,55.9
458,404,24.35,55.88838460855371
816,467,24.139967459951205,55.9
221,903,24.07,55.57277539156294
555,788,24.35,55.634237546995855
38,88,24.35,55.9
254,1014,24.07,55.597997774183476
235,392,24.35,55.75906838974953
325,501,24.140024692060674,55.9
154,20,24.35,55.9
713,135,24.35,55.9
847,245,24.142830029707937,55.55
683,445,24.35,55.9
853,542,24.07,55.579984071926525
305,1096,24.35,55.9
933,92,24.22413149106295,55.55
423,935,24.35,55.72302472791067
365,335,24.104269703644704,55.9
243,503,24.35,55.69642253208865
460,843,24.35,55.55
209,717,24.35,55.56879986779888
77,72,24.35,55.9
152,646,24.07,55.9
483,867,24.11274911199107,55.55
827,434,24.135904778206744,55.55
52,418,24.109025662148483,55.9
378,997,24.074990673069117,55.55
80,474,24.121306846075687,55.9
58,1054,24.278333118143095,55.55
610,103,24.07,55.686530927896236
99,1263,24.312922652537928,55.671975131716685
604,200,24.07,55.9
854,120,24.12725582842505,55.55
529,177,24.199150192778465,55.62725872034743
212,1031,24.312811835074935,55.56418237305286
592,1286,24.07,55.68131029536368
94,1155,24.169726218133103,55.79527472812398
703,101,24.07,55.9
38,1207,24.35,55.9
381,452,24.07,55.9
21,70,24.07,55.9
623,1037,24.35,55.70476805681651
664,458,24.312701498643175,55.9
782,1453,24.328813536441366,55.59444509124717
241,245,24.07,55.575139184525
297,1308,24.35,55.66461935087335
287,73,24.07,55.9
266,1311,24.35,55.9
925,255,24.07,55.9
165,592,24.14646997381275,55.880348900557884
623,1124,24.07,55.9
782,912,24.35,55.9
895,353,24.35,55.9
140,1481,24.07,55.55
624,833,24.07,55.9
941,125,24.146652323421034,55.9
390,1106,24.07,55.64161074456798
183,1128,24.31414079756968,55.9
996,1003,24.07,55.81179868186307
609,954,24.18501350690351,55.9
906,245,24.07,55.55
844,436,24.144040511317115,55.89726694914756
927,165,24.07,55.55
617,130,24.29885838564704,55.72625382698641
445,742,24.07,55.9
66,224,24.07,55.70822474218274
471,1229,24.35,55.55
29,883,24.35,55.65553434948953
241,119,24.12596341316998,55.773055848319046
19,554,24.35,55.55
20,350,24.34434642727833,55.73959905203219
38,1272,24.07,55.55
32,1124,24.07,55.88274890114767
477,1472,24.07,55.88903452056499
375,7,24.35,55.9
123,689,24.28221331629177,55.72414350457451
209,298,24.26966580154377,55.55
353,1096,24.35,55.9
311,101,24.07,55.9
542,607,24.275846480512982,55.73031277075701
959,766,24.111191452351537,55.89550320084419
539,771,24.07,55.55
985,1229,24.35,55.55
911,1094,24.186812824065672,55.55
902,652,24.07,55.55
941,1435,24.35,55.81299833253416
926,223,24.096336650259577,55.9
918,639,24.07,55.9
927,600,24.277123558297653,55.64779312083868
311,1416,24.35,55.646902732725
367,1193,24.35,55.55
808,183,24.07,55.55
530,186,24.35,55.64241195813995
277,783,24.153263625042374,55.9
863,942,24.32278593040821,55.9
926,1468,24.07,55.58779133885296
870,223,24.07,55.9
94,459,24.07,55.6897953753385
521,933,24.32439420634764,55.79213031312429
683,1211,24.35,55.9
526,1445,24.35,55.9
647,1057,24.07,55.55
581,1307,24.35,55.55
747,917,24.07,55.55
784,1181,24.35,55.9
515,1034,24.07,55.60419731019912
269,1075,24.35,55.9
301,1311,24.35,55.9
87,418,24.141769318546068,55.9
516,1319,24.35,55.71105267000653
462,1468,24.07,55.55
911,485,24.35,55.75780268845037
617,763,24.10224462425446,55.884961709883264
348,493,24.35,55.64343520923335
107,39,24.26437220737803,55.9
331,912,24.35,55.9
637,759,24.35,55.742964913929534
969,670,24.07,55.9
207,886,24.35,55.813535920427675
849,1292,24.07,55.632689769730376
425,1181,24.35,55.9
571,1322,24.35,55.59190099014384
896,205,24.272906823559907,55.60817499938465
884,200,24.07,55.9
434,1370,24.35,55.864785965830784
742,195,24.07,55.58467990843762
935,1180,24.07,55.81565736567911
179,1207,24.344309625295082,55.9
703,1122,24.100883916451732,55.60016490706742
202,54,24.28895747013364,55.55
249,445,24.35,55.9
485,749,24.35,55.55
985,688,24.35,55.55
956,366,24.07,55.59100783048798
988,670,24.12431208350069,55.9
698,670,24.07,55.9
363,1353,24.35,55.740764253404556
36,1474,24.35,55.55
701,749,24.35,55.55
114,1242,24.35,55.66757190100416
323,682,24.07,55.55
930,353,24.35,55.9
389,646,24.07,55.9
564,1477,24.270779311342302,55.9
478,632,24.07,55.9
512,1403,24.35,55.55
589,414,24.084044015312333,55.9
201,20,24.35,55.9
486,183,24.07,55.55
199,1124,24.07,55.9
895,368,24.07,55.72682462304345
463,1169,24.35,55.64990967030127
549,1098,24.244226978933405,55.55
560,163,24.243293006699286,55.9
435,868,24.35,55.581500314275516
221,378,24.230210784245127,55.72359010400296
417,1283,24.07,55.55
521,714,24.07,55.55
185,35,24.07,55.67258878579308
311,515,24.268288516128084,55.58969578211815
704,758,24.35,55.55
963,843,24.30638240421251,55.55
367,1211,24.337138090320412,55.9
522,1311,24.35,55.9
654,481,24.35,55.55
212,1417,24.35,55.67663503536074
537,122,24.35,55.55
232,1269,24.35,55.719052118483255
199,1467,24.07,55.9
154,990,24.35,55.56662726286335
806,652,24.090728327809565,55.55
503,1481,24.07,55.55
698,857,24.16659423948524,55.9
17,758,24.35,55.55
425,88,24.35,55.9
874,356,24.07,55.74482414392858
874,639,24.07,55.9
833,529,24.28218701641228,55.55
690,717,24.35,55.55
367,912,24.35,55.9
142,644,24.35,55.55
746,69,24.10226330781803,55.55
573,1207,24.35,55.9
838,404,24.35,55.9
478,1408,24.07,55.80915309250391
636,903,24.07,55.55
787,28,24.35,55.63851421637495
664,1423,24.35,55.879039557846035
890,1096,24.35,55.9
827,101,24.07,55.9
603,1229,24.35,55.55
305,148,24.35,55.776588868133
529,881,24.07,55.7501366729472
529,682,24.07,55.55
395,665,24.07,55.806883704423356
241,519,24.35,55.55
390,903,24.07,55.55
858,736,24.07,55.702601453107974
667,1413,24.07,55.55
497,576,24.07,55.648802403956374
870,742,24.07,55.85179049233966
233,228,24.07,55.71903356650022
891,101,24.126704832305496,55.9
350,1101,24.2771841854286,55.9
486,38,24.35,55.6650611348816
906,16,24.07,55.55
914,280,24.07,55.55
988,684,24.07,55.77304884009311
446,245,24.07,55.55
926,1413,24.07,55.55
19,1474,24.35,55.55
925,632,24.07,55.9
295,1283,24.07,55.55
719,132,24.07,55.9
924,445,24.35,55.9
114,1313,24.349665416691703,55.707277864337804
544,1181,24.35,55.9
352,682,24.07,55.57432325780172
76,139,24.29994990004322,55.81381729151968
640,1218,24.094704809403446,55.63611556463121
988,763,24.129412048513014,55.9
499,943,24.149786602398038,55.759074632912
628,280,24.07,55.55
591,1488,24.308320291049867,55.60961133366748
537,644,24.35,55.55
594,821,24.07,55.84397042326078
71,452,24.07,55.9
690,1219,24.196983316902433,55.55
856,40,24.35,55.76307343675914
713,838,24.238773152636735,55.55
2,832,24.200388900316675,55.55
16,832,24.168765379727713,55.55
778,200,24.07,55.852625776178826
265,363,24.214108109868064,55.55
66,649,24.35,55.9
265,898,24.07,55.6884527407774
389,771,24.07,55.554216161769254
696,417,24.07,55.82344068668949
154,1474,24.35,55.55
230,1319,24.35,55.684777567042886
418,281,24.27413231855456,55.9
569,481,24.35,55.55
575,481,24.35,55.556574933086054
171,513,24.07,55.65508449238463
613,404,24.35,55.9
748,569,24.209070291695348,55.69314545784556
56,850,24.35,55.55
833,644,24.35,55.55
911,766,24.07,55.9
956,1075,24.35,55.9
927,749,24.35,55.55
959,1096,24.35,55.9
819,162,24.099415483865616,55.55
628,714,24.07,55.55
287,646,24.07,55.9
404,1481,24.121092133257676,55.55
195,1235,24.139227132945184,55.9
184,492,24.07,55.63254948910327
995,499,24.07,55.80194172978928
609,722,24.35,55.55
38,1193,24.35,55.55
844,255,24.07,55.9
899,599,24.35,55.63709931370675
475,717,24.35,55.55
738,644,24.35,55.55
455,40,24.35,55.72818496267543
650,1481,24.07,55.55
848,1445,24.35,55.9
792,1445,24.35,55.9
858,55,24.26783584973243,55.71311446475403
971,552,24.225633443612285,55.55158922288477
895,1445,24.35,55.9
503,1310,24.35,55.76367658940122
998,1208,24.14446133582434,55.55
713,1264,24.35,55.55
852,554,24.35,55.55
679,255,24.07,55.9
481,1229,24.35,55.55
513,742,24.07,55.9
339,511,24.35,55.81802667629416
25,935,24.35,55.74038966171439
925,549,24.279300483183405,55.55
664,625,24.35,55.9
5,240,24.35,55.9
335,122,24.35,55.55
940,652,24.07,55.55
350,1189,24.07,55.68979834303421
982,868,24.35,55.55
697,554,24.35,55.55
521,917,24.07,55.55
899,541,24.07,55.87686458254216
923,7,24.35,55.89957423525318
952,1263,24.35,55.69549047690236
52,437,24.07,55.72658883874298
559,649,24.35,55.9
25,165,24.07,55.55
621,682,24.07,55.55
188,80,24.271093234728703,55.9
66,1306,24.35,55.64311083420125
475,789,24.35,55.723311650491006
270,73,24.07,55.9
87,571,24.07,55.767561386320786
661,652,24.07,55.55
714,843,24.35,55.55
253,367,24.07,55.9
556,749,24.35,55.55
930,1222,24.182841350310785,55.86012423692714
642,1491,24.345039246435675,55.55
125,1320,24.172060005788445,55.7724053528163
916,917,24.07,55.55
92,381,24.07,55.55379521097411
262,135,24.35,55.9
203,16,24.07,55.55
2,641,24.07,55.59888562102322
300,165,24.07,55.55
513,19,24.35,55.674129153722944
940,1020,24.294438780657238,55.55
212,722,24.35,55.55363128419723
132,1128,24.294859163924436,55.9
47,427,24.35,55.80187030353459
413,3,24.287527988469854,55.625872711858236
778,1124,24.07,55.9
787,1075,24.35,55.9
588,534,24.260122095725865,55.55
109,1270,24.318056011187192,55.832340263603
430,1349,24.220777456723262,55.80164402811353
944,1140,24.07,55.7848686680831
92,1292,24.07,55.60924392183732
56,511,24.35,55.837381016892664
819,906,24.35,55.817334039936036
714,160,24.07,55.830798408212
817,1322,24.35,55.55
420,255,24.07,55.9
147,337,24.07,55.779699103875
80,670,24.07,55.9
249,570,24.313311183412196,55.60311681682869
876,16,24.07,55.55
244,1484,24.35,55.74443343990478
142,646,24.07,55.9
68,1193,24.35,55.55
564,481,24.35,55.60732042010763
306,1174,24.230041252807343,55.74577328507646
178,722,24.35,55.55
778,625,24.35,55.9
284,1403,24.35,55.61439922322176
664,167,24.217147644935977,55.75940452691032
942,122,24.35,55.55
460,20,24.35,55.9
715,688,24.35,55.55
519,1468,24.07,55.57083191349393
935,632,24.07,55.9
302,275,24.07,55.7759190879716
933,669,24.35,55.55
241,318,24.07,55.55
617,23,24.194885429706883,55.55
110,240,24.35,55.9
332,189,24.35,55.64023853923165
849,997,24.07,55.55
827,673,24.07,55.69908030932163
420,137,24.226165402433335,55.9
636,1264,24.35,55.55
808,106,24.35,55.83469013188497
654,669,24.35,55.55
387,1407,24.199019588057016,55.84170227452464
888,652,24.07,55.55
556,1468,24.07,55.55
235,610,24.07,55.9
230,416,24.35,55.55
853,280,24.07,55.55
132,481,24.35,55.55
499,1035,24.327173727147738,55.9
830,557,24.26651778166208,55.55
15,223,24.07,55.9
138,670,24.07,55.9
636,771,24.071966601397353,55.55
538,359,24.134077358097894,55.688669797365094
249,670,24.07,55.9
516,1322,24.35,55.55
340,1207,24.35,55.9
495,917,24.07,55.55
573,1477,24.35,55.9
410,1458,24.07,55.75701896474003
853,362,24.07,55.6618927054007
361,1280,24.35,55.648917706647374
277,452,24.07,55.9
52,610,24.07,55.9
778,418,24.115335287118587,55.9
706,688,24.35,55.55
944,223,24.07,55.9
214,1403,24.347569722220733,55.55
560,353,24.35,55.9
734,886,24.35,55.81402918503067
125,519,24.35,55.55
101,240,24.325818444715722,55.9
468,989,24.21498097855962,55.55
969,1399,24.252112877274406,55.9
874,376,24.101355098559164,55.76193174184395
302,576,24.07,55.64777191341234
162,1129,24.07,55.619692631421294
153,1000,24.35,55.84429549185467
162,1283,24.075012711396962,55.55
411,481,24.35,55.55
341,816,24.35,55.9
902,464,24.074882351519044,55.65697427831524
623,1273,24.07,55.788136481901425
116,1468,24.07,55.55
335,732,24.3037452643527,55.55
454,941,24.07,55.631853249741766
463,280,24.07,55.55
298,376,24.07,55.83373864375149
851,1491,24.35,55.55
387,670,24.07,55.9
871,918,24.35,55.65938492991955
941,366,24.07,55.58141623065683
856,519,24.35,55.55
92,467,24.136182704928675,55.9
275,20,24.35,55.9
900,1283,24.07,55.58103595150353
834,1283,24.07,55.55
176,445,24.35,55.9
179,863,24.35,55.740580681511474
232,506,24.133816424484326,55.9
637,519,24.35,55.55
434,1069,24.35,55.65235071390761
610,92,24.16887624975918,55.55
834,1234,24.35,55.83189939549165
153,139,24.266974496481982,55.80484727863503
361,1050,24.07,55.9
634,122,24.35,55.55
642,710,24.257356781760937,55.9
695,1468,24.07,55.55
118,132,24.07,55.9
571,652,24.07,55.55
254,1403,24.35,55.55
693,816,24.35,55.9
123,730,24.229650866525343,55.55
742,1299,24.29894803100491,55.55
844,228,24.07,55.66344480579723
549,742,24.07,55.88114473292704
345,445,24.35,55.9
435,1306,24.35,55.62828805855784
450,1445,24.35,55.9
594,831,24.07,55.70788720386437
594,714,24.07,55.55
101,682,24.07,55.56144041083134
502,652,24.07,55.55162805263842
949,200,24.07,55.9
780,771,24.07,55.5569227898463
437,752,24.200833376741354,55.9
591,1310,24.35,55.79402934275638
273,541,24.07,55.867974108604386
500,670,24.07,55.9
760,1403,24.35,55.55
162,688,24.35,55.55
348,1307,24.35,55.55
244,759,24.35,55.73950498325736
355,256,24.17860019605514,55.55
719,771,24.07,55.55
201,646,24.07,55.9
154,1481,24.07,55.55
506,1020,24.263569489310143,55.55
567,670,24.07,55.9
455,1272,24.07,55.55
773,189,24.35,55.69144171829457
667,1442,24.15864511387417,55.9
754,644,24.35,55.55
943,135,24.35,55.9
16,16,24.07,55.5855492803092
736,73,24.07,55.9
506,174,24.256270257813966,55.55
858,88,24.35,55.9
793,567,24.07,55.676096873439434
913,24,24.162063034624016,55.55
684,245,24.07,55.55
589,7,24.35,55.9
512,298,24.267988828862347,55.55
704,752,24.25866654128301,55.9
287,367,24.07,55.9
539,1124,24.07,55.9
410,646,24.07,55.9
380,7,24.35,55.9
740,73,24.09972980519263,55.8727591090245
807,935,24.30722483534434,55.75881065003963
375,1055,24.33758681535716,55.55
654,1193,24.35,55.55
933,1322,24.35,55.55
830,649,24.35,55.84507973469009
141,849,24.29907323792913,55.9
477,1481,24.07,55.55
896,1429,24.35,55.66707216136595
486,145,24.35,55.73328910844353
949,1156,24.35,55.9
254,984,24.35,55.845351217246666
476,409,24.198362094449752,55.9
196,1475,24.145085149392607,55.79525145871138
963,1445,24.35,55.9
982,833,24.07,55.80822923836849
713,1332,24.16497107565375,55.692649264188645
476,766,24.07,55.9
982,280,24.13580901929351,55.55
164,682,24.07,55.55
222,237,24.313164102880265,55.765297243742005
345,1399,24.226251092359522,55.9
740,452,24.07,55.9
485,554,24.35,55.55
395,1413,24.07,55.55
295,886,24.322708930297065,55.7628864214809
42,1189,24.07,55.628289436352816
94,16,24.07,55.55
856,1307,24.35,55.55
523,288,24.35,55.67720824482939
393,649,24.35,55.87315830096806
738,638,24.07,55.581081284460325
854,843,24.35,55.55
282,941,24.07,55.612215197883195
232,200,24.07,55.9
506,827,24.157480377262438,55.55
615,1116,24.12671301382672,55.81049086475788
754,850,24.35,55.56027626853702
519,1173,24.27812962325053,55.55
178,742,24.07,55.9
328,1467,24.07,55.9
933,122,24.35,55.55
236,367,24.07,55.9
956,20,24.35,55.9
933,1185,24.31210105803866,55.55
111,20,24.35,55.9
298,558,24.233604160624246,55.55
560,255,24.07,55.9
996,1152,24.07,55.645185049389546
189,924,24.09219205913579,55.63607504136534
343,649,24.35,55.9
6,749,24.35,55.55
725,554,24.35,55.55
939,1229,24.35,55.55
839,966,24.180007283318073,55.9
538,1124,24.07,55.9
852,638,24.08901761831979,55.60572878536529
899,1114,24.07,55.79512627155293
341,1479,24.273316479617453,55.9
506,193,24.35,55.5915580274595
184,748,24.35,55.68884678300961
76,714,24.07,55.55
239,1050,24.07,55.9
532,10,24.07,55.82075279291927
458,111,24.10781855474705,55.9
424,353,24.35,55.9
32,240,24.35,55.9
413,623,24.07,55.81762973503089
705,367,24.07,55.9
178,829,24.15023862622789,55.84100469377314
296,73,24.07,55.9
153,722,24.35,55.55
486,1445,24.35,55.9
239,1207,24.35,55.9
311,770,24.35,55.84289490130686
117,528,24.30407670655854,55.9
567,725,24.35,55.60407639689092
697,1262,24.32603366911561,55.65473192821984
76,1242,24.35,55.61631159854891
477,610,24.07,55.9
269,1018,24.16702456335802,55.7555440726364
244,599,24.35,55.65225487345826
806,638,24.07,55.5724386305404
417,1368,24.07,55.65976520916533
561,73,24.07,55.9
575,1264,24.35,55.55
193,739,24.231574752736964,55.55
331,1255,24.35,55.733162527280484
254,625,24.35,55.9
38,404,24.35,55.9
162,280,24.07,55.55
916,142,24.07,55.796370271968655
992,722,24.35,55.6244203162926
253,135,24.35,55.9
184,1101,24.30099043973432,55.9
667,816,24.35,55.9
81,18,24.12592893068024,55.69571627970021
153,850,24.35,55.55
985,850,24.35,55.55
706,670,24.07,55.9
471,280,24.07,55.55
263,503,24.35,55.763106791591575
141,1189,24.07,55.625292054392105
684,924,24.07,55.59667418466852
901,233,24.133358411464997,55.88692205794944
787,204,24.07,55.741762645120694
632,1050,24.07,55.9
95,1413,24.07,55.55
544,445,24.35,55.9
287,1057,24.07,55.55
221,554,24.35,55.55
11,1041,24.07,55.778368099247004
547,868,24.35,55.55
854,717,24.35,55.55
783,1046,24.26479693121152,55.86089689519968
949,1181,24.35,55.9
94,769,24.07,55.714842741549994
868,624,24.35,55.59893275937618
307,1322,24.35,55.55
701,557,24.296230750499035,55.55
838,1181,24.35,55.9
936,1207,24.35,55.9
218,255,24.07,55.9
239,912,24.343989066963932,55.9
71,583,24.129664666435282,55.9
782,1003,24.07,55.886503100121196
922,1124,24.07,55.9
978,763,24.180601395483762,55.9
671,843,24.35,55.55
760,722,24.35,55.55
603,690,24.3010315365442,55.55
361,617,24.29415148165819,55.9
194,1330,24.07,55.82867935322567
286,1057,24.07,55.55
303,73,24.07,55.9
561,639,24.07,55.9
263,1035,24.35,55.9
123,519,24.35,55.55
92,1211,24.35,55.9
876,280,24.07,55.55
587,1272,24.074885744915008,55.55
340,452,24.07,55.9
975,367,24.12444928711345,55.9
109,1211,24.35,55.9
99,574,24.291550603836722,55.62816356071986
379,665,24.07,55.80048978440839
773,625,24.35,55.9
140,606,24.07,55.62840379345903
526,625,24.35,55.9
99,519,24.35,55.55
560,610,24.07,55.9
460,70,24.07,55.9
695,362,24.07,55.61080853545559
906,1057,24.07,55.55
307,938,24.35,55.5990944154998
914,711,24.07,55.68478601435156
684,868,24.35,55.55
890,1075,24.35,55.9
58,704,24.23102909629895,55.55
201,1207,24.35,55.9
88,7,24.35,55.9
844,1272,24.07,55.55
158,1075,24.35,55.9
365,400,24.07,55.8692765218931
640,917,24.07,55.55
92,84,24.232935854216265,55.9
690,1096,24.35,55.9
696,1359,24.319877411084843,55.9
911,1050,24.07,55.9
114,88,24.35,55.9
359,318,24.07,55.55
302,610,24.07,55.9
581,519,24.3371084436948,55.55
202,1272,24.07,55.55
257,1229,24.35,55.55
199,649,24.35,55.9
179,138,24.35,55.78586789927165
564,90,24.154390062914267,55.89755486850038
567,519,24.35,55.55
253,1101,24.345460111573903,55.9
173,1035,24.35,55.9
816,223,24.07,55.9
573,1156,24.35,55.9
6,722,24.35,55.55
421,717,24.35,55.55
523,639,24.07,55.9
550,649,24.31607469625637,55.9
876,877,24.07,55.8124531838159
421,1398,24.309475305721975,55.636408247827056
679,646,24.07,55.9
969,313,24.35,55.55
260,561,24.07,55.66383970142005
985,402,24.196234810200654,55.55
176,717,24.35,55.55
719,644,24.3293809866665,55.55
247,407,24.07,55.66214660992553
287,917,24.07,55.55
255,625,24.35,55.89691432955098
855,1054,24.297760244556954,55.55
189,646,24.07,55.9
530,255,24.07,55.9
282,1071,24.07,55.81991137063446
654,416,24.35,55.55
936,1445,24.35,55.9
569,843,24.35,55.55
697,344,24.34069177393177,55.67284043315366
111,1031,24.35,55.595619785489696
241,644,24.35,55.55
201,1124,24.07,55.9
423,171,24.104654363968233,55.55
287,886,24.35,55.803205792829246
526,20,24.35,55.9
232,101,24.07,55.9
990,868,24.35,55.55
848,206,24.35,55.8300476878299
523,1184,24.07,55.730961801506844
352,771,24.07,55.55
303,1086,24.07,55.76372622003664
212,193,24.35,55.61295930529493
506,1096,24.35,55.9
515,632,24.07,55.9
405,632,24.07,55.9
111,73,24.07,55.9
748,1181,24.32650159398986,55.9
227,610,24.07,55.883230730792945
2,714,24.07,55.55
679,670,24.07,55.9
265,907,24.35,55.71896144498815
637,574,24.35,55.61233284165715
468,356,24.07,55.73539946543758
114,427,24.35,55.80307071461938
573,7,24.35,55.9
328,1311,24.299210059959194,55.9
696,73,24.07,55.9
76,605,24.07,55.63940876411894
571,185,24.250719794962862,55.661060560135304
847,646,24.07,55.9
613,544,24.093421702329657,55.9
592,327,24.35,55.65223189204033
900,333,24.07958651177681,55.9
930,903,24.07,55.55
400,632,24.07,55.9
241,92,24.200092149290963,55.55
634,1403,24.35,55.55
773,186,24.35,55.61600891282266
966,1080,24.18741031649465,55.9
277,816,24.35,55.9
844,766,24.07,55.9
274,680,24.33551840205837,55.72608023281841
756,833,24.07,55.9
555,1415,24.35,55.72454404970362
325,1115,24.35,55.793834921215804
